-- phpMyAdmin SQL Dump
-- version 5.0.4
-- https://www.phpmyadmin.net/
--
-- Servidor: 127.0.0.1
-- Tiempo de generación: 14-07-2021 a las 07:50:57
-- Versión del servidor: 10.4.17-MariaDB
-- Versión de PHP: 7.4.15

SET SQL_MODE = "NO_AUTO_VALUE_ON_ZERO";
START TRANSACTION;
SET time_zone = "+00:00";


/*!40101 SET @OLD_CHARACTER_SET_CLIENT=@@CHARACTER_SET_CLIENT */;
/*!40101 SET @OLD_CHARACTER_SET_RESULTS=@@CHARACTER_SET_RESULTS */;
/*!40101 SET @OLD_COLLATION_CONNECTION=@@COLLATION_CONNECTION */;
/*!40101 SET NAMES utf8mb4 */;

--
-- Base de datos: `compra_ventas`
--

-- --------------------------------------------------------

--
-- Estructura de tabla para la tabla `auth`
--

CREATE TABLE `auth` (
  `codigo_usuario` varchar(50) NOT NULL,
  `nombre` varchar(50) NOT NULL,
  `apellido` varchar(50) NOT NULL,
  `usuario` varchar(50) NOT NULL,
  `password` varchar(50) NOT NULL,
  `rol` varchar(50) NOT NULL,
  `fecha_r` timestamp NOT NULL DEFAULT current_timestamp() ON UPDATE current_timestamp(),
  `fecha_e` datetime NOT NULL,
  `fecha_a` datetime NOT NULL,
  `estado` bit(1) NOT NULL DEFAULT b'1'
) ENGINE=InnoDB DEFAULT CHARSET=utf8mb4;

--
-- Volcado de datos para la tabla `auth`
--

INSERT INTO `auth` (`codigo_usuario`, `nombre`, `apellido`, `usuario`, `password`, `rol`, `fecha_r`, `fecha_e`, `fecha_a`, `estado`) VALUES
('220ed213fa43bd2805d365990a72de26', 'Tomas', 'Llavero', 'tomas', 'e10adc3949ba59abbe56e057f20f883e', 'c81e728d9d4c2f636f067f89cc14862c', '2021-07-05 00:11:38', '2021-07-04 18:11:38', '0000-00-00 00:00:00', b'0'),
('6db9e08e4295925697af15059da4e995', 'Santiago', 'Chitic', 'santiago', 'e10adc3949ba59abbe56e057f20f883e', 'c4ca4238a0b923820dcc509a6f75849b', '2021-06-13 15:34:32', '0000-00-00 00:00:00', '0000-00-00 00:00:00', b'1'),
('76cc0d76bec6a6e8233202afc8bdb688', 'Tomas', 'velazco', 'tomas', 'e10adc3949ba59abbe56e057f20f883e', 'c81e728d9d4c2f636f067f89cc14862c', '2021-07-05 00:12:08', '0000-00-00 00:00:00', '0000-00-00 00:00:00', b'1'),
('c4ca4238a0b923820dcc509a6f75849b', 'Isaac', 'Martinez', 'IEMO', 'c4ca4238a0b923820dcc509a6f75849b', '0b28a5799a32c687dad2c5183718ceac', '2021-06-15 15:56:58', '0000-00-00 00:00:00', '0000-00-00 00:00:00', b'1'),
('e4a64c8eb9fb6c471afd8b96425dda3d', 'Eder', 'Marroquin', 'DEOMA', 'e10adc3949ba59abbe56e057f20f883e', 'c81e728d9d4c2f636f067f89cc14862c', '2021-07-05 00:11:35', '2021-07-04 18:11:35', '0000-00-00 00:00:00', b'0'),
('fac9173ebc681c18e432158195adb3b4', 'Junior ', 'Chitic', 'junior', 'e10adc3949ba59abbe56e057f20f883e', 'c4ca4238a0b923820dcc509a6f75849b', '2021-07-04 14:05:40', '0000-00-00 00:00:00', '0000-00-00 00:00:00', b'1');

-- --------------------------------------------------------

--
-- Estructura de tabla para la tabla `categoria`
--

CREATE TABLE `categoria` (
  `codigo_categoria` varchar(50) NOT NULL,
  `codigo` varchar(50) NOT NULL,
  `categoria` varchar(50) NOT NULL,
  `descripcion` varchar(50) NOT NULL,
  `u_registro` varchar(50) NOT NULL,
  `f_registro` timestamp NOT NULL DEFAULT current_timestamp() ON UPDATE current_timestamp(),
  `u_actualizacion` varchar(50) NOT NULL,
  `f_actializacion` datetime NOT NULL,
  `u_eliminacion` varchar(50) NOT NULL,
  `f_eliminacion` datetime NOT NULL,
  `estado` bit(1) NOT NULL DEFAULT b'1'
) ENGINE=InnoDB DEFAULT CHARSET=utf8mb4;

--
-- Volcado de datos para la tabla `categoria`
--

INSERT INTO `categoria` (`codigo_categoria`, `codigo`, `categoria`, `descripcion`, `u_registro`, `f_registro`, `u_actualizacion`, `f_actializacion`, `u_eliminacion`, `f_eliminacion`, `estado`) VALUES
('19bb69682d8926804e2a4606a6c39e9d', 'CA-CQXK', 'ASDASD', 'asd', 'c4ca4238a0b923820dcc509a6f75849b', '2021-06-27 16:56:26', '', '0000-00-00 00:00:00', 'c4ca4238a0b923820dcc509a6f75849b', '2021-06-27 10:56:26', b'0'),
('1b1cdc60f93ec92ea31edec58db12129', 'CA-ANMS', 'PRUEBA 1', '', 'c4ca4238a0b923820dcc509a6f75849b', '2021-06-15 21:49:54', '', '0000-00-00 00:00:00', 'c4ca4238a0b923820dcc509a6f75849b', '2021-06-15 15:49:54', b'0'),
('1be3842ece0b6fbab575bc32ea7737f5', 'CA-BTHU', 'FERTILIZANTES', '', '6db9e08e4295925697af15059da4e995', '2021-06-13 17:32:41', '', '0000-00-00 00:00:00', '', '0000-00-00 00:00:00', b'1'),
('baa661154ee9582abf982570b201298e', 'CA-VUKO', 'CONCENTRADOS', '\r\n', '6db9e08e4295925697af15059da4e995', '2021-06-13 17:37:18', '', '0000-00-00 00:00:00', '', '0000-00-00 00:00:00', b'1'),
('d583ed2bf0381b082922ec1b7f6abf70', 'CA-HJRO', 'AGROQUIMICOS', '', '6db9e08e4295925697af15059da4e995', '2021-06-13 17:17:57', '', '0000-00-00 00:00:00', '', '0000-00-00 00:00:00', b'1'),
('fb85aee11e7190e586d2422f24a604e6', 'CA-TJFC', 'PEPSI COLA', '', '6db9e08e4295925697af15059da4e995', '2021-07-04 21:23:38', 'fac9173ebc681c18e432158195adb3b4', '2021-07-04 15:23:38', '', '0000-00-00 00:00:00', b'1');

-- --------------------------------------------------------

--
-- Estructura de tabla para la tabla `cliente`
--

CREATE TABLE `cliente` (
  `codigo_cliente` varchar(50) NOT NULL,
  `nombre` varchar(50) NOT NULL,
  `telefono` varchar(50) NOT NULL,
  `u_registro` varchar(50) NOT NULL,
  `f_registro` timestamp NOT NULL DEFAULT current_timestamp() ON UPDATE current_timestamp(),
  `u_actualizacion` varchar(50) NOT NULL,
  `f_actualizacion` datetime NOT NULL,
  `u_eliminacion` varchar(50) NOT NULL,
  `f_eliminacion` datetime NOT NULL,
  `estado` bit(1) NOT NULL DEFAULT b'1'
) ENGINE=InnoDB DEFAULT CHARSET=utf8mb4;

-- --------------------------------------------------------

--
-- Estructura de tabla para la tabla `compras`
--

CREATE TABLE `compras` (
  `codigo_compra` varchar(50) NOT NULL,
  `codigo_proveedor` varchar(50) NOT NULL,
  `codigo_categoria` varchar(50) NOT NULL,
  `codigo_producto` varchar(50) NOT NULL,
  `codigo_presentacion` varchar(50) NOT NULL,
  `stock` int(11) NOT NULL,
  `precio_compra` int(11) NOT NULL,
  `precio_venta` int(11) NOT NULL,
  `utilidad` int(11) NOT NULL,
  `descripcion` text NOT NULL,
  `u_registro` varchar(50) NOT NULL,
  `f_registro` timestamp NOT NULL DEFAULT current_timestamp() ON UPDATE current_timestamp(),
  `u_actualizacion` varchar(50) NOT NULL,
  `f_actualizacion` datetime NOT NULL,
  `u_eliminacion` varchar(50) NOT NULL,
  `f_eliminacion` datetime NOT NULL,
  `estado` bit(1) NOT NULL DEFAULT b'1'
) ENGINE=InnoDB DEFAULT CHARSET=utf8mb4;

-- --------------------------------------------------------

--
-- Estructura de tabla para la tabla `corte`
--

CREATE TABLE `corte` (
  `codigo_corte` varchar(50) NOT NULL,
  `codigo_usuario` varchar(50) NOT NULL,
  `fecha_inicio` date NOT NULL,
  `fecha_fin` date NOT NULL,
  `estado` bit(1) NOT NULL DEFAULT b'1'
) ENGINE=InnoDB DEFAULT CHARSET=utf8mb4;

--
-- Volcado de datos para la tabla `corte`
--

INSERT INTO `corte` (`codigo_corte`, `codigo_usuario`, `fecha_inicio`, `fecha_fin`, `estado`) VALUES
('c4ca4238a0b923820dcc509a6f75849b', 'c4ca4238a0b923820dcc509a6f75849b', '2021-07-03', '2021-07-03', b'1');

-- --------------------------------------------------------

--
-- Estructura de tabla para la tabla `detalle_factura`
--

CREATE TABLE `detalle_factura` (
  `codigo_detalle` varchar(50) NOT NULL,
  `codigo_factura` varchar(50) NOT NULL,
  `codigo_usuario` varchar(50) NOT NULL,
  `codigo_categoria` varchar(50) NOT NULL,
  `codigo_producto` varchar(50) NOT NULL,
  `tipo` int(1) DEFAULT NULL,
  `cantidad` double(10,2) NOT NULL DEFAULT 0.00,
  `precio` double(10,2) NOT NULL DEFAULT 0.00,
  `descuento` double(10,2) NOT NULL DEFAULT 0.00,
  `general` double(10,2) NOT NULL DEFAULT 0.00,
  `subtotal` double(10,2) NOT NULL DEFAULT 0.00,
  `estado` int(1) NOT NULL DEFAULT 0,
  `hora` timestamp NOT NULL DEFAULT current_timestamp() ON UPDATE current_timestamp(),
  `fecha` date NOT NULL DEFAULT curdate()
) ENGINE=InnoDB DEFAULT CHARSET=utf8mb4;

--
-- Volcado de datos para la tabla `detalle_factura`
--

INSERT INTO `detalle_factura` (`codigo_detalle`, `codigo_factura`, `codigo_usuario`, `codigo_categoria`, `codigo_producto`, `tipo`, `cantidad`, `precio`, `descuento`, `general`, `subtotal`, `estado`, `hora`, `fecha`) VALUES
('e2152b1d491cdf360bfa35fadd88d5af', '6bf49b04f37fa6a96ad019cd7593b43b', 'c4ca4238a0b923820dcc509a6f75849b', 'fb85aee11e7190e586d2422f24a604e6', '532cc0b3709ba52694d3694272370552', 0, 1.00, 30.00, 0.00, 0.00, 0.00, 0, '2021-07-05 00:17:44', '2021-07-04'),
('f0537ba60bc9840f3af4941621c8d2a4', '78c6a405a8075caa4e300d4b795f2e9e', '76cc0d76bec6a6e8233202afc8bdb688', 'fb85aee11e7190e586d2422f24a604e6', 'd7578c13b1ac91dc2d1379821f9e4fb1', 0, 1.00, 74.00, 0.00, 0.00, 74.00, 0, '2021-07-05 01:32:07', '2021-07-04'),
('100a71a44ffc49ca3947fed201abb748', '78c6a405a8075caa4e300d4b795f2e9e', '76cc0d76bec6a6e8233202afc8bdb688', 'fb85aee11e7190e586d2422f24a604e6', '83d548b152a44995e5a4d878d73428a0', 0, 2.00, 68.00, 0.00, 0.00, 136.00, 0, '2021-07-05 01:32:07', '2021-07-04'),
('9363c37e37222e0fb59b1b31a3b31088', 'fc94583a4b14b29f729dc58bc80e3c29', '76cc0d76bec6a6e8233202afc8bdb688', 'baa661154ee9582abf982570b201298e', 'aadaf2a8d94910303379f27062699c87', 0, 1.00, 145.00, 0.00, 0.00, 145.00, 1, '2021-07-14 05:18:56', '2021-07-04'),
('ac4e3eeebff8e09d76e1c4f2b836a048', 'fc94583a4b14b29f729dc58bc80e3c29', '76cc0d76bec6a6e8233202afc8bdb688', 'baa661154ee9582abf982570b201298e', '6fe4b69479dfa8c6c3b56da53059d8bb', 0, 1.00, 220.00, 0.00, 0.00, 220.00, 1, '2021-07-14 05:18:56', '2021-07-04'),
('0409df4d460469f0fe9c4abe20b344c8', '', '76cc0d76bec6a6e8233202afc8bdb688', 'baa661154ee9582abf982570b201298e', '796530e91c2c51ae39014a1a4b504db4', 0, 1.00, 70.00, 0.00, 0.00, 70.00, 6, '2021-07-14 05:42:22', '2021-07-04'),
('b287f14bd059bd8dfbf71be661220154', 'fc94583a4b14b29f729dc58bc80e3c29', '76cc0d76bec6a6e8233202afc8bdb688', 'baa661154ee9582abf982570b201298e', '796530e91c2c51ae39014a1a4b504db4', 0, 2.00, 70.00, 0.00, 0.00, 140.00, 1, '2021-07-14 05:18:56', '2021-07-04'),
('229c982eb7787c0581551368b23dc107', '', '76cc0d76bec6a6e8233202afc8bdb688', '1be3842ece0b6fbab575bc32ea7737f5', 'a67b03b27e99c47e07fb77f422c916af', 0, 5.00, 117.00, 0.00, 0.00, 585.00, 6, '2021-07-14 05:42:22', '2021-07-04'),
('cede42165dc3cafa824776a4727c82a6', '', '76cc0d76bec6a6e8233202afc8bdb688', 'baa661154ee9582abf982570b201298e', '7bdc3282923e1d6c0d49fb3ffa19264c', 1, 25.00, 2.50, 0.00, 0.00, 62.50, 6, '2021-07-14 05:42:22', '2021-07-04'),
('519f78fcd74c43ba87e2fb662bd0f1cb', '', '76cc0d76bec6a6e8233202afc8bdb688', 'baa661154ee9582abf982570b201298e', '7bdc3282923e1d6c0d49fb3ffa19264c', 1, 25.00, 2.50, 2.50, 62.50, 62.50, 6, '2021-07-14 05:42:22', '2021-07-04'),
('5d35119f59c1274fbadf368a2d350a23', '', '76cc0d76bec6a6e8233202afc8bdb688', 'baa661154ee9582abf982570b201298e', '7bdc3282923e1d6c0d49fb3ffa19264c', 1, 25.00, 2.50, 3.00, 75.00, 62.50, 6, '2021-07-14 05:42:22', '2021-07-04'),
('28b97ba155556142ca5e8d8b13060028', '6caf9b5d550b6d48cb7247a9d7484322', '76cc0d76bec6a6e8233202afc8bdb688', 'baa661154ee9582abf982570b201298e', '7bdc3282923e1d6c0d49fb3ffa19264c', 1, 25.00, 2.50, 2.50, 62.50, 62.50, 0, '2021-07-05 02:06:39', '2021-07-04'),
('3096a4f8c43b974eb6d9c5a684c20433', '6caf9b5d550b6d48cb7247a9d7484322', '76cc0d76bec6a6e8233202afc8bdb688', '1be3842ece0b6fbab575bc32ea7737f5', 'a67b03b27e99c47e07fb77f422c916af', 0, 5.00, 117.00, 0.00, 0.00, 585.00, 0, '2021-07-05 02:06:39', '2021-07-04'),
('e6d86f65892aabec1e7958fd5749154f', '6caf9b5d550b6d48cb7247a9d7484322', '76cc0d76bec6a6e8233202afc8bdb688', 'baa661154ee9582abf982570b201298e', 'b2c1e320c81b54537a6270488e335e1c', 0, 1.00, 90.00, 0.00, 0.00, 90.00, 0, '2021-07-05 02:06:39', '2021-07-04'),
('c869d9018adba287aaacf92731187517', '6caf9b5d550b6d48cb7247a9d7484322', '76cc0d76bec6a6e8233202afc8bdb688', 'baa661154ee9582abf982570b201298e', '4be27f694c872972dce6813f3d30498a', 0, 1.00, 135.00, 0.00, 0.00, 135.00, 0, '2021-07-05 02:06:39', '2021-07-04'),
('70cd04fc4c5ccd45bf4c933f395de65c', '6caf9b5d550b6d48cb7247a9d7484322', '76cc0d76bec6a6e8233202afc8bdb688', 'baa661154ee9582abf982570b201298e', 'ec6d2557a790bf623c2b9c32e0291a62', 0, 1.00, 175.00, 0.00, 0.00, 175.00, 0, '2021-07-05 02:06:39', '2021-07-04'),
('442af5dd63eb2ae7d3a3fd46bd8c8c87', '6caf9b5d550b6d48cb7247a9d7484322', '76cc0d76bec6a6e8233202afc8bdb688', '1be3842ece0b6fbab575bc32ea7737f5', '33b678e54aa9d52369452ee5719e4142', 0, 2.00, 153.00, 0.00, 0.00, 306.00, 0, '2021-07-05 02:06:39', '2021-07-04'),
('bc73a4bfa02c3e50250aa159fa584a8f', '6caf9b5d550b6d48cb7247a9d7484322', '76cc0d76bec6a6e8233202afc8bdb688', '1be3842ece0b6fbab575bc32ea7737f5', '8fd0c3ba6c8b0e7280855a9bc4289f43', 0, 1.00, 217.00, 0.00, 0.00, 217.00, 0, '2021-07-05 02:06:39', '2021-07-04'),
('3a9dba1ff2f5016410f8a5e5b23c9c0f', '6caf9b5d550b6d48cb7247a9d7484322', '76cc0d76bec6a6e8233202afc8bdb688', 'baa661154ee9582abf982570b201298e', '7bdc3282923e1d6c0d49fb3ffa19264c', 0, 1.00, 223.00, 0.00, 0.00, 223.00, 0, '2021-07-05 02:06:39', '2021-07-04'),
('8f5d90cc82e99d9cde4f41989fc232ed', '6caf9b5d550b6d48cb7247a9d7484322', '76cc0d76bec6a6e8233202afc8bdb688', 'd583ed2bf0381b082922ec1b7f6abf70', '8be20f4f18f92c2dda918ef4daa95ea8', 0, 1.00, 50.00, 0.00, 0.00, 50.00, 0, '2021-07-05 02:06:39', '2021-07-04'),
('e69a231af8ad22ba0228356627a69a33', '6caf9b5d550b6d48cb7247a9d7484322', '76cc0d76bec6a6e8233202afc8bdb688', 'baa661154ee9582abf982570b201298e', 'd5e3c3ca2fa1af39e184906818d7dab0', 1, 10.00, 2.50, 0.00, 0.00, 25.00, 0, '2021-07-05 02:06:39', '2021-07-04'),
('fa2041f0657316ae913e903e24f211d2', '6caf9b5d550b6d48cb7247a9d7484322', '76cc0d76bec6a6e8233202afc8bdb688', '1be3842ece0b6fbab575bc32ea7737f5', 'cadebc2167d7d12a1ded701f34e94c4f', 0, 1.00, 210.00, 0.00, 0.00, 210.00, 0, '2021-07-05 02:06:39', '2021-07-04'),
('7ea37cb7e3317266de8100381a9c2ae3', '6caf9b5d550b6d48cb7247a9d7484322', '76cc0d76bec6a6e8233202afc8bdb688', 'baa661154ee9582abf982570b201298e', '7bdc3282923e1d6c0d49fb3ffa19264c', 0, 1.00, 223.00, 0.00, 0.00, 223.00, 0, '2021-07-05 02:06:39', '2021-07-04'),
('489a188d47c57a39a62f62c49995ac7c', 'cc9450f000c16a7b4d31be2e5bd7a6d7', '76cc0d76bec6a6e8233202afc8bdb688', 'fb85aee11e7190e586d2422f24a604e6', 'c2ca56faa87067619d5417f56c6e1d4d', 0, 2.00, 20.00, 0.00, 0.00, 40.00, 1, '2021-07-14 05:18:56', '2021-07-04'),
('75ce2766cac6a05959b57af516fe6227', 'cc9450f000c16a7b4d31be2e5bd7a6d7', '76cc0d76bec6a6e8233202afc8bdb688', 'fb85aee11e7190e586d2422f24a604e6', 'bf7c4675664fb4ee730b91aaabbceda4', 0, 1.00, 60.00, 0.00, 0.00, 60.00, 1, '2021-07-14 05:18:56', '2021-07-04'),
('3e9ef89b3149c3045c5001e6a53716d6', '9075a3d893965f25359d78ab140d7000', '76cc0d76bec6a6e8233202afc8bdb688', 'd583ed2bf0381b082922ec1b7f6abf70', '8be20f4f18f92c2dda918ef4daa95ea8', 0, 1.00, 50.00, 0.00, 0.00, 50.00, 1, '2021-07-14 05:18:56', '2021-07-04'),
('9ccff8b2baafb40a0c901db67670fd20', '718df8c6a43fe1625afccb009808ada1', '76cc0d76bec6a6e8233202afc8bdb688', 'baa661154ee9582abf982570b201298e', '6fe4b69479dfa8c6c3b56da53059d8bb', 0, 1.00, 220.00, 0.00, 0.00, 220.00, 0, '2021-07-05 03:08:34', '2021-07-04'),
('2503add2b6f75b69de22c10e11f25b9e', '7c62d6621c33d6958bea53f5f973f9f3', '76cc0d76bec6a6e8233202afc8bdb688', 'baa661154ee9582abf982570b201298e', '57027c3685ed14d169d91cd18bf69111', 0, 1.00, 180.00, 0.00, 0.00, 180.00, 1, '2021-07-14 05:18:56', '2021-07-04'),
('e3faaeb51538d0d2b4a0e31c5202d657', '', '76cc0d76bec6a6e8233202afc8bdb688', 'baa661154ee9582abf982570b201298e', '18c7e2e186a7691e15771292ed31f873', 1, 1.00, 0.00, 0.00, 0.00, 0.00, 6, '2021-07-14 05:42:22', '2021-07-04'),
('81222c3b38791e8364e5799003642e01', '', '76cc0d76bec6a6e8233202afc8bdb688', 'baa661154ee9582abf982570b201298e', 'b85ba33dee2fc1125225df271c9e402a', 1, 14.00, 3.00, 0.00, 0.00, 42.00, 6, '2021-07-14 05:42:22', '2021-07-04'),
('7b6bdd3d4585051ddb7d38f3e29e69e8', 'd45c3e4fbdf59df95b6742c6b9c88b83', '76cc0d76bec6a6e8233202afc8bdb688', 'baa661154ee9582abf982570b201298e', 'b85ba33dee2fc1125225df271c9e402a', 1, 14.00, 3.00, 0.00, 0.00, 42.00, 1, '2021-07-14 05:18:56', '2021-07-04'),
('a84d8f4ca4c81c1f3c7be71eae0f81c5', '6873c7a82543b728e1ecddfc3cb06da3', '76cc0d76bec6a6e8233202afc8bdb688', '1be3842ece0b6fbab575bc32ea7737f5', 'a67b03b27e99c47e07fb77f422c916af', 0, 1.00, 117.00, 0.00, 0.00, 117.00, 0, '2021-07-05 20:19:55', '2021-07-04'),
('216c8c4b9d8c2f4f23c00610bcbba8df', '66d3e0c67a9b460629f98d6421879ed2', '76cc0d76bec6a6e8233202afc8bdb688', '1be3842ece0b6fbab575bc32ea7737f5', 'cadebc2167d7d12a1ded701f34e94c4f', 0, 10.00, 210.00, 0.00, 0.00, 2100.00, 0, '2021-07-05 20:19:55', '2021-07-05'),
('d17c50c77562552fb49c5e5103adc637', '66d3e0c67a9b460629f98d6421879ed2', '76cc0d76bec6a6e8233202afc8bdb688', '1be3842ece0b6fbab575bc32ea7737f5', 'a67b03b27e99c47e07fb77f422c916af', 0, 5.00, 117.00, 0.00, 0.00, 585.00, 0, '2021-07-05 20:19:55', '2021-07-05'),
('0307ddc8ef0630ca44ad0eae7bc6f206', '66d3e0c67a9b460629f98d6421879ed2', '76cc0d76bec6a6e8233202afc8bdb688', '1be3842ece0b6fbab575bc32ea7737f5', '8fd0c3ba6c8b0e7280855a9bc4289f43', 0, 2.00, 217.00, 0.00, 0.00, 434.00, 0, '2021-07-05 20:19:55', '2021-07-05'),
('7c2897c1429951076cf1811582d1d16c', '66d3e0c67a9b460629f98d6421879ed2', '76cc0d76bec6a6e8233202afc8bdb688', '1be3842ece0b6fbab575bc32ea7737f5', '33b678e54aa9d52369452ee5719e4142', 0, 1.00, 153.00, 0.00, 0.00, 153.00, 0, '2021-07-05 20:19:55', '2021-07-05'),
('93a323cfc93a5ed58db29297a1ab1a63', '66d3e0c67a9b460629f98d6421879ed2', '76cc0d76bec6a6e8233202afc8bdb688', '1be3842ece0b6fbab575bc32ea7737f5', '2604b026f292e1c71f048e279cc1e9d3', 0, 1.00, 193.00, 0.00, 0.00, 193.00, 0, '2021-07-05 20:19:55', '2021-07-05'),
('62c23b07eba5585205cb114f4ed19a61', '28550eae3a20c15bb34caa4cd35660b0', '76cc0d76bec6a6e8233202afc8bdb688', '1be3842ece0b6fbab575bc32ea7737f5', 'cadebc2167d7d12a1ded701f34e94c4f', 0, 5.00, 210.00, 0.00, 0.00, 1050.00, 0, '2021-07-05 20:19:55', '2021-07-05'),
('c3b8da2cd3ee43396321df358ef9b5f9', '28550eae3a20c15bb34caa4cd35660b0', '76cc0d76bec6a6e8233202afc8bdb688', '1be3842ece0b6fbab575bc32ea7737f5', 'a67b03b27e99c47e07fb77f422c916af', 0, 5.00, 117.00, 0.00, 0.00, 585.00, 0, '2021-07-05 20:19:55', '2021-07-05'),
('4a1178e17b755997b855c6853294dcc8', '7c69e22154d9fcc9be5c791602cfb071', '76cc0d76bec6a6e8233202afc8bdb688', 'baa661154ee9582abf982570b201298e', '5f8df025fe3c156d9ba20ec3d87ddb6d', 0, 2.00, 155.00, 0.00, 0.00, 310.00, 1, '2021-07-14 05:18:56', '2021-07-05'),
('3759851b7d8d88c207ee87f521d1b0dd', 'fd9557966d6af2e9bbafcf489a586419', '76cc0d76bec6a6e8233202afc8bdb688', 'fb85aee11e7190e586d2422f24a604e6', 'e42b5938a9f505fc3733d5d1f4d86b75', 0, 4.00, 74.00, 0.00, 0.00, 296.00, 1, '2021-07-14 05:18:56', '2021-07-05'),
('dbd36601b8f56637f6ab0a9a9c11e977', '', '76cc0d76bec6a6e8233202afc8bdb688', 'baa661154ee9582abf982570b201298e', '816ee7fa520e222c32e7b6863defd370', 0, 2.00, 245.00, 0.00, 0.00, 490.00, 6, '2021-07-14 05:42:22', '2021-07-05'),
('c8a2096bf00fe4c8a7b3bfd96ecc2765', '3853627993b48755ab3598a7859bd23c', '76cc0d76bec6a6e8233202afc8bdb688', 'baa661154ee9582abf982570b201298e', '816ee7fa520e222c32e7b6863defd370', 1, 2.00, 3.00, 0.00, 0.00, 6.00, 0, '2021-07-05 21:33:27', '2021-07-05'),
('b8f7e4b5eaba5329ee34fd20796a1185', '5d999e75213a8233527d86e81703163a', '76cc0d76bec6a6e8233202afc8bdb688', 'fb85aee11e7190e586d2422f24a604e6', 'e42b5938a9f505fc3733d5d1f4d86b75', 0, 2.00, 74.00, 0.00, 0.00, 148.00, 0, '2021-07-05 21:33:27', '2021-07-05'),
('2f65f9967cabcb642fab44aa47d81033', '4414803498917173f8664434a796a11f', '76cc0d76bec6a6e8233202afc8bdb688', 'fb85aee11e7190e586d2422f24a604e6', 'd7578c13b1ac91dc2d1379821f9e4fb1', 0, 1.00, 74.00, 0.00, 0.00, 74.00, 0, '2021-07-05 21:33:27', '2021-07-05'),
('a7e4794ec1231d9b0bac6dca33fb9fd6', '4414803498917173f8664434a796a11f', '76cc0d76bec6a6e8233202afc8bdb688', 'fb85aee11e7190e586d2422f24a604e6', 'f39504e1768f6205c43f135a0e9e8b55', 0, 1.00, 60.00, 0.00, 0.00, 60.00, 0, '2021-07-05 21:33:27', '2021-07-05'),
('619bddc4faed3c4832f13f9a753d2cf5', '6247b90184618a0798a797a85a0b0122', '76cc0d76bec6a6e8233202afc8bdb688', 'fb85aee11e7190e586d2422f24a604e6', 'e42b5938a9f505fc3733d5d1f4d86b75', 0, 1.00, 74.00, 0.00, 0.00, 74.00, 0, '2021-07-05 21:33:27', '2021-07-05'),
('24117f60e29a6a214a56e6cde397279d', '', '76cc0d76bec6a6e8233202afc8bdb688', '1be3842ece0b6fbab575bc32ea7737f5', 'cadebc2167d7d12a1ded701f34e94c4f', 0, 10.00, 210.00, 0.00, 0.00, 2100.00, 6, '2021-07-14 05:42:22', '2021-07-05'),
('9be303d9e44f28300a92cb955dcdee84', 'e03132ca17b16df18225aa9f43267b11', '76cc0d76bec6a6e8233202afc8bdb688', '1be3842ece0b6fbab575bc32ea7737f5', 'cadebc2167d7d12a1ded701f34e94c4f', 0, 10.00, 210.00, 3.00, 30.00, 2100.00, 1, '2021-07-14 05:18:56', '2021-07-05'),
('d32af12b5e14ef3ccb8a2f199dbaa7a7', '6f906efc0a630ca57cedf5ae2ec22f5a', '76cc0d76bec6a6e8233202afc8bdb688', 'baa661154ee9582abf982570b201298e', '7bdc3282923e1d6c0d49fb3ffa19264c', 0, 1.00, 223.00, 0.00, 0.00, 223.00, 0, '2021-07-05 22:49:01', '2021-07-05'),
('c570273406bad0b075b1fbb799e3cc82', '6f906efc0a630ca57cedf5ae2ec22f5a', '76cc0d76bec6a6e8233202afc8bdb688', 'baa661154ee9582abf982570b201298e', '5f8df025fe3c156d9ba20ec3d87ddb6d', 0, 1.00, 155.00, 0.00, 0.00, 155.00, 0, '2021-07-05 22:49:01', '2021-07-05'),
('818ca607acef24d38f95c2e8752b428a', '668adb62d9f8818d620708dd549d6597', '76cc0d76bec6a6e8233202afc8bdb688', 'fb85aee11e7190e586d2422f24a604e6', 'e42b5938a9f505fc3733d5d1f4d86b75', 0, 1.00, 74.00, 0.00, 0.00, 74.00, 0, '2021-07-05 22:49:01', '2021-07-05'),
('3bc6894a98b58c944868a4d6c3193495', '7b77bc3a25db1f6f6a995d86e352b054', '76cc0d76bec6a6e8233202afc8bdb688', 'baa661154ee9582abf982570b201298e', '4be27f694c872972dce6813f3d30498a', 0, 1.00, 135.00, 0.00, 0.00, 135.00, 0, '2021-07-05 22:49:01', '2021-07-05'),
('143abb1e2b0918f7f0a187a775a27318', '7b77bc3a25db1f6f6a995d86e352b054', '76cc0d76bec6a6e8233202afc8bdb688', 'baa661154ee9582abf982570b201298e', 'ec6d2557a790bf623c2b9c32e0291a62', 0, 1.00, 175.00, 0.00, 0.00, 175.00, 0, '2021-07-05 22:49:01', '2021-07-05'),
('eb9ff4bcb74f4af082b4b7374bc3d144', '274353ebc4181750e7f596d4ffdbb211', '76cc0d76bec6a6e8233202afc8bdb688', 'baa661154ee9582abf982570b201298e', 'd30da45f5933bf9e7082c58964ef8d48', 0, 1.00, 140.00, 0.00, 0.00, 140.00, 0, '2021-07-05 22:49:01', '2021-07-05'),
('015ea685dbf164496671fd6bee266cfc', '274353ebc4181750e7f596d4ffdbb211', '76cc0d76bec6a6e8233202afc8bdb688', 'baa661154ee9582abf982570b201298e', '7bdc3282923e1d6c0d49fb3ffa19264c', 0, 1.00, 223.00, 0.00, 0.00, 223.00, 0, '2021-07-05 22:49:01', '2021-07-05'),
('628ef6da7c3437fef7838c00f637344e', '274353ebc4181750e7f596d4ffdbb211', '76cc0d76bec6a6e8233202afc8bdb688', 'baa661154ee9582abf982570b201298e', '816ee7fa520e222c32e7b6863defd370', 1, 4.00, 3.00, 0.00, 0.00, 12.00, 0, '2021-07-05 22:49:01', '2021-07-05'),
('0f8a4209eeb03a33a3c1024e2fe0f0ea', 'baac28584c56c1a71937a4e20ca7ad36', '76cc0d76bec6a6e8233202afc8bdb688', 'fb85aee11e7190e586d2422f24a604e6', 'f39504e1768f6205c43f135a0e9e8b55', 0, 1.00, 60.00, 0.00, 0.00, 60.00, 1, '2021-07-14 05:18:56', '2021-07-05'),
('54d359961d6750861118e58e5c14af81', 'baac28584c56c1a71937a4e20ca7ad36', '76cc0d76bec6a6e8233202afc8bdb688', 'fb85aee11e7190e586d2422f24a604e6', 'd7578c13b1ac91dc2d1379821f9e4fb1', 0, 1.00, 74.00, 0.00, 0.00, 74.00, 1, '2021-07-14 05:18:56', '2021-07-05'),
('15a3d2b3dd3193dd5384518b266f9c06', 'baac28584c56c1a71937a4e20ca7ad36', '76cc0d76bec6a6e8233202afc8bdb688', 'fb85aee11e7190e586d2422f24a604e6', 'e42b5938a9f505fc3733d5d1f4d86b75', 0, 1.00, 74.00, 0.00, 0.00, 74.00, 1, '2021-07-14 05:18:56', '2021-07-05'),
('6a61e9fb92ea87dbe7507ed78f0eef12', 'b2c37353d6bf2de5c42a3c81f0a63840', '76cc0d76bec6a6e8233202afc8bdb688', 'baa661154ee9582abf982570b201298e', '7bdc3282923e1d6c0d49fb3ffa19264c', 0, 1.00, 223.00, 0.00, 0.00, 223.00, 1, '2021-07-14 05:18:56', '2021-07-05'),
('34ef7cb7d879fd981a5ee95c940244ae', 'a529f7e145fff3d2e4d276cb2ce95b76', '76cc0d76bec6a6e8233202afc8bdb688', '1be3842ece0b6fbab575bc32ea7737f5', 'cadebc2167d7d12a1ded701f34e94c4f', 0, 1.00, 210.00, 0.00, 0.00, 210.00, 1, '2021-07-14 05:18:56', '2021-07-05'),
('54acb2b2ddd5feefda963af948374c3d', '8c8632738ab28d5cd3e1ee593ed8a541', '76cc0d76bec6a6e8233202afc8bdb688', 'baa661154ee9582abf982570b201298e', '5f8df025fe3c156d9ba20ec3d87ddb6d', 0, 1.00, 155.00, 0.00, 0.00, 155.00, 1, '2021-07-14 05:18:56', '2021-07-05'),
('95ec2ead13ba1b26fb1abff922f48565', 'ec30fc416e6fb2e3589e9b674fb92890', '6db9e08e4295925697af15059da4e995', 'fb85aee11e7190e586d2422f24a604e6', 'd7578c13b1ac91dc2d1379821f9e4fb1', 0, 10.00, 74.00, 0.00, 0.00, 740.00, 1, '2021-07-14 05:18:56', '2021-07-05'),
('acb26c33a4d3510d4e5e9b202f5a150d', 'ec30fc416e6fb2e3589e9b674fb92890', '6db9e08e4295925697af15059da4e995', '1be3842ece0b6fbab575bc32ea7737f5', '2d193486b66012bc87df5856871c9301', 0, 5.00, 213.00, 0.00, 0.00, 1065.00, 1, '2021-07-14 05:18:56', '2021-07-05'),
('591f75bfc4d25c1afb785b5e890745e4', '1d886d5aae62e0cd594a4b004619ce7c', '6db9e08e4295925697af15059da4e995', 'baa661154ee9582abf982570b201298e', '5f8df025fe3c156d9ba20ec3d87ddb6d', 0, 2.00, 155.00, 0.00, 0.00, 310.00, 0, '2021-07-06 13:22:49', '2021-07-05'),
('ce7d9b395b916b910221d0307a2246cc', '1d886d5aae62e0cd594a4b004619ce7c', '6db9e08e4295925697af15059da4e995', 'fb85aee11e7190e586d2422f24a604e6', 'f39504e1768f6205c43f135a0e9e8b55', 0, 20.00, 60.00, 0.00, 0.00, 1200.00, 0, '2021-07-06 13:22:49', '2021-07-05'),
('344fbe1059a501732ce7e3678770fed7', '85a91f6066cb6abc2212f433a1466e80', '76cc0d76bec6a6e8233202afc8bdb688', 'fb85aee11e7190e586d2422f24a604e6', 'f39504e1768f6205c43f135a0e9e8b55', 0, 1.00, 60.00, 0.00, 0.00, 60.00, 1, '2021-07-14 05:18:56', '2021-07-06'),
('fe08a7bd297967a58b668e17c22104a8', 'b3911b1d62127ab547265477e20ebd3f', '76cc0d76bec6a6e8233202afc8bdb688', 'fb85aee11e7190e586d2422f24a604e6', 'f39504e1768f6205c43f135a0e9e8b55', 0, 1.00, 60.00, 0.00, 0.00, 60.00, 1, '2021-07-14 05:18:56', '2021-07-06'),
('6fd7424f0ee4f2f8af377456b2528889', 'cd84abbaf760545e66c5de704b3f2058', '76cc0d76bec6a6e8233202afc8bdb688', 'fb85aee11e7190e586d2422f24a604e6', 'f39504e1768f6205c43f135a0e9e8b55', 0, 1.00, 60.00, 0.00, 0.00, 60.00, 1, '2021-07-14 05:18:56', '2021-07-06'),
('238dea901af442abde6172296c5d6a99', '061f135e5b545633937339f2e4a9df6d', '76cc0d76bec6a6e8233202afc8bdb688', 'fb85aee11e7190e586d2422f24a604e6', 'f39504e1768f6205c43f135a0e9e8b55', 0, 1.00, 60.00, 0.00, 0.00, 60.00, 0, '2021-07-06 22:07:16', '2021-07-06'),
('b925eb669ba14ccbd33737d06b9cdde7', '5b11917bd9f7aa77b6bfdc86eba78f67', '76cc0d76bec6a6e8233202afc8bdb688', 'fb85aee11e7190e586d2422f24a604e6', 'f39504e1768f6205c43f135a0e9e8b55', 0, 1.00, 60.00, 0.00, 0.00, 60.00, 0, '2021-07-06 22:10:16', '2021-07-06'),
('69eb440f30083beded06088dc6fef698', 'bc8e94acf47bfc26c0d7da56908e7a69', '76cc0d76bec6a6e8233202afc8bdb688', 'fb85aee11e7190e586d2422f24a604e6', 'f39504e1768f6205c43f135a0e9e8b55', 0, 1.00, 60.00, 0.00, 0.00, 60.00, 1, '2021-07-14 05:18:56', '2021-07-06'),
('e2fc4862fdcd5a27ab7d5fb8ab7bdc01', 'e9218aaafdbab2c3b58dfa7b3227460f', '76cc0d76bec6a6e8233202afc8bdb688', 'fb85aee11e7190e586d2422f24a604e6', 'f39504e1768f6205c43f135a0e9e8b55', 0, 1.00, 60.00, 0.00, 0.00, 60.00, 1, '2021-07-14 05:18:56', '2021-07-06'),
('46d9f885adad08e06985a532c799aa6e', '8be41ab263798775bcd366d272132b89', '76cc0d76bec6a6e8233202afc8bdb688', 'fb85aee11e7190e586d2422f24a604e6', 'f39504e1768f6205c43f135a0e9e8b55', 0, 1.00, 60.00, 0.00, 0.00, 60.00, 1, '2021-07-14 05:18:56', '2021-07-06'),
('86d571a29da6cff5c72f6c4a4396a835', 'a226370be7a1b37238a8ea8bc6ace91e', '6db9e08e4295925697af15059da4e995', 'fb85aee11e7190e586d2422f24a604e6', 'd7578c13b1ac91dc2d1379821f9e4fb1', 0, 2.00, 74.00, 0.00, 0.00, 148.00, 1, '2021-07-14 05:18:56', '2021-07-06'),
('c48f85c29a0bdc667e1d57b39e90a2ab', 'e1d46c7ebf3c26980a549c5fe815578c', '6db9e08e4295925697af15059da4e995', 'fb85aee11e7190e586d2422f24a604e6', 'f39504e1768f6205c43f135a0e9e8b55', 0, 2.00, 60.00, 0.00, 0.00, 120.00, 1, '2021-07-14 05:18:56', '2021-07-06'),
('2f7f7d4d0cf4af46e57ecdcc35b4f8fe', 'f9bdcafa79f6d58661c02195f9b09e69', '6db9e08e4295925697af15059da4e995', 'fb85aee11e7190e586d2422f24a604e6', 'd7578c13b1ac91dc2d1379821f9e4fb1', 0, 2.00, 74.00, 0.00, 0.00, 148.00, 1, '2021-07-14 05:18:56', '2021-07-06'),
('adb7eb834b6f93653f193cd399f8bc02', '718d77ec41fc85a2cb5a800f8f955a56', '6db9e08e4295925697af15059da4e995', 'fb85aee11e7190e586d2422f24a604e6', 'd7578c13b1ac91dc2d1379821f9e4fb1', 0, 12.00, 74.00, 0.00, 0.00, 888.00, 0, '2021-07-07 04:10:36', '2021-07-06'),
('96b293eeccc83d9c1c7c7e89adbb1c54', '798e78ec964f013768ebab9b8d7492ef', '6db9e08e4295925697af15059da4e995', 'fb85aee11e7190e586d2422f24a604e6', 'd7578c13b1ac91dc2d1379821f9e4fb1', 0, 2.00, 74.00, 0.00, 0.00, 148.00, 0, '2021-07-07 04:13:22', '2021-07-06'),
('71600488373665ea8ec2cb53a67cede2', '15ad6ae9f98fec5dee0a045dae91b3d1', '6db9e08e4295925697af15059da4e995', 'fb85aee11e7190e586d2422f24a604e6', 'd7578c13b1ac91dc2d1379821f9e4fb1', 0, 5.00, 74.00, 0.00, 0.00, 370.00, 0, '2021-07-07 04:13:21', '2021-07-06'),
('5bb5bfbdb6c20999fc345a0f3baf64c3', '15ad6ae9f98fec5dee0a045dae91b3d1', '6db9e08e4295925697af15059da4e995', 'baa661154ee9582abf982570b201298e', '796530e91c2c51ae39014a1a4b504db4', 0, 2.00, 70.00, 0.00, 0.00, 140.00, 0, '2021-07-07 04:13:21', '2021-07-06'),
('fd23d8e52234902bdd010ce725db489c', '8cc2fead4a8fefad50380561d75c60d4', '76cc0d76bec6a6e8233202afc8bdb688', 'fb85aee11e7190e586d2422f24a604e6', 'd7578c13b1ac91dc2d1379821f9e4fb1', 0, 5.00, 74.00, 0.00, 0.00, 370.00, 1, '2021-07-14 05:18:56', '2021-07-06'),
('8c14379b194305ce104ec17f6ed95019', '8cc2fead4a8fefad50380561d75c60d4', '76cc0d76bec6a6e8233202afc8bdb688', 'baa661154ee9582abf982570b201298e', '796530e91c2c51ae39014a1a4b504db4', 0, 2.00, 70.00, 0.00, 0.00, 140.00, 1, '2021-07-14 05:18:56', '2021-07-06'),
('7657c4ed415b1a238456f45ba216eb31', '86166cddca9af953429c97ce10e6b8bb', '76cc0d76bec6a6e8233202afc8bdb688', 'baa661154ee9582abf982570b201298e', '4be27f694c872972dce6813f3d30498a', 0, 1.00, 135.00, 0.00, 0.00, 135.00, 1, '2021-07-14 05:18:56', '2021-07-06'),
('be955f0a56b38a67d1e7995f5efdbe90', '40e698743951b84a6a809e5c04826c33', '76cc0d76bec6a6e8233202afc8bdb688', 'fb85aee11e7190e586d2422f24a604e6', 'f39504e1768f6205c43f135a0e9e8b55', 0, 1.00, 60.00, 0.00, 0.00, 60.00, 0, '2021-07-07 02:15:31', '2021-07-06'),
('c40ce10b95e5f94b48e75383701eddf6', '', '76cc0d76bec6a6e8233202afc8bdb688', '1be3842ece0b6fbab575bc32ea7737f5', 'cadebc2167d7d12a1ded701f34e94c4f', 0, 10.00, 210.00, 10.00, 100.00, 2100.00, 6, '2021-07-14 05:42:22', '2021-07-06'),
('d494e2cfe113052703d1fdd9ac819c16', '757d19429ff2624138f67a39a5b31f75', '76cc0d76bec6a6e8233202afc8bdb688', '1be3842ece0b6fbab575bc32ea7737f5', 'cadebc2167d7d12a1ded701f34e94c4f', 0, 10.00, 210.00, 1.00, 10.00, 2100.00, 0, '2021-07-07 04:13:24', '2021-07-06'),
('9e0f6e662f84a9810dc2fa182293ad61', '757d19429ff2624138f67a39a5b31f75', '76cc0d76bec6a6e8233202afc8bdb688', '1be3842ece0b6fbab575bc32ea7737f5', '33b678e54aa9d52369452ee5719e4142', 0, 9.00, 155.00, 0.00, 0.00, 1395.00, 0, '2021-07-07 04:13:24', '2021-07-06'),
('36a507437c664dd152216247093b503f', '', '6db9e08e4295925697af15059da4e995', '1be3842ece0b6fbab575bc32ea7737f5', 'cadebc2167d7d12a1ded701f34e94c4f', 0, 1.00, 210.00, 0.00, 0.00, 210.00, 6, '2021-07-14 05:42:22', '2021-07-06'),
('9f8163c0e58f4250dadab9d76056c572', '', '6db9e08e4295925697af15059da4e995', '1be3842ece0b6fbab575bc32ea7737f5', '2d193486b66012bc87df5856871c9301', 1, 2.00, 0.00, 0.00, 0.00, 0.00, 6, '2021-07-14 05:42:22', '2021-07-06'),
('b83f6a4dd918fdfd1c20fea24b641a0d', '', '6db9e08e4295925697af15059da4e995', '1be3842ece0b6fbab575bc32ea7737f5', '2d193486b66012bc87df5856871c9301', 0, 1.00, 213.00, 0.00, 0.00, 213.00, 6, '2021-07-14 05:42:22', '2021-07-06'),
('b0d705bf44a29a3c364f5eafcff9c373', '', '6db9e08e4295925697af15059da4e995', '1be3842ece0b6fbab575bc32ea7737f5', '2d193486b66012bc87df5856871c9301', 1, 1.00, 0.00, 0.00, 0.00, 0.00, 6, '2021-07-14 05:42:22', '2021-07-06'),
('5850ac57018e966b148082eab98e9e8b', '', '6db9e08e4295925697af15059da4e995', 'baa661154ee9582abf982570b201298e', '252c4319c52aef3140e5cfd009808e42', 1, 100.00, 5.00, 0.00, 0.00, 500.00, 6, '2021-07-14 05:42:22', '2021-07-06'),
('af2a213d4359d2bd9b0c6c5c7e0bb1b9', '', '6db9e08e4295925697af15059da4e995', 'baa661154ee9582abf982570b201298e', 'cd7061b96595b208813ed8da742eac4e', 0, 2.00, 245.00, 0.00, 0.00, 490.00, 6, '2021-07-14 05:42:22', '2021-07-06'),
('945ecbfbf520ecb11fc2a803f13b8dd9', '', '6db9e08e4295925697af15059da4e995', 'baa661154ee9582abf982570b201298e', 'd98c6cf4dcc3c742fbad1f7fc667ca04', 0, 5.00, 0.00, 0.00, 0.00, 0.00, 6, '2021-07-14 05:42:22', '2021-07-06'),
('29c494e4ee7179eb316487fc29e7069f', '', '6db9e08e4295925697af15059da4e995', 'baa661154ee9582abf982570b201298e', '6ee24ceafde754bea8287ec102eb83e1', 0, 1.00, 245.00, 0.00, 0.00, 245.00, 6, '2021-07-14 05:42:22', '2021-07-06'),
('732cfa7d3fcdfc78bbf03b90262d7240', '', '6db9e08e4295925697af15059da4e995', 'baa661154ee9582abf982570b201298e', 'f301d99d467dcd68e2c68de93bb728e3', 0, 5.00, 0.00, 0.00, 0.00, 0.00, 6, '2021-07-14 05:42:22', '2021-07-06'),
('16673d7d7a1d66eea434e8953914ca9c', '', '6db9e08e4295925697af15059da4e995', 'baa661154ee9582abf982570b201298e', '3fb13f78f8e5b00068798adffb5768c0', 0, 1.00, 245.00, 0.00, 0.00, 245.00, 6, '2021-07-14 05:42:22', '2021-07-06'),
('37a801881bd9e44e4fe6fba0968fa763', '', '6db9e08e4295925697af15059da4e995', 'baa661154ee9582abf982570b201298e', '3fb13f78f8e5b00068798adffb5768c0', 1, 5.00, 3.00, 0.00, 0.00, 15.00, 6, '2021-07-14 05:42:22', '2021-07-06'),
('3b0294d73b4906a3107fa53519ff906e', '', '6db9e08e4295925697af15059da4e995', 'baa661154ee9582abf982570b201298e', '3fb13f78f8e5b00068798adffb5768c0', 1, 5.00, 3.00, 0.00, 0.00, 15.00, 6, '2021-07-14 05:42:22', '2021-07-06'),
('c1ea115e0a48efda8c502fd5d41a27d0', '', '6db9e08e4295925697af15059da4e995', 'baa661154ee9582abf982570b201298e', 'ad332fc52ce372a82564a70e6770b64c', 0, 2.00, 70.00, 0.00, 0.00, 140.00, 6, '2021-07-14 05:42:22', '2021-07-06'),
('e358efd0de7f78b17c76a0fd8c163de5', '', '6db9e08e4295925697af15059da4e995', 'baa661154ee9582abf982570b201298e', 'ad332fc52ce372a82564a70e6770b64c', 0, 1.00, 75.00, 0.00, 0.00, 75.00, 6, '2021-07-14 05:42:22', '2021-07-06'),
('a613fb97cfd7326975f16e29b92e7625', '4844ffa8323017dbfab270439c8ba440', '6db9e08e4295925697af15059da4e995', 'baa661154ee9582abf982570b201298e', '6d90c30cc59e39d6b01ab70d49406830', 0, 1.00, 75.00, 0.00, 0.00, 75.00, 0, '2021-07-07 05:54:35', '2021-07-06'),
('fabb467d37d3cdd06db7f04eb38b14b9', '328c70f99cdb3875b5065ccec0f87186', '76cc0d76bec6a6e8233202afc8bdb688', 'd583ed2bf0381b082922ec1b7f6abf70', 'df3cbf191e1763939617de8d0ecce8cf', 0, 1.00, 50.00, 0.00, 0.00, 50.00, 0, '2021-07-07 06:38:40', '2021-07-06'),
('5fc3b47d59cf7b28d0bb254b6c0145f6', '9c6e4e5e5cf5b8d6f0a20c86bc8e0872', '76cc0d76bec6a6e8233202afc8bdb688', 'baa661154ee9582abf982570b201298e', 'd5e3c3ca2fa1af39e184906818d7dab0', 1, 6.00, 2.50, 0.00, 0.00, 15.00, 1, '2021-07-14 05:18:56', '2021-07-07'),
('9c140ef71834db3e50dda05bf7d1471e', 'ff4be58cc56be59aae875c51e7c7331e', '76cc0d76bec6a6e8233202afc8bdb688', '1be3842ece0b6fbab575bc32ea7737f5', '26e6566d8847bdeae62487c1b2a6bef5', 0, 1.00, 117.00, 0.00, 0.00, 117.00, 1, '2021-07-14 05:18:56', '2021-07-07'),
('916109f32ca09c7ae7b3b49295f7d127', 'ff4be58cc56be59aae875c51e7c7331e', '76cc0d76bec6a6e8233202afc8bdb688', '1be3842ece0b6fbab575bc32ea7737f5', '36a5e3eff091084750b0824d53aca151', 0, 1.00, 210.00, 0.00, 0.00, 210.00, 1, '2021-07-14 05:18:56', '2021-07-07'),
('627ad5e340bc00dc92b62ebcd03fc41e', 'ff4be58cc56be59aae875c51e7c7331e', '76cc0d76bec6a6e8233202afc8bdb688', 'd583ed2bf0381b082922ec1b7f6abf70', '8be20f4f18f92c2dda918ef4daa95ea8', 0, 1.00, 50.00, 0.00, 0.00, 50.00, 1, '2021-07-14 05:18:56', '2021-07-07'),
('f083f2b731ffcfafd31a2d4d1f84553c', 'ff4be58cc56be59aae875c51e7c7331e', '76cc0d76bec6a6e8233202afc8bdb688', 'd583ed2bf0381b082922ec1b7f6abf70', '88e004d005e0d3abc77fefe03422bc3c', 0, 1.00, 26.00, 0.00, 0.00, 26.00, 1, '2021-07-14 05:18:56', '2021-07-07'),
('f9226ac81eacbe8494e7bab3387c88c9', '072c8ad3db29bbfbd1806affa69b4e8d', '76cc0d76bec6a6e8233202afc8bdb688', '1be3842ece0b6fbab575bc32ea7737f5', '26e6566d8847bdeae62487c1b2a6bef5', 0, 1.00, 117.00, 0.00, 0.00, 117.00, 1, '2021-07-14 05:18:56', '2021-07-07'),
('9204d10d25cfbae656e02bf01cd08b72', 'f578da0cb9622f20f3d091a325bb6468', '76cc0d76bec6a6e8233202afc8bdb688', '1be3842ece0b6fbab575bc32ea7737f5', '36a5e3eff091084750b0824d53aca151', 1, 10.00, 2.50, 0.00, 0.00, 25.00, 1, '2021-07-14 05:18:56', '2021-07-07'),
('89e5aa0d7d4ce9083345c06a53f7a98a', 'b94f3fadfb5347f4ae45f06cbe1ac6f6', '76cc0d76bec6a6e8233202afc8bdb688', '1be3842ece0b6fbab575bc32ea7737f5', '26e6566d8847bdeae62487c1b2a6bef5', 0, 2.00, 117.00, 0.00, 0.00, 234.00, 1, '2021-07-14 05:18:56', '2021-07-07'),
('c12db9b88e3d8948da7b7c49c01555a1', '9cd78205c556aa8c8c53707f7da7ec3d', '76cc0d76bec6a6e8233202afc8bdb688', 'fb85aee11e7190e586d2422f24a604e6', 'e42b5938a9f505fc3733d5d1f4d86b75', 0, 2.00, 74.00, 0.00, 0.00, 148.00, 1, '2021-07-14 05:18:56', '2021-07-07'),
('2389da92dcde4f5e5cb6a08c52d74f04', '', '76cc0d76bec6a6e8233202afc8bdb688', 'baa661154ee9582abf982570b201298e', '9fc21aa42ea2042018f2f6bcdf4b95e3', 0, 1.00, 165.00, 0.00, 0.00, 165.00, 6, '2021-07-14 05:42:22', '2021-07-07'),
('9f0db5636dc8b9568d76f72a1cea2984', '4d259086bf5f17d239f8d57b8efa9ad8', '76cc0d76bec6a6e8233202afc8bdb688', '1be3842ece0b6fbab575bc32ea7737f5', '36a5e3eff091084750b0824d53aca151', 0, 8.00, 210.00, 0.00, 0.00, 1680.00, 1, '2021-07-14 05:18:56', '2021-07-07'),
('85eca73692bb93a7d6078f6b72f6df72', '5f7d3ab1227bd3f3d187bbfb3bf13f10', '76cc0d76bec6a6e8233202afc8bdb688', '1be3842ece0b6fbab575bc32ea7737f5', '8fd0c3ba6c8b0e7280855a9bc4289f43', 0, 1.00, 216.00, 0.00, 0.00, 216.00, 1, '2021-07-14 05:18:56', '2021-07-07'),
('f4d2a2c6ad9503cdf07c2c601eac1209', '760b4148b2794a19d00c0d4e7f758349', '76cc0d76bec6a6e8233202afc8bdb688', 'baa661154ee9582abf982570b201298e', '9fc21aa42ea2042018f2f6bcdf4b95e3', 0, 1.00, 165.00, 0.00, 0.00, 165.00, 1, '2021-07-14 05:18:56', '2021-07-07'),
('15911f0fea467223c58d87099d9ffcad', 'a805da245fbfc12d964be0edaf1899cb', '76cc0d76bec6a6e8233202afc8bdb688', 'baa661154ee9582abf982570b201298e', 'd30da45f5933bf9e7082c58964ef8d48', 0, 1.00, 140.00, 0.00, 0.00, 140.00, 1, '2021-07-14 05:18:56', '2021-07-07'),
('fe5556bdf09032d093179a34c20b6f6a', 'fcd55b78093937cd0f54490dd7608e2f', '76cc0d76bec6a6e8233202afc8bdb688', '1be3842ece0b6fbab575bc32ea7737f5', '26e6566d8847bdeae62487c1b2a6bef5', 0, 1.00, 117.00, 0.00, 0.00, 117.00, 1, '2021-07-14 05:18:56', '2021-07-07'),
('9307296259e4755ae4589d802b271f31', '88aa2b985634944f6ddb3789aee5d15c', '76cc0d76bec6a6e8233202afc8bdb688', 'baa661154ee9582abf982570b201298e', '9567ed170208b7d3cbefa1fc53b7363f', 0, 1.00, 170.00, 0.00, 0.00, 170.00, 1, '2021-07-14 05:18:56', '2021-07-07'),
('e102dc6073bfcc282e9f44800ba0ecaf', '33cbdacb237c5e84d9964d408aa9a3b1', '76cc0d76bec6a6e8233202afc8bdb688', 'fb85aee11e7190e586d2422f24a604e6', 'e42b5938a9f505fc3733d5d1f4d86b75', 0, 1.00, 74.00, 0.00, 0.00, 74.00, 1, '2021-07-14 05:18:56', '2021-07-07'),
('1da388f79a8550e3171286133fb6e361', '33cbdacb237c5e84d9964d408aa9a3b1', '76cc0d76bec6a6e8233202afc8bdb688', 'fb85aee11e7190e586d2422f24a604e6', 'f39504e1768f6205c43f135a0e9e8b55', 0, 1.00, 60.00, 0.00, 0.00, 60.00, 1, '2021-07-14 05:18:56', '2021-07-07'),
('4a4e1dc12c62db2c14882cb1d8f7544a', '33cbdacb237c5e84d9964d408aa9a3b1', '76cc0d76bec6a6e8233202afc8bdb688', 'fb85aee11e7190e586d2422f24a604e6', 'd7578c13b1ac91dc2d1379821f9e4fb1', 0, 1.00, 74.00, 0.00, 0.00, 74.00, 1, '2021-07-14 05:18:56', '2021-07-07'),
('c4c51fea4605478a5947f6b18a9e400b', '0b0be122ed8acd81e61cf2eb7200fd3d', '76cc0d76bec6a6e8233202afc8bdb688', '1be3842ece0b6fbab575bc32ea7737f5', '36a5e3eff091084750b0824d53aca151', 0, 10.00, 210.00, 3.00, 30.00, 2100.00, 1, '2021-07-14 05:18:56', '2021-07-07'),
('4bba71537b586cf48659e5653703e1e8', '48eede62b17ba133f1f565ea292b43ef', '76cc0d76bec6a6e8233202afc8bdb688', 'd583ed2bf0381b082922ec1b7f6abf70', 'df3cbf191e1763939617de8d0ecce8cf', 0, 1.00, 50.00, 0.00, 0.00, 50.00, 1, '2021-07-14 05:18:56', '2021-07-07'),
('a4b69d607c11b714a997937161f860d9', 'a89e13b8cfbda790aa654ef6b4a06b57', '76cc0d76bec6a6e8233202afc8bdb688', 'baa661154ee9582abf982570b201298e', '9fc21aa42ea2042018f2f6bcdf4b95e3', 0, 1.00, 165.00, 0.00, 0.00, 165.00, 1, '2021-07-14 05:18:56', '2021-07-07'),
('95aab2e885cfdbbd574ae1d6475636e3', '', '76cc0d76bec6a6e8233202afc8bdb688', 'baa661154ee9582abf982570b201298e', '15c0d0f968713bbf102ee0be564b709c', 1, 5.00, 3.00, 0.00, 0.00, 15.00, 6, '2021-07-14 05:42:22', '2021-07-07'),
('06aadd94f562d45e7508a855c558e4c2', '', '76cc0d76bec6a6e8233202afc8bdb688', 'baa661154ee9582abf982570b201298e', '15c0d0f968713bbf102ee0be564b709c', 1, 5.00, 3.00, 0.00, 0.00, 15.00, 6, '2021-07-14 05:42:22', '2021-07-07'),
('dc95aac444131f9d52d2477292ea50b1', '7bc31f832dadd36afd9319696ad251e2', '76cc0d76bec6a6e8233202afc8bdb688', 'baa661154ee9582abf982570b201298e', '15c0d0f968713bbf102ee0be564b709c', 1, 5.00, 3.00, 0.00, 0.00, 15.00, 1, '2021-07-14 05:18:56', '2021-07-07'),
('079d758d76aa873781e9c75647bda259', '7bc31f832dadd36afd9319696ad251e2', '76cc0d76bec6a6e8233202afc8bdb688', 'baa661154ee9582abf982570b201298e', '4ba8477673d917d5fa8660a40025222b', 1, 5.00, 2.50, 0.00, 0.00, 12.50, 1, '2021-07-14 05:18:56', '2021-07-07'),
('9a228c17932f94243f34eab6d10144ec', '7b055fb5ff49ebdeda1ceebfefb79585', '76cc0d76bec6a6e8233202afc8bdb688', 'baa661154ee9582abf982570b201298e', '15c0d0f968713bbf102ee0be564b709c', 1, 10.00, 3.00, 0.00, 0.00, 30.00, 1, '2021-07-14 05:18:56', '2021-07-07'),
('116fdf77e64532b77c96fd68ea998c16', '68f5ae5e749d5e636d6ddedfa3b4117f', '76cc0d76bec6a6e8233202afc8bdb688', '1be3842ece0b6fbab575bc32ea7737f5', '26e6566d8847bdeae62487c1b2a6bef5', 0, 1.00, 117.00, 0.00, 0.00, 117.00, 1, '2021-07-14 05:18:56', '2021-07-07'),
('909842909a72c332892ed7cc1e31daf4', '95e6c017dcee841e7f1f3350801bb545', '76cc0d76bec6a6e8233202afc8bdb688', '1be3842ece0b6fbab575bc32ea7737f5', '36a5e3eff091084750b0824d53aca151', 0, 2.00, 210.00, 0.00, 0.00, 420.00, 1, '2021-07-14 05:18:56', '2021-07-07'),
('7f96f35a9cf731491ba09b83bc337175', '95e6c017dcee841e7f1f3350801bb545', '76cc0d76bec6a6e8233202afc8bdb688', '1be3842ece0b6fbab575bc32ea7737f5', '8fd0c3ba6c8b0e7280855a9bc4289f43', 0, 1.00, 216.00, 0.00, 0.00, 216.00, 1, '2021-07-14 05:18:56', '2021-07-07'),
('9aa7a0ea56f02cdfae4aa920c33ed9a9', '9335adc9ee4f3c2d36a520cc2e6358f4', '76cc0d76bec6a6e8233202afc8bdb688', 'baa661154ee9582abf982570b201298e', '9fc21aa42ea2042018f2f6bcdf4b95e3', 0, 1.00, 165.00, 0.00, 0.00, 165.00, 1, '2021-07-14 05:18:56', '2021-07-07'),
('fc7260ba5400972b9f4edc4630fc445a', '66702b551830386cc3d274a39bc7159e', '76cc0d76bec6a6e8233202afc8bdb688', 'fb85aee11e7190e586d2422f24a604e6', 'f39504e1768f6205c43f135a0e9e8b55', 0, 2.00, 60.00, 0.00, 0.00, 120.00, 1, '2021-07-14 05:18:56', '2021-07-07'),
('7b0b9399f7a654c4d381483e0099e908', '66702b551830386cc3d274a39bc7159e', '76cc0d76bec6a6e8233202afc8bdb688', 'fb85aee11e7190e586d2422f24a604e6', 'd7578c13b1ac91dc2d1379821f9e4fb1', 0, 1.00, 74.00, 0.00, 0.00, 74.00, 1, '2021-07-14 05:18:56', '2021-07-07'),
('2dda6be0e10ef4a3c3c95ced3e3b63b9', '3097cc47c9a02dfe33b91946f00161f1', '76cc0d76bec6a6e8233202afc8bdb688', 'd583ed2bf0381b082922ec1b7f6abf70', '8be20f4f18f92c2dda918ef4daa95ea8', 0, 1.00, 50.00, 0.00, 0.00, 50.00, 1, '2021-07-14 05:18:56', '2021-07-07'),
('185e757735c8ecf9c04c446cc5ed67f3', '921fe25a717883c79ea7d93c4b27a5bb', '76cc0d76bec6a6e8233202afc8bdb688', '1be3842ece0b6fbab575bc32ea7737f5', '36a5e3eff091084750b0824d53aca151', 0, 1.00, 210.00, 0.00, 0.00, 210.00, 1, '2021-07-14 05:18:56', '2021-07-07'),
('13070f59f5b5e07374236206c9bfa8d6', 'c4db33bcc1d7d9a5d189a1c2b641ca57', '76cc0d76bec6a6e8233202afc8bdb688', 'baa661154ee9582abf982570b201298e', 'ec6d2557a790bf623c2b9c32e0291a62', 0, 3.00, 175.00, 0.00, 0.00, 525.00, 1, '2021-07-14 05:18:56', '2021-07-07'),
('caa951a1f5199cd7dd29ec27c4848d5a', '543b86fb2b72e32b032fbd04a3aed7f6', '76cc0d76bec6a6e8233202afc8bdb688', '1be3842ece0b6fbab575bc32ea7737f5', '26e6566d8847bdeae62487c1b2a6bef5', 0, 1.00, 117.00, 0.00, 0.00, 117.00, 1, '2021-07-14 05:18:56', '2021-07-07'),
('7875ca756523915ee8e5f65b5b9450d4', '8cc2e178f0ec4c95dd06e0f14b2beb20', '76cc0d76bec6a6e8233202afc8bdb688', 'baa661154ee9582abf982570b201298e', '57027c3685ed14d169d91cd18bf69111', 0, 1.00, 180.00, 0.00, 0.00, 180.00, 1, '2021-07-14 05:18:56', '2021-07-07'),
('356c02259127bb688911b8f8e846a0cb', '18f9c3ecb134af2b49005cad690c02aa', '76cc0d76bec6a6e8233202afc8bdb688', 'baa661154ee9582abf982570b201298e', 'df9466b5ce80645800085a22eabe89c3', 0, 1.00, 220.00, 0.00, 0.00, 220.00, 1, '2021-07-14 05:18:56', '2021-07-07'),
('335a42107b62d926e9daa0ac1a2b45fd', 'c8bc3bb19c4f67aa68520b91e8bc03ef', '76cc0d76bec6a6e8233202afc8bdb688', '1be3842ece0b6fbab575bc32ea7737f5', '26e6566d8847bdeae62487c1b2a6bef5', 0, 6.00, 117.00, 0.00, 0.00, 702.00, 1, '2021-07-14 05:18:56', '2021-07-07'),
('42e641bbc626922f7fde43a40c15f1f1', 'e79ee0004fc9559e2013feb2d23d2ff2', '76cc0d76bec6a6e8233202afc8bdb688', 'baa661154ee9582abf982570b201298e', 'df9466b5ce80645800085a22eabe89c3', 0, 2.00, 220.00, 0.00, 0.00, 440.00, 1, '2021-07-14 05:18:56', '2021-07-07'),
('a3d73d049b26eee9b1684b421e0ae24e', '0b908bae5ecf17f23db6f99f873f7220', '76cc0d76bec6a6e8233202afc8bdb688', 'fb85aee11e7190e586d2422f24a604e6', 'e42b5938a9f505fc3733d5d1f4d86b75', 0, 1.00, 74.00, 0.00, 0.00, 74.00, 1, '2021-07-14 05:18:56', '2021-07-07'),
('ab63e9a9f46d59f428742040e11da3fb', 'a13ad23ff03309b9b561dc7eeddcec11', '76cc0d76bec6a6e8233202afc8bdb688', 'fb85aee11e7190e586d2422f24a604e6', 'e42b5938a9f505fc3733d5d1f4d86b75', 0, 2.00, 74.00, 0.00, 0.00, 148.00, 1, '2021-07-14 05:18:56', '2021-07-07'),
('5a79f3d61adef33811cdb2c2fb2fa889', '10b62696b9f48401218f00972d6832c7', '76cc0d76bec6a6e8233202afc8bdb688', 'baa661154ee9582abf982570b201298e', '1e9094269a9a451422cb769c6d80b91b', 0, 1.00, 158.00, 0.00, 0.00, 158.00, 1, '2021-07-14 05:18:56', '2021-07-07'),
('985eb3b9300c59ae7179cd257bd244e0', '10b62696b9f48401218f00972d6832c7', '76cc0d76bec6a6e8233202afc8bdb688', 'baa661154ee9582abf982570b201298e', '4be27f694c872972dce6813f3d30498a', 0, 1.00, 140.00, 0.00, 0.00, 140.00, 1, '2021-07-14 05:18:56', '2021-07-07'),
('e7cb3dba72e4eb57e610dc66db44e11d', 'c480f251add1506a5c0dfc89654189de', '76cc0d76bec6a6e8233202afc8bdb688', 'fb85aee11e7190e586d2422f24a604e6', 'e42b5938a9f505fc3733d5d1f4d86b75', 0, 1.00, 74.00, 0.00, 0.00, 74.00, 1, '2021-07-14 05:18:56', '2021-07-07'),
('39ffc71a7f7419167e04fd579b0972e8', 'cf80feece53fb51baeaf1491b43c90d3', '76cc0d76bec6a6e8233202afc8bdb688', 'fb85aee11e7190e586d2422f24a604e6', 'e42b5938a9f505fc3733d5d1f4d86b75', 0, 2.00, 74.00, 0.00, 0.00, 148.00, 1, '2021-07-14 05:18:56', '2021-07-07'),
('0050f887ae23b6e828544644ecfe04f6', 'f1c4a3ae6fb5ba5e5cc49c8ef82fa303', '76cc0d76bec6a6e8233202afc8bdb688', 'fb85aee11e7190e586d2422f24a604e6', 'd7578c13b1ac91dc2d1379821f9e4fb1', 0, 1.00, 74.00, 0.00, 0.00, 74.00, 1, '2021-07-14 05:18:56', '2021-07-07'),
('ec4ede24fb74c18489e731846d671949', '7b99b45bf836cd61d54325798918ab03', '76cc0d76bec6a6e8233202afc8bdb688', 'baa661154ee9582abf982570b201298e', '1e9094269a9a451422cb769c6d80b91b', 0, 2.00, 158.00, 0.00, 0.00, 316.00, 1, '2021-07-14 05:18:56', '2021-07-07'),
('5e8cf6d8d79fe0cb36a5b97174fece2e', '7b99b45bf836cd61d54325798918ab03', '76cc0d76bec6a6e8233202afc8bdb688', 'baa661154ee9582abf982570b201298e', 'ec6d2557a790bf623c2b9c32e0291a62', 0, 2.00, 180.00, 0.00, 0.00, 360.00, 1, '2021-07-14 05:18:56', '2021-07-07'),
('f4256690250ab0010a843496514e18eb', '0d028c220d4caaf9fc8d32b7d94acf5d', '76cc0d76bec6a6e8233202afc8bdb688', '1be3842ece0b6fbab575bc32ea7737f5', '36a5e3eff091084750b0824d53aca151', 0, 2.00, 210.00, 0.00, 0.00, 420.00, 1, '2021-07-14 05:18:56', '2021-07-07'),
('e38292746b941705889e8c1fe50b4c5c', 'edbb6e070856084d4d611b637fe3cb71', '76cc0d76bec6a6e8233202afc8bdb688', 'baa661154ee9582abf982570b201298e', '4be27f694c872972dce6813f3d30498a', 0, 1.00, 140.00, 0.00, 0.00, 140.00, 1, '2021-07-14 05:18:56', '2021-07-07'),
('7a65ddd41949f9de5cb6c34a6110ef8d', '112f39cfc73e555f2bc2d531b8b9a22f', '76cc0d76bec6a6e8233202afc8bdb688', 'baa661154ee9582abf982570b201298e', '15c0d0f968713bbf102ee0be564b709c', 1, 6.00, 3.00, 0.00, 0.00, 18.00, 1, '2021-07-14 05:18:56', '2021-07-07'),
('48d1fcb91e2fa42967cbcc4236074963', '112f39cfc73e555f2bc2d531b8b9a22f', '76cc0d76bec6a6e8233202afc8bdb688', 'baa661154ee9582abf982570b201298e', 'd5e3c3ca2fa1af39e184906818d7dab0', 1, 6.00, 2.50, 0.00, 0.00, 15.00, 1, '2021-07-14 05:18:56', '2021-07-07'),
('2c617c8567eb6f1cdda5fe59a712eed8', 'f29c97112a77d59429e6688a24a93e13', '76cc0d76bec6a6e8233202afc8bdb688', 'baa661154ee9582abf982570b201298e', '3fb13f78f8e5b00068798adffb5768c0', 1, 6.00, 3.00, 0.00, 0.00, 18.00, 1, '2021-07-14 05:18:56', '2021-07-07'),
('dd7b240adb2501f790a20c005a595d13', 'f29c97112a77d59429e6688a24a93e13', '76cc0d76bec6a6e8233202afc8bdb688', 'baa661154ee9582abf982570b201298e', '57027c3685ed14d169d91cd18bf69111', 0, 1.00, 180.00, 0.00, 0.00, 180.00, 1, '2021-07-14 05:18:56', '2021-07-07'),
('b8330e34ab4774fe596d9e959e49901e', 'f29c97112a77d59429e6688a24a93e13', '76cc0d76bec6a6e8233202afc8bdb688', 'baa661154ee9582abf982570b201298e', '4be27f694c872972dce6813f3d30498a', 0, 1.00, 140.00, 0.00, 0.00, 140.00, 1, '2021-07-14 05:18:56', '2021-07-07'),
('dea90bbd2f01123b7ca5b7913c540a5e', 'f29c97112a77d59429e6688a24a93e13', '76cc0d76bec6a6e8233202afc8bdb688', 'baa661154ee9582abf982570b201298e', 'd5e3c3ca2fa1af39e184906818d7dab0', 1, 10.00, 2.50, 0.00, 0.00, 25.00, 1, '2021-07-14 05:18:56', '2021-07-07'),
('d5fc502c761969df9a05aaba3d6fdbc1', 'f29c97112a77d59429e6688a24a93e13', '76cc0d76bec6a6e8233202afc8bdb688', 'd583ed2bf0381b082922ec1b7f6abf70', '8be20f4f18f92c2dda918ef4daa95ea8', 0, 2.00, 50.00, 0.00, 0.00, 100.00, 1, '2021-07-14 05:18:56', '2021-07-07'),
('9dc3a79b739f457dba595b109b328768', 'f29c97112a77d59429e6688a24a93e13', '76cc0d76bec6a6e8233202afc8bdb688', 'baa661154ee9582abf982570b201298e', '99c81349fc11e2cf2ed9e71e3bfd07f7', 0, 1.00, 245.00, 0.00, 0.00, 245.00, 1, '2021-07-14 05:18:56', '2021-07-07'),
('fee5db4055e3ae144e37a060be9f5ae4', 'f29c97112a77d59429e6688a24a93e13', '76cc0d76bec6a6e8233202afc8bdb688', 'baa661154ee9582abf982570b201298e', '6fe4b69479dfa8c6c3b56da53059d8bb', 0, 1.00, 224.00, 0.00, 0.00, 224.00, 1, '2021-07-14 05:18:56', '2021-07-07'),
('96de35aaeba3f9bc029ac0667531496c', 'f29c97112a77d59429e6688a24a93e13', '76cc0d76bec6a6e8233202afc8bdb688', 'baa661154ee9582abf982570b201298e', 'ec6d2557a790bf623c2b9c32e0291a62', 0, 1.00, 180.00, 0.00, 0.00, 180.00, 1, '2021-07-14 05:18:56', '2021-07-07'),
('9baed48d742c56f6989a5a3257a796f5', 'f29c97112a77d59429e6688a24a93e13', '76cc0d76bec6a6e8233202afc8bdb688', 'baa661154ee9582abf982570b201298e', '4be27f694c872972dce6813f3d30498a', 0, 1.00, 140.00, 0.00, 0.00, 140.00, 1, '2021-07-14 05:18:56', '2021-07-07'),
('b77ef5708f7e34312909a93b9d99afcd', 'f29c97112a77d59429e6688a24a93e13', '76cc0d76bec6a6e8233202afc8bdb688', 'baa661154ee9582abf982570b201298e', 'd5e3c3ca2fa1af39e184906818d7dab0', 1, 8.00, 2.50, 0.00, 0.00, 20.00, 1, '2021-07-14 05:18:56', '2021-07-07'),
('9e1c7848303402857c20e8558c729be2', '47d8239274ad2fdb0435f787ad83480d', '76cc0d76bec6a6e8233202afc8bdb688', '1be3842ece0b6fbab575bc32ea7737f5', '8fd0c3ba6c8b0e7280855a9bc4289f43', 0, 1.00, 216.00, 0.00, 0.00, 216.00, 1, '2021-07-14 05:18:56', '2021-07-08'),
('ad67972b4590c6bb99d7646ffc44f29d', '8918c236bd6f3051f8f70a221cdf1c8c', '76cc0d76bec6a6e8233202afc8bdb688', 'baa661154ee9582abf982570b201298e', '15c0d0f968713bbf102ee0be564b709c', 1, 55.00, 3.00, 0.00, 0.00, 165.00, 1, '2021-07-14 05:18:56', '2021-07-08'),
('446254671e20e831d5db62713b9cbe94', 'fcbf6f66e4f393d0cad3be5fed5bfcdf', '76cc0d76bec6a6e8233202afc8bdb688', 'baa661154ee9582abf982570b201298e', '4be27f694c872972dce6813f3d30498a', 0, 1.00, 140.00, 0.00, 0.00, 140.00, 1, '2021-07-14 05:18:56', '2021-07-08'),
('990457c33b24625f44c85e16b211efe4', '7eb161f0309c9f774fc8b64577b1e633', '76cc0d76bec6a6e8233202afc8bdb688', 'fb85aee11e7190e586d2422f24a604e6', 'c2ca56faa87067619d5417f56c6e1d4d', 0, 1.00, 20.00, 0.00, 0.00, 20.00, 1, '2021-07-14 05:18:56', '2021-07-08'),
('0df04e72206365fd0eeb8e7cc759cf7e', '87dc282e97ce1a08e6e8dfa29d57f480', '76cc0d76bec6a6e8233202afc8bdb688', 'd583ed2bf0381b082922ec1b7f6abf70', '49315777eca0ab4fb7d6a46951e40d62', 0, 1.00, 12.00, 0.00, 0.00, 12.00, 1, '2021-07-14 05:18:56', '2021-07-08'),
('f0b54f562ae52f14843e12440c229874', 'c3b538270548a2e55a647528f5908721', '76cc0d76bec6a6e8233202afc8bdb688', 'baa661154ee9582abf982570b201298e', '6d90c30cc59e39d6b01ab70d49406830', 0, 1.00, 75.00, 0.00, 0.00, 75.00, 1, '2021-07-14 05:18:56', '2021-07-08'),
('112262056c9bda2ccc2035f925188a08', '095dcfc955c71bc10f726c396cc150df', '76cc0d76bec6a6e8233202afc8bdb688', '1be3842ece0b6fbab575bc32ea7737f5', '36a5e3eff091084750b0824d53aca151', 0, 7.00, 210.00, 0.00, 0.00, 1470.00, 1, '2021-07-14 05:18:56', '2021-07-09'),
('3b0ecffcbf03a3bc19adfff91d37ddbe', '095dcfc955c71bc10f726c396cc150df', '76cc0d76bec6a6e8233202afc8bdb688', '1be3842ece0b6fbab575bc32ea7737f5', '26e6566d8847bdeae62487c1b2a6bef5', 0, 7.00, 117.00, 0.00, 0.00, 819.00, 1, '2021-07-14 05:18:56', '2021-07-09'),
('12ac53d1bab9d7a4baf3780a8e80067c', 'e32dc41a3b29f041a51467df526b5060', '76cc0d76bec6a6e8233202afc8bdb688', 'd583ed2bf0381b082922ec1b7f6abf70', '42cc855e60df2aaa57837a36f2c2e876', 0, 1.00, 55.00, 0.00, 0.00, 55.00, 1, '2021-07-14 05:18:56', '2021-07-09'),
('d4964d1499be48aeb6c0f450c356c433', '43d538524ace0f6284c785befdb2646e', '76cc0d76bec6a6e8233202afc8bdb688', 'fb85aee11e7190e586d2422f24a604e6', 'e42b5938a9f505fc3733d5d1f4d86b75', 0, 4.00, 74.00, 0.00, 0.00, 296.00, 1, '2021-07-14 05:18:56', '2021-07-09'),
('b580984be88e241c5d117bbb3039bd86', '43d538524ace0f6284c785befdb2646e', '76cc0d76bec6a6e8233202afc8bdb688', 'fb85aee11e7190e586d2422f24a604e6', 'f39504e1768f6205c43f135a0e9e8b55', 0, 1.00, 60.00, 0.00, 0.00, 60.00, 1, '2021-07-14 05:18:56', '2021-07-09'),
('764e318c1894ef3eeb9b7df8cf3047f8', 'dc41bf101e88df759281ad77f59d7eb3', '76cc0d76bec6a6e8233202afc8bdb688', 'baa661154ee9582abf982570b201298e', 'eb1acc4da2919d2881b64518ac215392', 1, 5.00, 5.00, 0.00, 0.00, 25.00, 1, '2021-07-14 05:18:56', '2021-07-09'),
('256fb7194110811f4073a52c6f8c8a13', '181982cf27d942aec94b811a19fb1a5a', 'fac9173ebc681c18e432158195adb3b4', 'fb85aee11e7190e586d2422f24a604e6', 'f39504e1768f6205c43f135a0e9e8b55', 0, 22.00, 60.00, 0.00, 0.00, 1320.00, 1, '2021-07-09 23:33:49', '2021-07-09'),
('d43bfb2ee843c06195d32530b05c0643', '181982cf27d942aec94b811a19fb1a5a', 'fac9173ebc681c18e432158195adb3b4', 'fb85aee11e7190e586d2422f24a604e6', 'd7578c13b1ac91dc2d1379821f9e4fb1', 0, 46.00, 74.00, 0.00, 0.00, 3404.00, 1, '2021-07-09 23:33:49', '2021-07-09'),
('d0e07f89020a43d55a5163a717cac34f', '181982cf27d942aec94b811a19fb1a5a', 'fac9173ebc681c18e432158195adb3b4', 'fb85aee11e7190e586d2422f24a604e6', 'e42b5938a9f505fc3733d5d1f4d86b75', 0, 43.00, 74.00, 0.00, 0.00, 3182.00, 1, '2021-07-09 23:33:49', '2021-07-09'),
('fcf52e7b1321564b9b4d670d7d5d363a', '181982cf27d942aec94b811a19fb1a5a', 'fac9173ebc681c18e432158195adb3b4', 'fb85aee11e7190e586d2422f24a604e6', '83d548b152a44995e5a4d878d73428a0', 0, 5.00, 68.00, 0.00, 0.00, 340.00, 1, '2021-07-09 23:33:49', '2021-07-09'),
('86723ddb48eac740fdfbaae71907b19a', '181982cf27d942aec94b811a19fb1a5a', 'fac9173ebc681c18e432158195adb3b4', 'fb85aee11e7190e586d2422f24a604e6', 'c2ca56faa87067619d5417f56c6e1d4d', 0, 14.00, 20.00, 0.00, 0.00, 280.00, 1, '2021-07-09 23:33:49', '2021-07-09'),
('f3730b61b0b10d631bd64de4cc99264b', '181982cf27d942aec94b811a19fb1a5a', 'fac9173ebc681c18e432158195adb3b4', 'fb85aee11e7190e586d2422f24a604e6', '9969f7a5c6032acbfc8d6631b04b4941', 0, 2.00, 20.00, 0.00, 0.00, 40.00, 1, '2021-07-09 23:33:49', '2021-07-09'),
('f51a20b7a1025dd62d9d8daaeaeec21a', '181982cf27d942aec94b811a19fb1a5a', 'fac9173ebc681c18e432158195adb3b4', 'fb85aee11e7190e586d2422f24a604e6', '532cc0b3709ba52694d3694272370552', 0, 3.00, 30.00, 0.00, 0.00, 90.00, 1, '2021-07-09 23:33:49', '2021-07-09'),
('9c1eb9598401ee5442e9962d4d6a5776', '181982cf27d942aec94b811a19fb1a5a', 'fac9173ebc681c18e432158195adb3b4', 'fb85aee11e7190e586d2422f24a604e6', '41af66ca7433384290782621a3b22afb', 0, 5.00, 60.00, 0.00, 0.00, 300.00, 1, '2021-07-09 23:33:49', '2021-07-09'),
('6ca006c58496719962c493639e6219af', '181982cf27d942aec94b811a19fb1a5a', 'fac9173ebc681c18e432158195adb3b4', 'fb85aee11e7190e586d2422f24a604e6', '63471534d1cf922d62716dccc76ea1cb', 0, 2.00, 25.00, 0.00, 0.00, 50.00, 1, '2021-07-09 23:33:49', '2021-07-09'),
('ab1d198d440c33a9482dae20400930e9', '181982cf27d942aec94b811a19fb1a5a', 'fac9173ebc681c18e432158195adb3b4', 'fb85aee11e7190e586d2422f24a604e6', 'e27a1cdfcec5e74a56cfa4d00907cf2c', 0, 2.00, 50.00, 0.00, 0.00, 100.00, 1, '2021-07-09 23:33:49', '2021-07-09'),
('e9c7328a0c54948d367c467aa9cf7c07', '7d74b33f855eda091424e52d62a9f895', '76cc0d76bec6a6e8233202afc8bdb688', 'baa661154ee9582abf982570b201298e', '1e9094269a9a451422cb769c6d80b91b', 0, 1.00, 158.00, 0.00, 0.00, 158.00, 1, '2021-07-14 05:18:56', '2021-07-10'),
('95f73d64fa75544f879e826591a4cfbf', '', '76cc0d76bec6a6e8233202afc8bdb688', '1be3842ece0b6fbab575bc32ea7737f5', '26e6566d8847bdeae62487c1b2a6bef5', 0, 2.00, 117.00, 0.00, 0.00, 234.00, 6, '2021-07-14 05:42:22', '2021-07-10'),
('f7f44ebeb2325fcb8632a1e193d9c4b6', '9ea76f361cbd17686bf774b434566e71', '76cc0d76bec6a6e8233202afc8bdb688', '1be3842ece0b6fbab575bc32ea7737f5', '2d193486b66012bc87df5856871c9301', 0, 2.00, 213.00, 0.00, 0.00, 426.00, 1, '2021-07-14 05:18:56', '2021-07-10'),
('184a63a80a03a12223cfeab718e01d60', '9ea76f361cbd17686bf774b434566e71', '76cc0d76bec6a6e8233202afc8bdb688', '1be3842ece0b6fbab575bc32ea7737f5', '26e6566d8847bdeae62487c1b2a6bef5', 0, 3.00, 117.00, 0.00, 0.00, 351.00, 1, '2021-07-14 05:18:56', '2021-07-10'),
('4aec46b2d7d0e66be3e975192db12698', '9ea76f361cbd17686bf774b434566e71', '76cc0d76bec6a6e8233202afc8bdb688', '1be3842ece0b6fbab575bc32ea7737f5', '8fd0c3ba6c8b0e7280855a9bc4289f43', 0, 1.00, 216.00, 0.00, 0.00, 216.00, 1, '2021-07-14 05:18:56', '2021-07-10'),
('904fc2bad9db036c3ff5dc0a2761aa88', '8b96dd29239c45fd6c7fb9bee741ea65', '76cc0d76bec6a6e8233202afc8bdb688', 'baa661154ee9582abf982570b201298e', '5e36c5dac6a16841ce52ffc66ba989cc', 0, 1.00, 175.00, 0.00, 0.00, 175.00, 1, '2021-07-14 05:18:56', '2021-07-10');
INSERT INTO `detalle_factura` (`codigo_detalle`, `codigo_factura`, `codigo_usuario`, `codigo_categoria`, `codigo_producto`, `tipo`, `cantidad`, `precio`, `descuento`, `general`, `subtotal`, `estado`, `hora`, `fecha`) VALUES
('fa74c2302fe20be285b7322ec878cce4', '8b96dd29239c45fd6c7fb9bee741ea65', '76cc0d76bec6a6e8233202afc8bdb688', 'd583ed2bf0381b082922ec1b7f6abf70', '24c6d0e9cfd1ae282db6b16461fdc8e8', 0, 1.00, 200.00, 0.00, 0.00, 200.00, 1, '2021-07-14 05:18:56', '2021-07-10'),
('561a1145c9c635adb32bee00419a339c', '79048d79063e55c838588baebf7bd1ea', '76cc0d76bec6a6e8233202afc8bdb688', 'baa661154ee9582abf982570b201298e', '1e9094269a9a451422cb769c6d80b91b', 0, 3.00, 158.00, 0.00, 0.00, 474.00, 1, '2021-07-14 05:18:56', '2021-07-10'),
('53f1129708453347ef9129a217c3442d', '79048d79063e55c838588baebf7bd1ea', '76cc0d76bec6a6e8233202afc8bdb688', 'baa661154ee9582abf982570b201298e', 'ec6d2557a790bf623c2b9c32e0291a62', 0, 2.00, 180.00, 0.00, 0.00, 360.00, 1, '2021-07-14 05:18:56', '2021-07-10'),
('d77eed583c7da132aed15b9d6d38c8d2', '79048d79063e55c838588baebf7bd1ea', '76cc0d76bec6a6e8233202afc8bdb688', 'baa661154ee9582abf982570b201298e', 'df9466b5ce80645800085a22eabe89c3', 0, 1.00, 220.00, 0.00, 0.00, 220.00, 1, '2021-07-14 05:18:56', '2021-07-10'),
('e4f1aeadea14e38281b18ebdf8d1e7af', '79048d79063e55c838588baebf7bd1ea', '76cc0d76bec6a6e8233202afc8bdb688', 'baa661154ee9582abf982570b201298e', '99c81349fc11e2cf2ed9e71e3bfd07f7', 1, 5.00, 3.00, 0.00, 0.00, 15.00, 1, '2021-07-14 05:18:56', '2021-07-10'),
('c25b9085e334fd28de6667a406a36bfc', 'b3ec84c7987a4f9004e97d6bd15a282f', '76cc0d76bec6a6e8233202afc8bdb688', 'fb85aee11e7190e586d2422f24a604e6', 'e42b5938a9f505fc3733d5d1f4d86b75', 0, 3.00, 74.00, 0.00, 0.00, 222.00, 1, '2021-07-14 05:18:56', '2021-07-10'),
('d8a3bb9b69b15ae6deaa476c17ce6dd7', 'fdf14852e5795580f2d91d7e23ebe0ae', '76cc0d76bec6a6e8233202afc8bdb688', 'fb85aee11e7190e586d2422f24a604e6', 'd7578c13b1ac91dc2d1379821f9e4fb1', 0, 1.00, 74.00, 0.00, 0.00, 74.00, 1, '2021-07-14 05:18:56', '2021-07-10'),
('d964dd644e87b5f7253bcf9c3ea300b6', 'fdf14852e5795580f2d91d7e23ebe0ae', '76cc0d76bec6a6e8233202afc8bdb688', 'fb85aee11e7190e586d2422f24a604e6', 'e42b5938a9f505fc3733d5d1f4d86b75', 0, 1.00, 74.00, 0.00, 0.00, 74.00, 1, '2021-07-14 05:18:56', '2021-07-10'),
('9ddcfc098b9678998f613b2fb2231d44', 'e88b1bd46a396b450d9cea16ea8e684e', '76cc0d76bec6a6e8233202afc8bdb688', 'd583ed2bf0381b082922ec1b7f6abf70', '8be20f4f18f92c2dda918ef4daa95ea8', 0, 1.00, 50.00, 0.00, 0.00, 50.00, 1, '2021-07-14 05:18:56', '2021-07-10'),
('e4c04c9b5e649a00d0211f6b05daa0f3', '11046e123be97d2c8d135e46db44bd35', '76cc0d76bec6a6e8233202afc8bdb688', 'baa661154ee9582abf982570b201298e', 'eb1acc4da2919d2881b64518ac215392', 1, 6.00, 5.00, 0.00, 0.00, 30.00, 1, '2021-07-14 05:18:56', '2021-07-12'),
('2a91e66c4e2aaa32490738255123d5f5', 'b263fdcb55f06a013ef64c947b2e38ac', '76cc0d76bec6a6e8233202afc8bdb688', 'baa661154ee9582abf982570b201298e', '1e9094269a9a451422cb769c6d80b91b', 0, 1.00, 158.00, 0.00, 0.00, 158.00, 1, '2021-07-14 05:18:56', '2021-07-12'),
('f87c2c672ccab94818bfe4ad12da7450', '006f5ef6e6b8c1f71f4f3dc677f74bf9', '76cc0d76bec6a6e8233202afc8bdb688', 'fb85aee11e7190e586d2422f24a604e6', 'd7578c13b1ac91dc2d1379821f9e4fb1', 0, 2.00, 74.00, 0.00, 0.00, 148.00, 1, '2021-07-14 05:18:56', '2021-07-12'),
('b9453943257c383e324c1efffbecbd34', '006f5ef6e6b8c1f71f4f3dc677f74bf9', '76cc0d76bec6a6e8233202afc8bdb688', 'fb85aee11e7190e586d2422f24a604e6', 'e42b5938a9f505fc3733d5d1f4d86b75', 0, 1.00, 74.00, 0.00, 0.00, 74.00, 1, '2021-07-14 05:18:56', '2021-07-12'),
('8a94bd58b7f584f3aadc5c2832290a12', '006f5ef6e6b8c1f71f4f3dc677f74bf9', '76cc0d76bec6a6e8233202afc8bdb688', 'fb85aee11e7190e586d2422f24a604e6', 'f39504e1768f6205c43f135a0e9e8b55', 0, 1.00, 60.00, 0.00, 0.00, 60.00, 1, '2021-07-14 05:18:56', '2021-07-12'),
('764bda902ba281eccb5af5ae33ddf13d', 'a3318ebaec9a3b32e9f19d12b45b3bc3', '76cc0d76bec6a6e8233202afc8bdb688', '1be3842ece0b6fbab575bc32ea7737f5', '36a5e3eff091084750b0824d53aca151', 0, 1.00, 210.00, 0.00, 0.00, 210.00, 1, '2021-07-14 05:18:56', '2021-07-12'),
('3138f08851d1a4c23ca4e9c35627ea4a', '16b1fac400e6501d8a773aa739385d49', '76cc0d76bec6a6e8233202afc8bdb688', '1be3842ece0b6fbab575bc32ea7737f5', '36a5e3eff091084750b0824d53aca151', 0, 1.00, 210.00, 0.00, 0.00, 210.00, 1, '2021-07-14 05:18:56', '2021-07-12'),
('f95d8357ab101f01c75411b2a5bca292', '16b1fac400e6501d8a773aa739385d49', '76cc0d76bec6a6e8233202afc8bdb688', '1be3842ece0b6fbab575bc32ea7737f5', '26e6566d8847bdeae62487c1b2a6bef5', 0, 1.00, 117.00, 0.00, 0.00, 117.00, 1, '2021-07-14 05:18:56', '2021-07-12'),
('c0e6e99da822526e7d7abfd0e8743946', 'ff0525cfc38c4c4a52f990c01f803d7e', '76cc0d76bec6a6e8233202afc8bdb688', '1be3842ece0b6fbab575bc32ea7737f5', '69f076d5498c2fa22c0750920a704449', 0, 30.00, 216.00, 0.00, 0.00, 6480.00, 1, '2021-07-14 05:18:56', '2021-07-12'),
('7c1d9513e78028ac69660291584079e0', 'ff0525cfc38c4c4a52f990c01f803d7e', '76cc0d76bec6a6e8233202afc8bdb688', 'd583ed2bf0381b082922ec1b7f6abf70', '8be20f4f18f92c2dda918ef4daa95ea8', 0, 12.00, 50.00, 0.00, 0.00, 600.00, 1, '2021-07-14 05:18:56', '2021-07-12'),
('36a409ca4da09ec5a34e3ecedee2fec1', '', '76cc0d76bec6a6e8233202afc8bdb688', 'baa661154ee9582abf982570b201298e', 'df9466b5ce80645800085a22eabe89c3', 0, 2.00, 220.00, 0.00, 0.00, 440.00, 6, '2021-07-14 05:42:22', '2021-07-12'),
('b92c6875d97f5b566d58c76f05cfc596', 'ff0525cfc38c4c4a52f990c01f803d7e', '76cc0d76bec6a6e8233202afc8bdb688', 'baa661154ee9582abf982570b201298e', '6fe4b69479dfa8c6c3b56da53059d8bb', 0, 1.00, 224.00, 0.00, 0.00, 224.00, 1, '2021-07-14 05:18:56', '2021-07-12'),
('5e5f1de144e0ee4a71b87ae06031ffb0', 'ff0525cfc38c4c4a52f990c01f803d7e', '76cc0d76bec6a6e8233202afc8bdb688', 'baa661154ee9582abf982570b201298e', 'df9466b5ce80645800085a22eabe89c3', 0, 1.00, 220.00, 0.00, 0.00, 220.00, 1, '2021-07-14 05:18:56', '2021-07-12'),
('0a63a49483b2407f1f656325433c1a3a', 'ff0525cfc38c4c4a52f990c01f803d7e', '76cc0d76bec6a6e8233202afc8bdb688', 'd583ed2bf0381b082922ec1b7f6abf70', '42b1c20160989a4dbedc1d827f80b774', 0, 5.00, 8.00, 0.00, 0.00, 40.00, 1, '2021-07-14 05:18:56', '2021-07-12'),
('f2ac6c5e19d8172c0dd4eee948da074f', '', '76cc0d76bec6a6e8233202afc8bdb688', '1be3842ece0b6fbab575bc32ea7737f5', '36a5e3eff091084750b0824d53aca151', 0, 8.00, 210.00, 1.00, 8.00, 1680.00, 6, '2021-07-14 05:42:22', '2021-07-12'),
('04c3ce25ca2aaa4c06a03f8f64a62228', '', '76cc0d76bec6a6e8233202afc8bdb688', '1be3842ece0b6fbab575bc32ea7737f5', '26e6566d8847bdeae62487c1b2a6bef5', 0, 11.00, 117.00, 1.00, 11.00, 1287.00, 6, '2021-07-14 05:42:22', '2021-07-12'),
('293c4f64a71806875bbe723f7a52168a', '04d27b855a4441860f77417e8ea1a0c5', '76cc0d76bec6a6e8233202afc8bdb688', '1be3842ece0b6fbab575bc32ea7737f5', '36a5e3eff091084750b0824d53aca151', 0, 8.00, 210.00, 1.00, 8.00, 1680.00, 1, '2021-07-14 05:18:56', '2021-07-12'),
('c9e87011b152d1302b54d8df69d48e9d', '04d27b855a4441860f77417e8ea1a0c5', '76cc0d76bec6a6e8233202afc8bdb688', '1be3842ece0b6fbab575bc32ea7737f5', '26e6566d8847bdeae62487c1b2a6bef5', 0, 11.00, 117.00, 1.00, 11.00, 1287.00, 1, '2021-07-14 05:18:56', '2021-07-12'),
('f5602cfa850967baac13062784e0d65c', 'ae6911f1a8be5a4102dcd27e4c3b1d1e', '76cc0d76bec6a6e8233202afc8bdb688', 'baa661154ee9582abf982570b201298e', '4be27f694c872972dce6813f3d30498a', 0, 2.00, 140.00, 0.00, 0.00, 280.00, 1, '2021-07-14 05:18:56', '2021-07-12'),
('3b291311b98fbec7490a923d8d85d6ae', 'ae6911f1a8be5a4102dcd27e4c3b1d1e', '76cc0d76bec6a6e8233202afc8bdb688', '1be3842ece0b6fbab575bc32ea7737f5', '26e6566d8847bdeae62487c1b2a6bef5', 0, 1.00, 117.00, 0.00, 0.00, 117.00, 1, '2021-07-14 05:18:56', '2021-07-12'),
('77ab28f1d41594e4d8747b32990458f6', '468d46f37b1a85f6862ebaedd22ad1cd', '76cc0d76bec6a6e8233202afc8bdb688', 'baa661154ee9582abf982570b201298e', 'd5e3c3ca2fa1af39e184906818d7dab0', 1, 4.00, 2.50, 0.00, 0.00, 10.00, 1, '2021-07-14 05:18:56', '2021-07-12'),
('9b49d55ea0c8183933752f47b6c69114', '468d46f37b1a85f6862ebaedd22ad1cd', '76cc0d76bec6a6e8233202afc8bdb688', 'd583ed2bf0381b082922ec1b7f6abf70', '22687cc4300d5ed56df6453ab930d44c', 0, 1.00, 25.00, 0.00, 0.00, 25.00, 1, '2021-07-14 05:18:56', '2021-07-12'),
('43f8f323001f6850a6bf4ac291b70851', 'cb077dc8e97e1ab030e5f69a87c1d3cd', '76cc0d76bec6a6e8233202afc8bdb688', '1be3842ece0b6fbab575bc32ea7737f5', '26e6566d8847bdeae62487c1b2a6bef5', 0, 1.00, 117.00, 0.00, 0.00, 117.00, 1, '2021-07-14 05:18:56', '2021-07-12'),
('f694294aa8332a5dc9673d9248c74161', 'cb077dc8e97e1ab030e5f69a87c1d3cd', '76cc0d76bec6a6e8233202afc8bdb688', '1be3842ece0b6fbab575bc32ea7737f5', '69f076d5498c2fa22c0750920a704449', 0, 1.00, 216.00, 0.00, 0.00, 216.00, 1, '2021-07-14 05:18:56', '2021-07-12'),
('df48dff51417b622f618686b991e1c6c', '2082ea1e895c7f576f0bc4cd1a89e8ce', '76cc0d76bec6a6e8233202afc8bdb688', 'baa661154ee9582abf982570b201298e', '99c81349fc11e2cf2ed9e71e3bfd07f7', 1, 4.00, 3.00, 0.00, 0.00, 12.00, 1, '2021-07-14 05:18:56', '2021-07-12'),
('a88de9886815179c6987c8282c23d9b6', '2082ea1e895c7f576f0bc4cd1a89e8ce', '76cc0d76bec6a6e8233202afc8bdb688', 'baa661154ee9582abf982570b201298e', 'd5e3c3ca2fa1af39e184906818d7dab0', 1, 4.00, 2.50, 0.00, 0.00, 10.00, 1, '2021-07-14 05:18:56', '2021-07-12'),
('862734a6e20182a105f3b8898cd38651', 'd279de9cb84ef1324b946b465bb20cc8', '76cc0d76bec6a6e8233202afc8bdb688', 'baa661154ee9582abf982570b201298e', '57027c3685ed14d169d91cd18bf69111', 0, 1.00, 180.00, 0.00, 0.00, 180.00, 1, '2021-07-14 05:18:56', '2021-07-12'),
('041fcf7426e8ed684da2883f8e96e996', '58b6c65bc170c8df74b8da0fd20d72f3', '76cc0d76bec6a6e8233202afc8bdb688', '1be3842ece0b6fbab575bc32ea7737f5', '36a5e3eff091084750b0824d53aca151', 0, 1.00, 210.00, 0.00, 0.00, 210.00, 1, '2021-07-14 05:18:56', '2021-07-12'),
('16b0c33baab7b7fd09c1adcb180ff63d', '58b6c65bc170c8df74b8da0fd20d72f3', '76cc0d76bec6a6e8233202afc8bdb688', '1be3842ece0b6fbab575bc32ea7737f5', '26e6566d8847bdeae62487c1b2a6bef5', 0, 2.00, 117.00, 0.00, 0.00, 234.00, 1, '2021-07-14 05:18:56', '2021-07-12'),
('50977208b7208419d38910986d65f353', '58b6c65bc170c8df74b8da0fd20d72f3', '76cc0d76bec6a6e8233202afc8bdb688', 'baa661154ee9582abf982570b201298e', '57027c3685ed14d169d91cd18bf69111', 0, 2.00, 180.00, 0.00, 0.00, 360.00, 1, '2021-07-14 05:18:56', '2021-07-12'),
('1e25f7a7d14b9b4fdc4b2a1bc6df0ba3', 'd36d1044d1c3f9baae2a086320745b38', '76cc0d76bec6a6e8233202afc8bdb688', 'baa661154ee9582abf982570b201298e', '15c0d0f968713bbf102ee0be564b709c', 1, 5.00, 3.00, 0.00, 0.00, 15.00, 1, '2021-07-14 05:18:56', '2021-07-12'),
('04f023427d8cc042f5cd174c8616c5ad', '', '76cc0d76bec6a6e8233202afc8bdb688', 'baa661154ee9582abf982570b201298e', '3fb13f78f8e5b00068798adffb5768c0', 0, 50.00, 245.00, 0.00, 0.00, 12250.00, 6, '2021-07-14 05:42:22', '2021-07-12'),
('de16db20170d849a3b78eefca5e3bdb2', '', '76cc0d76bec6a6e8233202afc8bdb688', 'baa661154ee9582abf982570b201298e', '3fb13f78f8e5b00068798adffb5768c0', 1, 50.00, 3.00, 0.00, 0.00, 150.00, 6, '2021-07-14 05:42:22', '2021-07-12'),
('dc7c3c7fbab22687828dcd78e77018be', 'a0b27562d308519b3a8f7ecf5654c2c7', '76cc0d76bec6a6e8233202afc8bdb688', 'd583ed2bf0381b082922ec1b7f6abf70', '8be20f4f18f92c2dda918ef4daa95ea8', 0, 1.00, 50.00, 0.00, 0.00, 50.00, 1, '2021-07-14 05:18:56', '2021-07-12'),
('c942ce139434a3e2a2428d22f5ef85a8', '103ac73b806751d220248c70de4afec4', '76cc0d76bec6a6e8233202afc8bdb688', 'fb85aee11e7190e586d2422f24a604e6', 'e42b5938a9f505fc3733d5d1f4d86b75', 0, 2.00, 70.00, 0.00, 0.00, 140.00, 1, '2021-07-14 05:18:56', '2021-07-12'),
('4b5aa0497a13b2c9a50e2ea6382d1c4f', '', '76cc0d76bec6a6e8233202afc8bdb688', '1be3842ece0b6fbab575bc32ea7737f5', '36a5e3eff091084750b0824d53aca151', 0, 12.00, 210.00, 0.00, 0.00, 2520.00, 6, '2021-07-14 05:42:22', '2021-07-12'),
('672acf9f1cc007a3344407915599baec', '', '76cc0d76bec6a6e8233202afc8bdb688', '1be3842ece0b6fbab575bc32ea7737f5', '36a5e3eff091084750b0824d53aca151', 0, 0.00, 210.00, 3.00, 0.00, 0.00, 6, '2021-07-14 05:42:22', '2021-07-12'),
('5006691eb76a55c119d9c5c5c7cfec3d', '20ef82351939548c4258f200cab09dc4', '76cc0d76bec6a6e8233202afc8bdb688', '1be3842ece0b6fbab575bc32ea7737f5', '36a5e3eff091084750b0824d53aca151', 0, 12.00, 210.00, 3.00, 36.00, 2520.00, 1, '2021-07-14 05:18:56', '2021-07-12'),
('7c457c51e85c7490e5df680542bddf27', '20ef82351939548c4258f200cab09dc4', '76cc0d76bec6a6e8233202afc8bdb688', '1be3842ece0b6fbab575bc32ea7737f5', '26e6566d8847bdeae62487c1b2a6bef5', 0, 5.00, 117.00, 5.00, 25.00, 585.00, 1, '2021-07-14 05:18:56', '2021-07-12'),
('ea9db80289fbbc975a0ebf0155a0e32a', '10a4651ebb73f3fd5ac60fccc3fe1ce7', '76cc0d76bec6a6e8233202afc8bdb688', '1be3842ece0b6fbab575bc32ea7737f5', '36a5e3eff091084750b0824d53aca151', 0, 1.00, 210.00, 0.00, 0.00, 210.00, 1, '2021-07-14 05:18:56', '2021-07-12'),
('9d214784a79681ea0377737e9f41a623', 'e089f97d7c7f03cfe6cd2fee2551ef62', '76cc0d76bec6a6e8233202afc8bdb688', '1be3842ece0b6fbab575bc32ea7737f5', '8fd0c3ba6c8b0e7280855a9bc4289f43', 0, 2.00, 216.00, 0.00, 0.00, 432.00, 1, '2021-07-14 05:18:56', '2021-07-12'),
('6d11d44a39a2d5f788d9c745145e1c5d', 'db44c33576e8f1572488b90ba4e65c99', '76cc0d76bec6a6e8233202afc8bdb688', 'baa661154ee9582abf982570b201298e', '6d90c30cc59e39d6b01ab70d49406830', 0, 2.00, 75.00, 0.00, 0.00, 150.00, 1, '2021-07-14 05:18:56', '2021-07-12'),
('0ee35a50d787b60504a5f73114adbd94', 'f81f59973d410a5a97fbb849fc12d212', '76cc0d76bec6a6e8233202afc8bdb688', 'd583ed2bf0381b082922ec1b7f6abf70', '45bcfe730c60521abe678863d3733a9b', 0, 1.00, 135.00, 0.00, 0.00, 135.00, 1, '2021-07-14 05:18:56', '2021-07-12'),
('d4209a56a46e438d034a1f63677a817f', 'f81f59973d410a5a97fbb849fc12d212', '76cc0d76bec6a6e8233202afc8bdb688', '1be3842ece0b6fbab575bc32ea7737f5', '36a5e3eff091084750b0824d53aca151', 0, 2.00, 210.00, 0.00, 0.00, 420.00, 1, '2021-07-14 05:18:56', '2021-07-12'),
('349df91429db90025154a7611bf90973', 'f81f59973d410a5a97fbb849fc12d212', '76cc0d76bec6a6e8233202afc8bdb688', '1be3842ece0b6fbab575bc32ea7737f5', '8fd0c3ba6c8b0e7280855a9bc4289f43', 0, 2.00, 216.00, 0.00, 0.00, 432.00, 1, '2021-07-14 05:18:56', '2021-07-12'),
('1f9f772a3e00c961597980969f546af8', '49c5ae7537dedf249bc427cd280e963c', '76cc0d76bec6a6e8233202afc8bdb688', 'd583ed2bf0381b082922ec1b7f6abf70', 'dacdfd4ba951a1da7686a617cc707de5', 0, 1.00, 155.00, 0.00, 0.00, 155.00, 1, '2021-07-14 05:18:56', '2021-07-12'),
('cc9bd5eb3af6a7b4a30157cbc4603b2f', '0ad74091c12ef92385191661e8997f13', '76cc0d76bec6a6e8233202afc8bdb688', 'baa661154ee9582abf982570b201298e', '15c0d0f968713bbf102ee0be564b709c', 1, 2.00, 3.00, 0.00, 0.00, 6.00, 1, '2021-07-14 05:18:56', '2021-07-12'),
('70b4c2f963fc7fc8f2491517b9f55863', '', '76cc0d76bec6a6e8233202afc8bdb688', 'fb85aee11e7190e586d2422f24a604e6', 'e42b5938a9f505fc3733d5d1f4d86b75', 0, 2.00, 70.00, 2.00, 4.00, 140.00, 6, '2021-07-14 05:42:22', '2021-07-12'),
('dc83a611c29753a1274fd876351e9b0a', 'ba5ca8a7eed1432f23441c962ca30e59', '76cc0d76bec6a6e8233202afc8bdb688', 'fb85aee11e7190e586d2422f24a604e6', '1b452a24794ecabd0b0298df04ac6b7e', 0, 1.00, 73.00, 0.00, 0.00, 73.00, 1, '2021-07-14 05:18:56', '2021-07-12'),
('ff55ae1ca9f291d366f4cff7a5a8cdd5', '5cd0c6687d6f0fa41be84d917051fb28', '76cc0d76bec6a6e8233202afc8bdb688', 'd583ed2bf0381b082922ec1b7f6abf70', '49315777eca0ab4fb7d6a46951e40d62', 0, 2.00, 12.00, 0.00, 0.00, 24.00, 1, '2021-07-14 05:18:56', '2021-07-12'),
('0a040341b17a576b4aaa780d88ddb1cc', '04a50badf8414b7001bcdaf83764d699', '76cc0d76bec6a6e8233202afc8bdb688', 'd583ed2bf0381b082922ec1b7f6abf70', '8be20f4f18f92c2dda918ef4daa95ea8', 0, 1.00, 50.00, 0.00, 0.00, 50.00, 1, '2021-07-14 05:18:56', '2021-07-12'),
('6e0b1131d55d6d504db0e2765cfa0bc0', 'b72eade76692fde7c9764f16f9b1af8f', '76cc0d76bec6a6e8233202afc8bdb688', 'baa661154ee9582abf982570b201298e', '3fb13f78f8e5b00068798adffb5768c0', 1, 11.00, 3.00, 0.00, 0.00, 33.00, 1, '2021-07-14 05:18:56', '2021-07-12'),
('9f5dfdc99b092329399a6e1922b2ccb5', '53e76f2c10e2168645e0425c259b8fbf', '76cc0d76bec6a6e8233202afc8bdb688', 'fb85aee11e7190e586d2422f24a604e6', 'd7578c13b1ac91dc2d1379821f9e4fb1', 0, 1.00, 74.00, 0.00, 0.00, 74.00, 1, '2021-07-14 05:18:56', '2021-07-12'),
('7782a07f0e4825bb25ca1a347f57d165', '9f94e59011e20808976f943b071d8d9b', '76cc0d76bec6a6e8233202afc8bdb688', 'baa661154ee9582abf982570b201298e', 'df9466b5ce80645800085a22eabe89c3', 0, 1.00, 220.00, 0.00, 0.00, 220.00, 1, '2021-07-14 05:18:56', '2021-07-12'),
('574caa03ac241f6f327d755b641ba194', '9f94e59011e20808976f943b071d8d9b', '76cc0d76bec6a6e8233202afc8bdb688', '1be3842ece0b6fbab575bc32ea7737f5', '36a5e3eff091084750b0824d53aca151', 0, 2.00, 210.00, 0.00, 0.00, 420.00, 1, '2021-07-14 05:18:56', '2021-07-12'),
('f4563e8ed9245960cf30698e8b3002e9', '4ab34785390da4a547c09c5a4107b2e8', '76cc0d76bec6a6e8233202afc8bdb688', 'fb85aee11e7190e586d2422f24a604e6', 'f39504e1768f6205c43f135a0e9e8b55', 0, 1.00, 60.00, 0.00, 0.00, 60.00, 1, '2021-07-12 22:03:08', '2021-07-12'),
('e69bb709c1bf76894688c35e46d924fc', '4ab34785390da4a547c09c5a4107b2e8', '76cc0d76bec6a6e8233202afc8bdb688', 'fb85aee11e7190e586d2422f24a604e6', 'd7578c13b1ac91dc2d1379821f9e4fb1', 0, 1.00, 74.00, 0.00, 0.00, 74.00, 1, '2021-07-12 22:03:08', '2021-07-12'),
('b51e379850b6057880cb8be9df849bfd', '4ab34785390da4a547c09c5a4107b2e8', '76cc0d76bec6a6e8233202afc8bdb688', 'fb85aee11e7190e586d2422f24a604e6', '9969f7a5c6032acbfc8d6631b04b4941', 0, 1.00, 20.00, 0.00, 0.00, 20.00, 1, '2021-07-12 22:03:08', '2021-07-12'),
('ec90c15386ce25a356e4ef2d3809c788', '4ab34785390da4a547c09c5a4107b2e8', '76cc0d76bec6a6e8233202afc8bdb688', 'fb85aee11e7190e586d2422f24a604e6', 'e42b5938a9f505fc3733d5d1f4d86b75', 0, 1.00, 70.00, 0.00, 0.00, 70.00, 1, '2021-07-12 22:03:08', '2021-07-12'),
('51666ec866f8dccd0f75fdd10d9eb7cc', 'fec2c47152183899b9f5b440df8dba83', '76cc0d76bec6a6e8233202afc8bdb688', 'baa661154ee9582abf982570b201298e', '99c81349fc11e2cf2ed9e71e3bfd07f7', 0, 2.00, 245.00, 0.00, 0.00, 490.00, 1, '2021-07-12 22:04:26', '2021-07-12'),
('bf45a4d011568b62f1611d8cb51e8e55', 'b6203c96686e8c48a121443725db6d8d', '76cc0d76bec6a6e8233202afc8bdb688', 'baa661154ee9582abf982570b201298e', '6fe4b69479dfa8c6c3b56da53059d8bb', 0, 1.00, 224.00, 0.00, 0.00, 224.00, 1, '2021-07-12 22:22:18', '2021-07-12'),
('712c0f9fd58624e01fec172a290783b7', '19dcb15885322effb997a9edd0b8696e', '76cc0d76bec6a6e8233202afc8bdb688', 'fb85aee11e7190e586d2422f24a604e6', 'd7578c13b1ac91dc2d1379821f9e4fb1', 0, 2.00, 74.00, 0.00, 0.00, 148.00, 1, '2021-07-12 22:48:27', '2021-07-12'),
('bc26d48831d1b28e3797d456bbaed6a1', 'f6af186cd7125be7062b13600589195f', '76cc0d76bec6a6e8233202afc8bdb688', '1be3842ece0b6fbab575bc32ea7737f5', '36a5e3eff091084750b0824d53aca151', 0, 2.00, 210.00, 0.00, 0.00, 420.00, 1, '2021-07-13 00:31:36', '2021-07-12'),
('df1ea3ab366f580b3bb88593bde5a268', 'f6af186cd7125be7062b13600589195f', '76cc0d76bec6a6e8233202afc8bdb688', '1be3842ece0b6fbab575bc32ea7737f5', '26e6566d8847bdeae62487c1b2a6bef5', 0, 1.00, 117.00, 0.00, 0.00, 117.00, 1, '2021-07-13 00:31:36', '2021-07-12'),
('07f6d5c4fba62b7bf9aef44d9903a403', 'f6af186cd7125be7062b13600589195f', '76cc0d76bec6a6e8233202afc8bdb688', '1be3842ece0b6fbab575bc32ea7737f5', '714ad6bfe88321790732292aae8dcf80', 0, 2.00, 120.00, 0.00, 0.00, 240.00, 1, '2021-07-13 00:31:36', '2021-07-12'),
('ed45cc65a683b0059b6c0e7a0b231ab3', 'f6af186cd7125be7062b13600589195f', '76cc0d76bec6a6e8233202afc8bdb688', '1be3842ece0b6fbab575bc32ea7737f5', '36a5e3eff091084750b0824d53aca151', 0, 1.00, 210.00, 0.00, 0.00, 210.00, 1, '2021-07-13 00:31:36', '2021-07-12'),
('4990642741e85cf9dd6975e88411e045', 'c3e6eb1afd08f37092eae19b4a93cf48', '76cc0d76bec6a6e8233202afc8bdb688', 'fb85aee11e7190e586d2422f24a604e6', 'f39504e1768f6205c43f135a0e9e8b55', 0, 12.00, 60.00, 0.00, 0.00, 720.00, 1, '2021-07-13 01:03:55', '2021-07-12'),
('0f297a6b1ecc36be419945d9e24dca99', 'c3e6eb1afd08f37092eae19b4a93cf48', '76cc0d76bec6a6e8233202afc8bdb688', 'fb85aee11e7190e586d2422f24a604e6', 'd7578c13b1ac91dc2d1379821f9e4fb1', 0, 79.00, 74.00, 0.00, 0.00, 5846.00, 1, '2021-07-13 01:03:55', '2021-07-12'),
('c94b94d2793dbb7d1e0f6700a362f7ed', 'c3e6eb1afd08f37092eae19b4a93cf48', '76cc0d76bec6a6e8233202afc8bdb688', 'fb85aee11e7190e586d2422f24a604e6', 'e42b5938a9f505fc3733d5d1f4d86b75', 0, 49.00, 70.00, 0.00, 0.00, 3430.00, 1, '2021-07-13 01:03:55', '2021-07-12'),
('efe8eb3000b6cfda6c21a9580aaf53f8', 'c3e6eb1afd08f37092eae19b4a93cf48', '76cc0d76bec6a6e8233202afc8bdb688', 'fb85aee11e7190e586d2422f24a604e6', '1b452a24794ecabd0b0298df04ac6b7e', 0, 21.00, 73.00, 0.00, 0.00, 1533.00, 1, '2021-07-13 01:03:55', '2021-07-12'),
('57094576b0e3cd5263f89d4e1d221a00', 'c3e6eb1afd08f37092eae19b4a93cf48', '76cc0d76bec6a6e8233202afc8bdb688', 'fb85aee11e7190e586d2422f24a604e6', '83d548b152a44995e5a4d878d73428a0', 0, 2.00, 68.00, 0.00, 0.00, 136.00, 1, '2021-07-13 01:03:55', '2021-07-12'),
('cc12f8ba4d168724947141356fa37eb8', 'c3e6eb1afd08f37092eae19b4a93cf48', '76cc0d76bec6a6e8233202afc8bdb688', 'fb85aee11e7190e586d2422f24a604e6', '9ba592041ff36687d2317fba8d844cb6', 0, 2.00, 30.00, 0.00, 0.00, 60.00, 1, '2021-07-13 01:03:55', '2021-07-12'),
('83a7719299cec6faf97ec47c3c0204ed', 'c3e6eb1afd08f37092eae19b4a93cf48', '76cc0d76bec6a6e8233202afc8bdb688', 'fb85aee11e7190e586d2422f24a604e6', 'c2ca56faa87067619d5417f56c6e1d4d', 0, 21.00, 20.00, 0.00, 0.00, 420.00, 1, '2021-07-13 01:03:55', '2021-07-12'),
('f856758199b4ee51b813fb59d8bcbe02', 'c3e6eb1afd08f37092eae19b4a93cf48', '76cc0d76bec6a6e8233202afc8bdb688', 'fb85aee11e7190e586d2422f24a604e6', '9969f7a5c6032acbfc8d6631b04b4941', 0, 4.00, 20.00, 0.00, 0.00, 80.00, 1, '2021-07-13 01:03:55', '2021-07-12'),
('e8256340825a84a9540adbc45446903b', 'c3e6eb1afd08f37092eae19b4a93cf48', '76cc0d76bec6a6e8233202afc8bdb688', 'd583ed2bf0381b082922ec1b7f6abf70', '259d2cfbd5bebf466863ff03c801e676', 0, 4.00, 60.00, 0.00, 0.00, 240.00, 1, '2021-07-13 01:03:55', '2021-07-12'),
('d09777f11ee08dc89f9cbe01114a6040', 'c3e6eb1afd08f37092eae19b4a93cf48', '76cc0d76bec6a6e8233202afc8bdb688', 'fb85aee11e7190e586d2422f24a604e6', 'e27a1cdfcec5e74a56cfa4d00907cf2c', 0, 2.00, 50.00, 0.00, 0.00, 100.00, 1, '2021-07-13 01:03:55', '2021-07-12'),
('48af77ea6f4d8868b065c38759b65c20', '02d29e0e02146b906685478b6349700b', '76cc0d76bec6a6e8233202afc8bdb688', 'fb85aee11e7190e586d2422f24a604e6', 'd7578c13b1ac91dc2d1379821f9e4fb1', 0, 10.00, 74.00, 0.00, 0.00, 740.00, 1, '2021-07-13 01:08:05', '2021-07-12'),
('06329535cc9bb1936f67f7632ec0b5de', '02d29e0e02146b906685478b6349700b', '76cc0d76bec6a6e8233202afc8bdb688', 'fb85aee11e7190e586d2422f24a604e6', '1b452a24794ecabd0b0298df04ac6b7e', 0, 5.00, 73.00, 0.00, 0.00, 365.00, 1, '2021-07-13 01:08:05', '2021-07-12'),
('334b215d4d8081ba7aeac1483516801b', '02d29e0e02146b906685478b6349700b', '76cc0d76bec6a6e8233202afc8bdb688', 'fb85aee11e7190e586d2422f24a604e6', 'e42b5938a9f505fc3733d5d1f4d86b75', 0, 2.00, 70.00, 0.00, 0.00, 140.00, 1, '2021-07-13 01:08:05', '2021-07-12');

-- --------------------------------------------------------

--
-- Estructura de tabla para la tabla `factura`
--

CREATE TABLE `factura` (
  `codigo_factura` varchar(50) NOT NULL,
  `codigo_usuario` varchar(50) NOT NULL,
  `correlativo` varchar(50) NOT NULL,
  `cliente` varchar(50) NOT NULL,
  `direccion` text DEFAULT NULL,
  `telefono` int(11) DEFAULT NULL,
  `descuento` double(10,2) NOT NULL,
  `total` double(10,2) NOT NULL DEFAULT 0.00,
  `fecha` timestamp NOT NULL DEFAULT current_timestamp() ON UPDATE current_timestamp(),
  `fechas` date NOT NULL DEFAULT curdate(),
  `estado` bit(1) NOT NULL DEFAULT b'1'
) ENGINE=InnoDB DEFAULT CHARSET=utf8;

--
-- Volcado de datos para la tabla `factura`
--

INSERT INTO `factura` (`codigo_factura`, `codigo_usuario`, `correlativo`, `cliente`, `direccion`, `telefono`, `descuento`, `total`, `fecha`, `fechas`, `estado`) VALUES
('006f5ef6e6b8c1f71f4f3dc677f74bf9', '76cc0d76bec6a6e8233202afc8bdb688', 'FAC-2021-JWCNN', 'tavo', '', 0, 0.00, 282.00, '2021-07-12 12:55:10', '2021-07-12', b'1'),
('02d29e0e02146b906685478b6349700b', '76cc0d76bec6a6e8233202afc8bdb688', 'FAC-2021-DSVEL', 'casa', 'el rancho', 0, 0.00, 1245.00, '2021-07-13 01:08:05', '2021-07-12', b'1'),
('04a50badf8414b7001bcdaf83764d699', '76cc0d76bec6a6e8233202afc8bdb688', 'FAC-2021-SKMKM', 'juventino', 'patzajito', 0, 0.00, 50.00, '2021-07-12 20:49:00', '2021-07-12', b'1'),
('04d27b855a4441860f77417e8ea1a0c5', '76cc0d76bec6a6e8233202afc8bdb688', 'FAC-2021-ZXMXA', 'francisco duarte', 'patzajito', 0, 0.00, 2967.00, '2021-07-12 13:36:51', '2021-07-12', b'1'),
('061f135e5b545633937339f2e4a9df6d', '76cc0d76bec6a6e8233202afc8bdb688', 'FAC-2021-CFIOK', 'fransisco  velazco', '', 0, 0.00, 60.00, '2021-07-06 22:10:12', '2021-07-06', b'0'),
('072c8ad3db29bbfbd1806affa69b4e8d', '76cc0d76bec6a6e8233202afc8bdb688', 'FAC-2021-YIXMZ', 'tuc pancho', 'magueyes', 0, 0.00, 117.00, '2021-07-07 19:40:59', '2021-07-07', b'1'),
('095dcfc955c71bc10f726c396cc150df', '76cc0d76bec6a6e8233202afc8bdb688', 'FAC-2021-AHCJN', 'paulino julaj', 'magueyes', 0, 0.00, 2289.00, '2021-07-09 14:01:04', '2021-07-09', b'1'),
('0ad74091c12ef92385191661e8997f13', '76cc0d76bec6a6e8233202afc8bdb688', 'FAC-2021-MCMEV', 'CF', '', 0, 0.00, 6.00, '2021-07-12 18:29:20', '2021-07-12', b'1'),
('0b0be122ed8acd81e61cf2eb7200fd3d', '76cc0d76bec6a6e8233202afc8bdb688', 'FAC-2021-EKJFT', 'carlos', 'LA ESPERANCITA', 0, 0.00, 2100.00, '2021-07-07 21:24:29', '2021-07-07', b'1'),
('0b908bae5ecf17f23db6f99f873f7220', '76cc0d76bec6a6e8233202afc8bdb688', 'FAC-2021-IXBWN', 'rufina', 'la providencia', 0, 0.00, 74.00, '2021-07-08 02:53:45', '2021-07-07', b'1'),
('0d028c220d4caaf9fc8d32b7d94acf5d', '76cc0d76bec6a6e8233202afc8bdb688', 'FAC-2021-EZUJK', 'geremias', 'el rancho', 0, 0.00, 420.00, '2021-07-08 06:20:54', '2021-07-07', b'1'),
('103ac73b806751d220248c70de4afec4', '76cc0d76bec6a6e8233202afc8bdb688', 'FAC-2021-OBLNX', 'tuc romeo', 'patzajito', 0, 0.00, 140.00, '2021-07-12 16:02:41', '2021-07-12', b'1'),
('10a4651ebb73f3fd5ac60fccc3fe1ce7', '76cc0d76bec6a6e8233202afc8bdb688', 'FAC-2021-JDDKR', 'CF', 'choabaj grande', 0, 0.00, 210.00, '2021-07-12 17:14:08', '2021-07-12', b'1'),
('10b62696b9f48401218f00972d6832c7', '76cc0d76bec6a6e8233202afc8bdb688', 'FAC-2021-UMIEQ', 'Hugo julaj', 'magueyes', 0, 0.00, 298.00, '2021-07-08 03:53:15', '2021-07-07', b'1'),
('11046e123be97d2c8d135e46db44bd35', '76cc0d76bec6a6e8233202afc8bdb688', 'FAC-2021-QQMYK', 'wuito', 'patzajito', 0, 0.00, 30.00, '2021-07-12 12:49:54', '2021-07-12', b'1'),
('112f39cfc73e555f2bc2d531b8b9a22f', '76cc0d76bec6a6e8233202afc8bdb688', 'FAC-2021-RZFCL', 'fernando  similoj', 'patzajito', 0, 0.00, 33.00, '2021-07-08 06:25:22', '2021-07-07', b'1'),
('15ad6ae9f98fec5dee0a045dae91b3d1', '6db9e08e4295925697af15059da4e995', 'FAC-2021-MEBOW', 'Tomas', '', 0, 0.00, 510.00, '2021-07-07 04:13:21', '2021-07-06', b'0'),
('16b1fac400e6501d8a773aa739385d49', '76cc0d76bec6a6e8233202afc8bdb688', 'FAC-2021-ELLAS', 'rolando yucute', 'patzajito', 0, 0.00, 327.00, '2021-07-12 13:04:04', '2021-07-12', b'1'),
('181982cf27d942aec94b811a19fb1a5a', 'fac9173ebc681c18e432158195adb3b4', 'FAC-2021-BKNMJ', 'llAVERO CAMION AGUAS', 'el rancho', 0, 0.00, 9106.00, '2021-07-09 23:33:49', '2021-07-09', b'1'),
('18f9c3ecb134af2b49005cad690c02aa', '76cc0d76bec6a6e8233202afc8bdb688', 'FAC-2021-BYKSH', 'Miguel Guerra', '', 0, 0.00, 220.00, '2021-07-08 00:00:56', '2021-07-07', b'1'),
('19dcb15885322effb997a9edd0b8696e', '76cc0d76bec6a6e8233202afc8bdb688', 'FAC-2021-XIYMX', 'tuc  rolando', 'patzajito', 0, 0.00, 148.00, '2021-07-12 22:48:27', '2021-07-12', b'1'),
('1d886d5aae62e0cd594a4b004619ce7c', '6db9e08e4295925697af15059da4e995', 'FAC-2021-XXNJM', 'Junior ', '', 0, 0.00, 1510.00, '2021-07-06 13:22:49', '2021-07-05', b'0'),
('2082ea1e895c7f576f0bc4cd1a89e8ce', '76cc0d76bec6a6e8233202afc8bdb688', 'FAC-2021-TMJIY', 'fernando  similoj', 'patzajito', 0, 0.00, 22.00, '2021-07-12 14:34:45', '2021-07-12', b'1'),
('20ef82351939548c4258f200cab09dc4', '76cc0d76bec6a6e8233202afc8bdb688', 'FAC-2021-ZTAUN', 'oscar gonzales', 'las canoas', 0, 0.00, 3105.00, '2021-07-12 16:54:16', '2021-07-12', b'1'),
('274353ebc4181750e7f596d4ffdbb211', '76cc0d76bec6a6e8233202afc8bdb688', 'FAC-2021-XBPVE', 'luiza duarte', 'patzajito', 0, 0.00, 375.00, '2021-07-06 02:37:13', '2021-07-05', b'0'),
('28550eae3a20c15bb34caa4cd35660b0', '76cc0d76bec6a6e8233202afc8bdb688', 'FAC-2021-WHDEQ', 'francisco duarte', 'patzajito', 0, 0.00, 1635.00, '2021-07-06 02:37:11', '2021-07-05', b'0'),
('3097cc47c9a02dfe33b91946f00161f1', '76cc0d76bec6a6e8233202afc8bdb688', 'FAC-2021-KBAAA', 'tuc pancho', 'patzajito', 0, 0.00, 50.00, '2021-07-07 23:05:56', '2021-07-07', b'1'),
('328c70f99cdb3875b5065ccec0f87186', '76cc0d76bec6a6e8233202afc8bdb688', 'FAC-2021-JLHLW', 'c f', '', 0, 0.00, 50.00, '2021-07-07 06:38:40', '2021-07-06', b'0'),
('33cbdacb237c5e84d9964d408aa9a3b1', '76cc0d76bec6a6e8233202afc8bdb688', 'FAC-2021-AREAR', 'tuc  rolando', 'patzajito', 0, 0.00, 208.00, '2021-07-07 21:21:52', '2021-07-07', b'1'),
('3853627993b48755ab3598a7859bd23c', '76cc0d76bec6a6e8233202afc8bdb688', 'FAC-2021-DQLRE', 'tuc tuc', '', 0, 0.00, 6.00, '2021-07-06 02:36:12', '2021-07-05', b'0'),
('40e698743951b84a6a809e5c04826c33', '76cc0d76bec6a6e8233202afc8bdb688', 'FAC-2021-FLXPI', 'fransisco  velazco', 'patzajito', 0, 0.00, 60.00, '2021-07-07 04:13:17', '2021-07-06', b'0'),
('43d538524ace0f6284c785befdb2646e', '76cc0d76bec6a6e8233202afc8bdb688', 'FAC-2021-MNCLG', 'erminia chocoj', 'LA ESPERANCITA', 0, 0.00, 356.00, '2021-07-09 14:53:12', '2021-07-09', b'1'),
('4414803498917173f8664434a796a11f', '76cc0d76bec6a6e8233202afc8bdb688', 'FAC-2021-YCHAC', 'tuc tuc', '', 0, 0.00, 134.00, '2021-07-06 02:37:14', '2021-07-05', b'0'),
('468d46f37b1a85f6862ebaedd22ad1cd', '76cc0d76bec6a6e8233202afc8bdb688', 'FAC-2021-BJMOD', 'tavo', 'el rancho', 0, 0.00, 35.00, '2021-07-12 13:55:59', '2021-07-12', b'1'),
('47d8239274ad2fdb0435f787ad83480d', '76cc0d76bec6a6e8233202afc8bdb688', 'FAC-2021-KRLPP', 'plata', 'la providencia', 0, 0.00, 216.00, '2021-07-08 13:36:36', '2021-07-08', b'1'),
('4844ffa8323017dbfab270439c8ba440', '6db9e08e4295925697af15059da4e995', 'FAC-2021-JJQEE', 'Tomas', '', 0, 0.00, 75.00, '2021-07-07 05:54:35', '2021-07-06', b'0'),
('48eede62b17ba133f1f565ea292b43ef', '76cc0d76bec6a6e8233202afc8bdb688', 'FAC-2021-MTNFK', 'la esperancita', 'la colina', 0, 0.00, 50.00, '2021-07-07 21:33:58', '2021-07-07', b'1'),
('49c5ae7537dedf249bc427cd280e963c', '76cc0d76bec6a6e8233202afc8bdb688', 'FAC-2021-ISKQS', 'cf', '', 0, 0.00, 155.00, '2021-07-12 18:18:11', '2021-07-12', b'1'),
('4ab34785390da4a547c09c5a4107b2e8', '76cc0d76bec6a6e8233202afc8bdb688', 'FAC-2021-NRTUK', 'tuc  rolando', 'patzajito', 0, 0.00, 224.00, '2021-07-12 22:03:08', '2021-07-12', b'1'),
('4d259086bf5f17d239f8d57b8efa9ad8', '76cc0d76bec6a6e8233202afc8bdb688', 'FAC-2021-KCNCU', 'Juana chitic', 'magueyes', 0, 0.00, 1680.00, '2021-07-07 20:15:53', '2021-07-07', b'1'),
('53e76f2c10e2168645e0425c259b8fbf', '76cc0d76bec6a6e8233202afc8bdb688', 'FAC-2021-KBQQJ', 'sff', 'el rancho', 0, 0.00, 74.00, '2021-07-12 21:08:27', '2021-07-12', b'1'),
('543b86fb2b72e32b032fbd04a3aed7f6', '76cc0d76bec6a6e8233202afc8bdb688', 'FAC-2021-JAZTO', 'estela ', 'patzajito', 0, 0.00, 117.00, '2021-07-07 23:35:20', '2021-07-07', b'1'),
('58b6c65bc170c8df74b8da0fd20d72f3', '76cc0d76bec6a6e8233202afc8bdb688', 'FAC-2021-OJHKP', 'gavino garcia', 'patzajito', 0, 0.00, 804.00, '2021-07-12 15:02:32', '2021-07-12', b'1'),
('5b11917bd9f7aa77b6bfdc86eba78f67', '76cc0d76bec6a6e8233202afc8bdb688', 'FAC-2021-EDUWH', 'fransisco  velazco', 'patzajito', 0, 0.00, 60.00, '2021-07-06 22:10:16', '2021-07-06', b'0'),
('5cd0c6687d6f0fa41be84d917051fb28', '76cc0d76bec6a6e8233202afc8bdb688', 'FAC-2021-CDHOA', 'orlando velazco', 'tierra colorada', 0, 0.00, 24.00, '2021-07-12 19:48:28', '2021-07-12', b'1'),
('5d999e75213a8233527d86e81703163a', '76cc0d76bec6a6e8233202afc8bdb688', 'FAC-2021-LNZJP', 'pedro tuc tuc', '', 0, 0.00, 148.00, '2021-07-06 02:37:01', '2021-07-05', b'0'),
('5f7d3ab1227bd3f3d187bbfb3bf13f10', '76cc0d76bec6a6e8233202afc8bdb688', 'FAC-2021-QORJX', 'Juana chitic', 'magueyes', 0, 0.00, 216.00, '2021-07-07 20:23:22', '2021-07-07', b'1'),
('6247b90184618a0798a797a85a0b0122', '76cc0d76bec6a6e8233202afc8bdb688', 'FAC-2021-ZWBKY', 'gavino garcia', '', 0, 0.00, 74.00, '2021-07-06 02:37:15', '2021-07-05', b'0'),
('66702b551830386cc3d274a39bc7159e', '76cc0d76bec6a6e8233202afc8bdb688', 'FAC-2021-FFSCO', 'tuc romeo', 'patzajito', 0, 0.00, 194.00, '2021-07-07 22:59:26', '2021-07-07', b'1'),
('668adb62d9f8818d620708dd549d6597', '76cc0d76bec6a6e8233202afc8bdb688', 'FAC-2021-JSAEW', 'rufina', 'la providencia', 0, 0.00, 74.00, '2021-07-06 02:37:00', '2021-07-05', b'0'),
('66d3e0c67a9b460629f98d6421879ed2', '76cc0d76bec6a6e8233202afc8bdb688', 'FAC-2021-BIRGK', 'geraldo', 'patzajito', 0, 0.00, 3465.00, '2021-07-06 02:36:09', '2021-07-05', b'0'),
('6873c7a82543b728e1ecddfc3cb06da3', '76cc0d76bec6a6e8233202afc8bdb688', 'FAC-2021-HZLPV', 'RIGO', '', 0, 0.00, 117.00, '2021-07-06 02:36:58', '2021-07-04', b'0'),
('68f5ae5e749d5e636d6ddedfa3b4117f', '76cc0d76bec6a6e8233202afc8bdb688', 'FAC-2021-NZKCZ', 'tuc romeo', 'patzajito', 0, 0.00, 117.00, '2021-07-07 22:23:20', '2021-07-07', b'1'),
('6bf49b04f37fa6a96ad019cd7593b43b', 'c4ca4238a0b923820dcc509a6f75849b', 'FAC-2021-XLUMW', 'Ejemplo', '', 0, 0.00, 30.00, '2021-07-05 00:17:44', '2021-07-04', b'0'),
('6caf9b5d550b6d48cb7247a9d7484322', '76cc0d76bec6a6e8233202afc8bdb688', 'FAC-2021-FTEGX', 'Tomas', 'el rancho', 0, 0.00, 2301.50, '2021-07-06 02:36:55', '2021-07-04', b'0'),
('6f906efc0a630ca57cedf5ae2ec22f5a', '76cc0d76bec6a6e8233202afc8bdb688', 'FAC-2021-EJWYQ', 'salome julaj', 'magueyes', 0, 0.00, 378.00, '2021-07-06 02:36:13', '2021-07-05', b'0'),
('718d77ec41fc85a2cb5a800f8f955a56', '6db9e08e4295925697af15059da4e995', 'FAC-2021-RJYQU', 'marcelo coc', '', 0, 0.00, 888.00, '2021-07-07 04:10:36', '2021-07-06', b'0'),
('718df8c6a43fe1625afccb009808ada1', '76cc0d76bec6a6e8233202afc8bdb688', 'FAC-2021-FMCZL', 'CF', 'LA ESPERANCITA', 0, 0.00, 220.00, '2021-07-06 02:36:54', '2021-07-04', b'0'),
('757d19429ff2624138f67a39a5b31f75', '76cc0d76bec6a6e8233202afc8bdb688', 'FAC-2021-WHXDL', 'bacilio', 'choavajito', 0, 0.00, 3495.00, '2021-07-07 04:13:24', '2021-07-06', b'0'),
('760b4148b2794a19d00c0d4e7f758349', '76cc0d76bec6a6e8233202afc8bdb688', 'FAC-2021-UZAHX', 'tuc romeo', 'patzajito', 0, 0.00, 165.00, '2021-07-07 20:25:06', '2021-07-07', b'1'),
('78c6a405a8075caa4e300d4b795f2e9e', '76cc0d76bec6a6e8233202afc8bdb688', 'FAC-2021-SGIGF', 'Tomas', 'el rancho', 0, 0.00, 210.00, '2021-07-06 02:37:05', '2021-07-04', b'0'),
('79048d79063e55c838588baebf7bd1ea', '76cc0d76bec6a6e8233202afc8bdb688', 'FAC-2021-DAPDQ', 'rene duarte', 'la piedra  blanca', 0, 0.00, 1069.00, '2021-07-10 16:09:04', '2021-07-10', b'1'),
('798e78ec964f013768ebab9b8d7492ef', '6db9e08e4295925697af15059da4e995', 'FAC-2021-NFYUS', 'Tomas', '', 0, 0.00, 148.00, '2021-07-07 04:13:22', '2021-07-06', b'0'),
('7b055fb5ff49ebdeda1ceebfefb79585', '76cc0d76bec6a6e8233202afc8bdb688', 'FAC-2021-DVQHE', 'ena chitic', 'el rancho', 0, 0.00, 30.00, '2021-07-07 22:05:22', '2021-07-07', b'1'),
('7b77bc3a25db1f6f6a995d86e352b054', '76cc0d76bec6a6e8233202afc8bdb688', 'FAC-2021-WZTFQ', 'rolando ', 'patzajito', 0, 0.00, 310.00, '2021-07-06 02:37:12', '2021-07-05', b'0'),
('7b99b45bf836cd61d54325798918ab03', '76cc0d76bec6a6e8233202afc8bdb688', 'FAC-2021-ACORY', 'rene duarte', 'la piedra  blanca', 0, 0.00, 676.00, '2021-07-08 06:19:57', '2021-07-07', b'1'),
('7bc31f832dadd36afd9319696ad251e2', '76cc0d76bec6a6e8233202afc8bdb688', 'FAC-2021-SBXMW', 'la colina', 'la colina', 0, 0.00, 27.50, '2021-07-07 22:00:06', '2021-07-07', b'1'),
('7c62d6621c33d6958bea53f5f973f9f3', '76cc0d76bec6a6e8233202afc8bdb688', 'FAC-2021-ASCLJ', 'ROMUAIDO HERNANDEZ', 'patzajito', 0, 0.00, 180.00, '2021-07-06 02:36:07', '2021-07-04', b'0'),
('7c69e22154d9fcc9be5c791602cfb071', '76cc0d76bec6a6e8233202afc8bdb688', 'FAC-2021-UDMYZ', 'yonatan', '', 0, 0.00, 310.00, '2021-07-06 02:37:09', '2021-07-05', b'0'),
('7d74b33f855eda091424e52d62a9f895', '76cc0d76bec6a6e8233202afc8bdb688', 'FAC-2021-IHTDP', 'llemo duarte', 'patzajito', 0, 0.00, 158.00, '2021-07-10 13:52:30', '2021-07-10', b'1'),
('7eb161f0309c9f774fc8b64577b1e633', '76cc0d76bec6a6e8233202afc8bdb688', 'FAC-2021-MJCSN', 'tovo', 'el rancho', 0, 0.00, 20.00, '2021-07-08 17:42:51', '2021-07-08', b'1'),
('85a91f6066cb6abc2212f433a1466e80', '76cc0d76bec6a6e8233202afc8bdb688', 'FAC-2021-BLCOZ', 'fransisco  velazco', 'patzajito', 0, 0.00, 60.00, '2021-07-06 22:02:05', '2021-07-06', b'0'),
('86166cddca9af953429c97ce10e6b8bb', '76cc0d76bec6a6e8233202afc8bdb688', 'FAC-2021-IQTRO', 'ferman duarte', 'patzajito', 0, 0.00, 135.00, '2021-07-07 04:13:20', '2021-07-06', b'0'),
('87dc282e97ce1a08e6e8dfa29d57f480', '76cc0d76bec6a6e8233202afc8bdb688', 'FAC-2021-HVSKO', 'juan lucas', '', 0, 0.00, 12.00, '2021-07-08 18:51:41', '2021-07-08', b'1'),
('88aa2b985634944f6ddb3789aee5d15c', '76cc0d76bec6a6e8233202afc8bdb688', 'FAC-2021-XTHXL', 'carlos', 'LA ESPERANCITA', 0, 0.00, 170.00, '2021-07-07 21:13:14', '2021-07-07', b'1'),
('8918c236bd6f3051f8f70a221cdf1c8c', '76cc0d76bec6a6e8233202afc8bdb688', 'FAC-2021-UIBUJ', 'mimi', 'el rancho', 0, 0.00, 165.00, '2021-07-08 14:35:10', '2021-07-08', b'1'),
('8b96dd29239c45fd6c7fb9bee741ea65', '76cc0d76bec6a6e8233202afc8bdb688', 'FAC-2021-BUIJJ', 'rene lazaro', 'patzajito', 0, 0.00, 375.00, '2021-07-10 14:48:30', '2021-07-10', b'1'),
('8be41ab263798775bcd366d272132b89', '76cc0d76bec6a6e8233202afc8bdb688', 'FAC-2021-UPTKQ', 'fransisco  velazco', 'patzajito', 0, 0.00, 60.00, '2021-07-06 22:40:00', '2021-07-06', b'0'),
('8c8632738ab28d5cd3e1ee593ed8a541', '76cc0d76bec6a6e8233202afc8bdb688', 'FAC-2021-IYYCQ', 'cf', '', 0, 0.00, 155.00, '2021-07-06 02:36:59', '2021-07-05', b'0'),
('8cc2e178f0ec4c95dd06e0f14b2beb20', '76cc0d76bec6a6e8233202afc8bdb688', 'FAC-2021-FLDTX', 'daniel tuctuc', '', 0, 0.00, 180.00, '2021-07-07 23:51:22', '2021-07-07', b'1'),
('8cc2fead4a8fefad50380561d75c60d4', '76cc0d76bec6a6e8233202afc8bdb688', 'FAC-2021-FYTFD', 'Tomas', '', 0, 0.00, 510.00, '2021-07-07 04:13:19', '2021-07-06', b'0'),
('9075a3d893965f25359d78ab140d7000', '76cc0d76bec6a6e8233202afc8bdb688', 'FAC-2021-CACCU', 'CF', '', 0, 0.00, 50.00, '2021-07-06 02:36:10', '2021-07-04', b'0'),
('921fe25a717883c79ea7d93c4b27a5bb', '76cc0d76bec6a6e8233202afc8bdb688', 'FAC-2021-QZQLT', 'tuc romeo', 'patzajito', 0, 0.00, 210.00, '2021-07-07 23:25:03', '2021-07-07', b'1'),
('9335adc9ee4f3c2d36a520cc2e6358f4', '76cc0d76bec6a6e8233202afc8bdb688', 'FAC-2021-OQFUI', 'sf', 'patzajito', 0, 0.00, 165.00, '2021-07-07 22:27:58', '2021-07-07', b'1'),
('95e6c017dcee841e7f1f3350801bb545', '76cc0d76bec6a6e8233202afc8bdb688', 'FAC-2021-VCJIQ', 'factor garcia', 'patzajito', 0, 0.00, 636.00, '2021-07-07 22:24:59', '2021-07-07', b'1'),
('9c6e4e5e5cf5b8d6f0a20c86bc8e0872', '76cc0d76bec6a6e8233202afc8bdb688', 'FAC-2021-EKQHL', 'juana martin', 'patzajito', 0, 0.00, 15.00, '2021-07-07 19:09:26', '2021-07-07', b'1'),
('9cd78205c556aa8c8c53707f7da7ec3d', '76cc0d76bec6a6e8233202afc8bdb688', 'FAC-2021-HWXIR', 'tuc bernabe', 'patzajito', 0, 0.00, 148.00, '2021-07-07 20:02:34', '2021-07-07', b'1'),
('9ea76f361cbd17686bf774b434566e71', '76cc0d76bec6a6e8233202afc8bdb688', 'FAC-2021-UCIKN', 'agustin julaj', 'magueyes', 0, 0.00, 993.00, '2021-07-10 14:44:45', '2021-07-10', b'1'),
('9f94e59011e20808976f943b071d8d9b', '76cc0d76bec6a6e8233202afc8bdb688', 'FAC-2021-GJQJZ', 'tuc pancho', '', 0, 0.00, 640.00, '2021-07-12 21:17:17', '2021-07-12', b'1'),
('a0b27562d308519b3a8f7ecf5654c2c7', '76cc0d76bec6a6e8233202afc8bdb688', 'FAC-2021-WBMTQ', 'ramon sanai', '', 0, 0.00, 50.00, '2021-07-12 15:46:12', '2021-07-12', b'1'),
('a13ad23ff03309b9b561dc7eeddcec11', '76cc0d76bec6a6e8233202afc8bdb688', 'FAC-2021-EPPAZ', 'tuc tuc marvin elias', 'patzajito', 0, 0.00, 148.00, '2021-07-08 03:42:25', '2021-07-07', b'1'),
('a226370be7a1b37238a8ea8bc6ace91e', '6db9e08e4295925697af15059da4e995', 'FAC-2021-CIUQC', 'Tomas', '', 0, 0.00, 148.00, '2021-07-07 04:13:16', '2021-07-06', b'0'),
('a3318ebaec9a3b32e9f19d12b45b3bc3', '76cc0d76bec6a6e8233202afc8bdb688', 'FAC-2021-SZHHK', 'santos saquic', 'magueyes', 0, 0.00, 210.00, '2021-07-12 12:56:59', '2021-07-12', b'1'),
('a529f7e145fff3d2e4d276cb2ce95b76', '76cc0d76bec6a6e8233202afc8bdb688', 'FAC-2021-EPAKE', 'cf', '', 0, 0.00, 210.00, '2021-07-06 02:36:53', '2021-07-05', b'0'),
('a805da245fbfc12d964be0edaf1899cb', '76cc0d76bec6a6e8233202afc8bdb688', 'FAC-2021-LXZTK', 'pdro chitic', 'magueyes', 0, 0.00, 140.00, '2021-07-07 20:26:31', '2021-07-07', b'1'),
('a89e13b8cfbda790aa654ef6b4a06b57', '76cc0d76bec6a6e8233202afc8bdb688', 'FAC-2021-FHZRE', 'osvaldo', 'chirramos', 0, 0.00, 165.00, '2021-07-07 21:36:41', '2021-07-07', b'1'),
('ae6911f1a8be5a4102dcd27e4c3b1d1e', '76cc0d76bec6a6e8233202afc8bdb688', 'FAC-2021-XKYJR', 'ferman duarte', 'patzajito', 0, 0.00, 397.00, '2021-07-12 13:53:46', '2021-07-12', b'1'),
('b263fdcb55f06a013ef64c947b2e38ac', '76cc0d76bec6a6e8233202afc8bdb688', 'FAC-2021-GJMLB', 'tavo', '', 0, 0.00, 158.00, '2021-07-12 12:51:20', '2021-07-12', b'1'),
('b2c37353d6bf2de5c42a3c81f0a63840', '76cc0d76bec6a6e8233202afc8bdb688', 'FAC-2021-MXSNR', 'estela chali', 'patzajito', 0, 0.00, 223.00, '2021-07-06 02:37:02', '2021-07-05', b'0'),
('b3911b1d62127ab547265477e20ebd3f', '76cc0d76bec6a6e8233202afc8bdb688', 'FAC-2021-EOXRL', 'fransisco  velazco', '', 0, 0.00, 60.00, '2021-07-06 22:05:58', '2021-07-06', b'0'),
('b3ec84c7987a4f9004e97d6bd15a282f', '76cc0d76bec6a6e8233202afc8bdb688', 'FAC-2021-PCJAB', 'tuc marvin', 'patzajito', 0, 0.00, 222.00, '2021-07-10 16:10:21', '2021-07-10', b'1'),
('b6203c96686e8c48a121443725db6d8d', '76cc0d76bec6a6e8233202afc8bdb688', 'FAC-2021-HFNHZ', 'CF', 'los osorios', 0, 0.00, 224.00, '2021-07-12 22:22:18', '2021-07-12', b'1'),
('b72eade76692fde7c9764f16f9b1af8f', '76cc0d76bec6a6e8233202afc8bdb688', 'FAC-2021-QMCIV', 'tuc bernabe', 'patzajito', 0, 0.00, 33.00, '2021-07-12 20:56:30', '2021-07-12', b'1'),
('b94f3fadfb5347f4ae45f06cbe1ac6f6', '76cc0d76bec6a6e8233202afc8bdb688', 'FAC-2021-RSMMI', 'c f', 'desconocido', 0, 0.00, 234.00, '2021-07-07 20:01:32', '2021-07-07', b'1'),
('ba5ca8a7eed1432f23441c962ca30e59', '76cc0d76bec6a6e8233202afc8bdb688', 'FAC-2021-RQUYY', 'cf', '', 0, 0.00, 73.00, '2021-07-12 19:45:22', '2021-07-12', b'1'),
('baac28584c56c1a71937a4e20ca7ad36', '76cc0d76bec6a6e8233202afc8bdb688', 'FAC-2021-HUCHG', 'tuc tuc', '', 0, 0.00, 208.00, '2021-07-06 02:36:57', '2021-07-05', b'0'),
('bc8e94acf47bfc26c0d7da56908e7a69', '76cc0d76bec6a6e8233202afc8bdb688', 'FAC-2021-SYCDO', 'fransisco  velazco', '', 0, 0.00, 60.00, '2021-07-06 22:31:59', '2021-07-06', b'0'),
('c3b538270548a2e55a647528f5908721', '76cc0d76bec6a6e8233202afc8bdb688', 'FAC-2021-VGSMY', 'chano', 'patzajito', 0, 0.00, 75.00, '2021-07-08 20:23:11', '2021-07-08', b'1'),
('c3e6eb1afd08f37092eae19b4a93cf48', '76cc0d76bec6a6e8233202afc8bdb688', 'FAC-2021-FULQI', 'tono', 'aguas', 0, 0.00, 12565.00, '2021-07-13 01:03:55', '2021-07-12', b'1'),
('c480f251add1506a5c0dfc89654189de', '76cc0d76bec6a6e8233202afc8bdb688', 'FAC-2021-STPEN', 'isavel velasco', 'patzajito', 0, 0.00, 74.00, '2021-07-08 05:40:42', '2021-07-07', b'1'),
('c4db33bcc1d7d9a5d189a1c2b641ca57', '76cc0d76bec6a6e8233202afc8bdb688', 'FAC-2021-UZBRB', 'abraam duarte', 'la piedra  blanca', 0, 0.00, 525.00, '2021-07-07 23:32:14', '2021-07-07', b'1'),
('c8bc3bb19c4f67aa68520b91e8bc03ef', '76cc0d76bec6a6e8233202afc8bdb688', 'FAC-2021-AFQSU', 'felipa chitic', 'el rancho', 0, 0.00, 702.00, '2021-07-08 00:05:08', '2021-07-07', b'1'),
('cb077dc8e97e1ab030e5f69a87c1d3cd', '76cc0d76bec6a6e8233202afc8bdb688', 'FAC-2021-HFNET', 'tuli julaj', 'magueyes', 0, 0.00, 333.00, '2021-07-12 14:14:39', '2021-07-12', b'1'),
('cc9450f000c16a7b4d31be2e5bd7a6d7', '76cc0d76bec6a6e8233202afc8bdb688', 'FAC-2021-CFANS', 'JUVENTINO', '', 0, 0.00, 100.00, '2021-07-06 02:36:11', '2021-07-04', b'0'),
('cd84abbaf760545e66c5de704b3f2058', '76cc0d76bec6a6e8233202afc8bdb688', 'FAC-2021-TOSQF', 'fransisco  velazco', '', 0, 0.00, 60.00, '2021-07-06 22:06:00', '2021-07-06', b'0'),
('cf80feece53fb51baeaf1491b43c90d3', '76cc0d76bec6a6e8233202afc8bdb688', 'FAC-2021-GCSHH', 'tuc victor', 'la providencia', 0, 0.00, 148.00, '2021-07-08 05:59:43', '2021-07-07', b'1'),
('d279de9cb84ef1324b946b465bb20cc8', '76cc0d76bec6a6e8233202afc8bdb688', 'FAC-2021-XFLTN', 'victor atz', '', 0, 0.00, 180.00, '2021-07-12 14:36:06', '2021-07-12', b'1'),
('d36d1044d1c3f9baae2a086320745b38', '76cc0d76bec6a6e8233202afc8bdb688', 'FAC-2021-STAWL', 'diego', 'el rancho', 0, 0.00, 15.00, '2021-07-12 15:25:27', '2021-07-12', b'1'),
('d45c3e4fbdf59df95b6742c6b9c88b83', '76cc0d76bec6a6e8233202afc8bdb688', 'FAC-2021-TADKL', 'Tomas', '', 0, 0.00, 42.00, '2021-07-06 02:37:06', '2021-07-04', b'0'),
('db44c33576e8f1572488b90ba4e65c99', '76cc0d76bec6a6e8233202afc8bdb688', 'FAC-2021-JGISE', 'tuc romeo', 'patzajito', 0, 0.00, 150.00, '2021-07-12 17:55:57', '2021-07-12', b'1'),
('dc41bf101e88df759281ad77f59d7eb3', '76cc0d76bec6a6e8233202afc8bdb688', 'FAC-2021-CUXWW', 'Junior ', 'el rancho', 0, 0.00, 25.00, '2021-07-09 23:28:19', '2021-07-09', b'1'),
('e03132ca17b16df18225aa9f43267b11', '76cc0d76bec6a6e8233202afc8bdb688', 'FAC-2021-NQWLG', 'carlos', 'LA ESPERANCITA', 0, 0.00, 2100.00, '2021-07-06 02:37:03', '2021-07-05', b'0'),
('e089f97d7c7f03cfe6cd2fee2551ef62', '76cc0d76bec6a6e8233202afc8bdb688', 'FAC-2021-ZGXIW', 'tuc tuc efrain', 'el rancho', 0, 0.00, 432.00, '2021-07-12 17:19:12', '2021-07-12', b'1'),
('e1d46c7ebf3c26980a549c5fe815578c', '6db9e08e4295925697af15059da4e995', 'FAC-2021-YUERY', '2', '', 0, 0.00, 120.00, '2021-07-06 22:48:19', '2021-07-06', b'0'),
('e32dc41a3b29f041a51467df526b5060', '76cc0d76bec6a6e8233202afc8bdb688', 'FAC-2021-PNOTQ', 'paco', 'magueyes', 0, 0.00, 55.00, '2021-07-09 14:08:21', '2021-07-09', b'1'),
('e79ee0004fc9559e2013feb2d23d2ff2', '76cc0d76bec6a6e8233202afc8bdb688', 'FAC-2021-BBBHI', 'ruben balan', 'jometes', 0, 0.00, 440.00, '2021-07-08 00:42:35', '2021-07-07', b'1'),
('e88b1bd46a396b450d9cea16ea8e684e', '76cc0d76bec6a6e8233202afc8bdb688', 'FAC-2021-MMDOC', 'orlando velazco', 'patzajito', 0, 0.00, 50.00, '2021-07-10 22:05:50', '2021-07-10', b'1'),
('e9218aaafdbab2c3b58dfa7b3227460f', '76cc0d76bec6a6e8233202afc8bdb688', 'FAC-2021-XMVIU', 'fransisco  velazco', 'patzajito', 0, 0.00, 60.00, '2021-07-06 22:33:06', '2021-07-06', b'0'),
('ec30fc416e6fb2e3589e9b674fb92890', '6db9e08e4295925697af15059da4e995', 'FAC-2021-PUIZF', 'Tomas', '', 0, 0.00, 1805.00, '2021-07-06 13:22:47', '2021-07-05', b'0'),
('edbb6e070856084d4d611b637fe3cb71', '76cc0d76bec6a6e8233202afc8bdb688', 'FAC-2021-NDSDC', 'manuel duarte', 'patzajito', 0, 0.00, 140.00, '2021-07-08 06:22:35', '2021-07-07', b'1'),
('f1c4a3ae6fb5ba5e5cc49c8ef82fa303', '76cc0d76bec6a6e8233202afc8bdb688', 'FAC-2021-LXCXQ', 'chalito', 'patzajito', 0, 0.00, 74.00, '2021-07-08 06:00:50', '2021-07-07', b'1'),
('f29c97112a77d59429e6688a24a93e13', '76cc0d76bec6a6e8233202afc8bdb688', 'FAC-2021-GHIOJ', 'Tomas', 'el rancho', 0, 0.00, 1272.00, '2021-07-08 06:36:12', '2021-07-07', b'1'),
('f578da0cb9622f20f3d091a325bb6468', '76cc0d76bec6a6e8233202afc8bdb688', 'FAC-2021-AQRWK', 'chepito hernandez', 'patzajito', 0, 0.00, 25.00, '2021-07-07 20:00:26', '2021-07-07', b'1'),
('f6af186cd7125be7062b13600589195f', '76cc0d76bec6a6e8233202afc8bdb688', 'FAC-2021-XDJNH', 'Tomas', '', 0, 0.00, 987.00, '2021-07-13 00:31:36', '2021-07-12', b'1'),
('f81f59973d410a5a97fbb849fc12d212', '76cc0d76bec6a6e8233202afc8bdb688', 'FAC-2021-YLNEI', 'estela ', 'patzajito', 0, 0.00, 987.00, '2021-07-12 18:15:56', '2021-07-12', b'1'),
('f9bdcafa79f6d58661c02195f9b09e69', '6db9e08e4295925697af15059da4e995', 'FAC-2021-QSSXH', 'Tomas', '', 0, 0.00, 148.00, '2021-07-07 04:13:23', '2021-07-06', b'0'),
('fc94583a4b14b29f729dc58bc80e3c29', '76cc0d76bec6a6e8233202afc8bdb688', 'FAC-2021-QJKVX', 'Felipe Garcia', 'patzajito', 0, 0.00, 505.00, '2021-07-06 02:37:04', '2021-07-04', b'0'),
('fcbf6f66e4f393d0cad3be5fed5bfcdf', '76cc0d76bec6a6e8233202afc8bdb688', 'FAC-2021-JVEBA', 'ferman duarte', 'patzajito', 0, 0.00, 140.00, '2021-07-08 17:37:09', '2021-07-08', b'1'),
('fcd55b78093937cd0f54490dd7608e2f', '76cc0d76bec6a6e8233202afc8bdb688', 'FAC-2021-NNCWL', 'carro blanco', '', 0, 0.00, 117.00, '2021-07-07 20:27:50', '2021-07-07', b'1'),
('fd9557966d6af2e9bbafcf489a586419', '76cc0d76bec6a6e8233202afc8bdb688', 'FAC-2021-ZZGGL', 'victor atz', '', 0, 0.00, 296.00, '2021-07-06 02:37:16', '2021-07-05', b'0'),
('fdf14852e5795580f2d91d7e23ebe0ae', '76cc0d76bec6a6e8233202afc8bdb688', 'FAC-2021-WBJGI', 'JUVENTINO', 'patzajito', 0, 0.00, 148.00, '2021-07-10 16:11:24', '2021-07-10', b'1'),
('fec2c47152183899b9f5b440df8dba83', '76cc0d76bec6a6e8233202afc8bdb688', 'FAC-2021-CNQBA', 'sff', 'patzajito', 0, 0.00, 490.00, '2021-07-12 22:04:26', '2021-07-12', b'1'),
('ff0525cfc38c4c4a52f990c01f803d7e', '76cc0d76bec6a6e8233202afc8bdb688', 'FAC-2021-UQXEI', 'orlando velazco', '', 0, 0.00, 7564.00, '2021-07-12 13:18:12', '2021-07-12', b'1'),
('ff4be58cc56be59aae875c51e7c7331e', '76cc0d76bec6a6e8233202afc8bdb688', 'FAC-2021-EGAWY', 'paulino julaj', 'magueyes', 0, 0.00, 403.00, '2021-07-07 19:39:56', '2021-07-07', b'1');

-- --------------------------------------------------------

--
-- Estructura de tabla para la tabla `funciones`
--

CREATE TABLE `funciones` (
  `codigo_funcion` varchar(50) NOT NULL,
  `funcion` varchar(50) NOT NULL,
  `icono` varchar(50) NOT NULL,
  `link` varchar(50) NOT NULL,
  `orden` int(11) NOT NULL DEFAULT 0,
  `estado` bit(1) NOT NULL DEFAULT b'1'
) ENGINE=InnoDB DEFAULT CHARSET=utf8mb4;

--
-- Volcado de datos para la tabla `funciones`
--

INSERT INTO `funciones` (`codigo_funcion`, `funcion`, `icono`, `link`, `orden`, `estado`) VALUES
('5a5e2c14d4b6601a757c0a31646ed860', 'Compras', 'shopping-cart', 'Store', 1, b'1'),
('5d232f281a6276504840ac11313bc537', 'Usuarios', 'users', '#', 5, b'1'),
('693368373acc72527633fb9d1f3718cc', 'Productos', 'th', '#', 3, b'1'),
('830cb979a446c0eed165df0e62e72898', 'Ventas', 'store', '#', 4, b'1'),
('a9bb3fadf85962ae6b38e192561d20a8', 'Proveedores', 'truck', 'Supplier', 2, b'1'),
('b7e5cc3ba1cbc61e6bcf5601b4f4b7e3', 'Configuraciones', 'cog', '#', 6, b'1');

-- --------------------------------------------------------

--
-- Estructura de tabla para la tabla `inventario`
--

CREATE TABLE `inventario` (
  `codigo_inventario` varchar(50) NOT NULL,
  `codigo_categoria` varchar(50) NOT NULL,
  `codigo_producto` varchar(50) NOT NULL,
  `codigo_presentacion` varchar(50) NOT NULL,
  `stock` int(3) NOT NULL,
  `precio_compra` double(10,2) NOT NULL DEFAULT 0.00,
  `precio_venta` double(10,2) NOT NULL DEFAULT 0.00,
  `u_lote` double(10,2) NOT NULL DEFAULT 0.00,
  `utilidad` double(10,2) NOT NULL DEFAULT 0.00,
  `stock_libras` double(10,2) NOT NULL DEFAULT 0.00,
  `precio_libras` double(10,2) NOT NULL DEFAULT 0.00,
  `vencimiento` date DEFAULT NULL,
  `u_registro` varchar(50) NOT NULL,
  `f_registro` timestamp NOT NULL DEFAULT current_timestamp() ON UPDATE current_timestamp(),
  `u_actualizacion` varchar(50) NOT NULL,
  `f_actualizacion` datetime NOT NULL,
  `u_eliminacion` varchar(50) NOT NULL,
  `f_eliminacion` datetime NOT NULL,
  `estado` bit(1) NOT NULL DEFAULT b'1'
) ENGINE=InnoDB DEFAULT CHARSET=utf8mb4;

--
-- Volcado de datos para la tabla `inventario`
--

INSERT INTO `inventario` (`codigo_inventario`, `codigo_categoria`, `codigo_producto`, `codigo_presentacion`, `stock`, `precio_compra`, `precio_venta`, `u_lote`, `utilidad`, `stock_libras`, `precio_libras`, `vencimiento`, `u_registro`, `f_registro`, `u_actualizacion`, `f_actualizacion`, `u_eliminacion`, `f_eliminacion`, `estado`) VALUES
('00601b4c0c73505df2e0eb8000f56091', 'baa661154ee9582abf982570b201298e', 'b85ba33dee2fc1125225df271c9e402a', 'b14d265b293dd0e7e24df1c4513f7e11', 0, 240.00, 245.00, 20.00, 5.00, 89.00, 3.00, NULL, 'fac9173ebc681c18e432158195adb3b4', '2021-07-07 05:41:10', '', '0000-00-00 00:00:00', '6db9e08e4295925697af15059da4e995', '2021-07-06 23:41:10', b'0'),
('01f287e5a0907d9d20dfb074a3778d10', 'd583ed2bf0381b082922ec1b7f6abf70', '24c6d0e9cfd1ae282db6b16461fdc8e8', '30c865844259683b92811bcfc143b9fb', 2, 195.00, 200.00, 15.00, 5.00, 0.00, 0.00, '2021-06-15', '6db9e08e4295925697af15059da4e995', '2021-07-10 14:48:30', 'fac9173ebc681c18e432158195adb3b4', '0000-00-00 00:00:00', '', '0000-00-00 00:00:00', b'1'),
('0840364e7feb9934356300d21518b6ef', '1be3842ece0b6fbab575bc32ea7737f5', 'bf867be180c321a6b533a1a8afff70c7', 'b14d265b293dd0e7e24df1c4513f7e11', 593, 205.00, 210.00, 0.00, 5.00, 0.00, 0.00, NULL, '6db9e08e4295925697af15059da4e995', '2021-07-07 05:36:54', '', '0000-00-00 00:00:00', '6db9e08e4295925697af15059da4e995', '2021-07-06 23:36:54', b'0'),
('0d3698355b50c58023950fbb3328a7a2', 'd583ed2bf0381b082922ec1b7f6abf70', 'e09bdd2d816850a5b676eeeab402ec51', '9daf33f726a1a305ad86d9dc467d3e33', 23, 85.00, 90.00, 115.00, 5.00, 0.00, 0.00, '2021-06-15', '6db9e08e4295925697af15059da4e995', '2021-07-05 00:32:20', 'fac9173ebc681c18e432158195adb3b4', '0000-00-00 00:00:00', '', '0000-00-00 00:00:00', b'1'),
('0e767624fc71d2ab3d59bd9715ad3ac0', 'baa661154ee9582abf982570b201298e', '3fb13f78f8e5b00068798adffb5768c0', 'b14d265b293dd0e7e24df1c4513f7e11', 0, 240.00, 245.00, 20.00, 5.00, -16.27, 3.00, NULL, '6db9e08e4295925697af15059da4e995', '2021-07-12 20:56:30', '', '0000-00-00 00:00:00', '', '0000-00-00 00:00:00', b'1'),
('103c6e1e40c36ddd5a031046956952ef', 'd583ed2bf0381b082922ec1b7f6abf70', '60519158503c2540c9b2f8800d7fb0dc', '961d26ccde1ec19757a2869481fa9c7d', 2, 30.00, 35.00, 10.00, 5.00, 0.00, 0.00, '2021-06-15', '6db9e08e4295925697af15059da4e995', '2021-07-05 00:31:12', 'fac9173ebc681c18e432158195adb3b4', '0000-00-00 00:00:00', '', '0000-00-00 00:00:00', b'1'),
('11a3d47727859b2d08695ec3c267b6d2', '1be3842ece0b6fbab575bc32ea7737f5', '139189a539b69123a0cc772165e49dd2', 'b14d265b293dd0e7e24df1c4513f7e11', 364, 110.00, 117.00, 0.00, 7.00, 0.00, 0.00, NULL, '6db9e08e4295925697af15059da4e995', '2021-07-07 05:39:37', '', '0000-00-00 00:00:00', '6db9e08e4295925697af15059da4e995', '2021-07-06 23:39:37', b'0'),
('13695efc5ae910e0fda733425f4d23b7', 'd583ed2bf0381b082922ec1b7f6abf70', '586bf50773ddb0e8027684037f747821', '434bc1ec37deb904edae7942b10cc350', 7, 20.00, 22.00, 14.00, 2.00, 0.00, 0.00, '2021-06-15', '6db9e08e4295925697af15059da4e995', '2021-07-05 00:40:49', 'fac9173ebc681c18e432158195adb3b4', '0000-00-00 00:00:00', '', '0000-00-00 00:00:00', b'1'),
('155acf75276314a765509d8278a7944b', 'd583ed2bf0381b082922ec1b7f6abf70', '18ea44856685650a6ab1bcd137345b37', '961d26ccde1ec19757a2869481fa9c7d', 6, 100.00, 105.00, 30.00, 5.00, 0.00, 0.00, '2021-06-15', '6db9e08e4295925697af15059da4e995', '2021-07-05 00:28:17', 'fac9173ebc681c18e432158195adb3b4', '0000-00-00 00:00:00', '', '0000-00-00 00:00:00', b'1'),
('178b497144a62461c37250c0dccf4aaf', 'baa661154ee9582abf982570b201298e', '796530e91c2c51ae39014a1a4b504db4', 'b14d265b293dd0e7e24df1c4513f7e11', 37, 65.00, 70.00, 195.00, 5.00, 0.00, 0.00, NULL, 'fac9173ebc681c18e432158195adb3b4', '2021-07-07 05:48:01', '', '0000-00-00 00:00:00', '6db9e08e4295925697af15059da4e995', '2021-07-06 23:48:01', b'0'),
('1b892fab0464c7e97c60d03ea3769487', 'baa661154ee9582abf982570b201298e', '389fbddb63f51afb8f7a50ef6df05e11', '2d5a06d564dc87d865db2a502c7fe43b', 0, 365.00, 370.00, 0.00, 5.00, 0.56, 5.00, NULL, '6db9e08e4295925697af15059da4e995', '2021-07-07 06:03:10', '', '0000-00-00 00:00:00', '', '0000-00-00 00:00:00', b'1'),
('1f1cffafd28dcaa5dd1877cc61e128d4', 'baa661154ee9582abf982570b201298e', '4f00419eb1e2b886a733526c76e33e47', 'b14d265b293dd0e7e24df1c4513f7e11', 10, 175.00, 180.00, 50.00, 5.00, 0.00, 0.00, '2021-06-15', '6db9e08e4295925697af15059da4e995', '2021-07-13 01:21:23', 'fac9173ebc681c18e432158195adb3b4', '0000-00-00 00:00:00', '', '0000-00-00 00:00:00', b'1'),
('21ac5f5793dcd5f3f8e898352faffb5c', 'd583ed2bf0381b082922ec1b7f6abf70', '4b470473bfbf923934ad9e430545b7c2', '51f6fa532022193ae53f4ab49e994f76', 11, 85.00, 90.00, 110.00, 10.00, 0.00, 0.00, '2021-06-15', '6db9e08e4295925697af15059da4e995', '2021-07-05 00:26:30', 'fac9173ebc681c18e432158195adb3b4', '0000-00-00 00:00:00', '', '0000-00-00 00:00:00', b'1'),
('221f1104e0b6bf3827fa4eb5f1dcd53d', '1be3842ece0b6fbab575bc32ea7737f5', 'd521e8cbfeca7e534ca9336cf5fbede8', 'b14d265b293dd0e7e24df1c4513f7e11', 364, 112.00, 117.00, 0.00, 5.00, 0.28, 1.50, NULL, '6db9e08e4295925697af15059da4e995', '2021-07-07 07:20:35', '', '0000-00-00 00:00:00', '6db9e08e4295925697af15059da4e995', '2021-07-07 01:20:35', b'0'),
('223ada53032cc5aadfd5b20ac36889cd', '1be3842ece0b6fbab575bc32ea7737f5', '2223c27380ed1e4b6929d135eae87e6f', 'b14d265b293dd0e7e24df1c4513f7e11', 10, 150.00, 0.00, 1.00, -150.00, 0.00, 0.00, '2021-07-08', 'c4ca4238a0b923820dcc509a6f75849b', '2021-07-04 03:45:12', '', '0000-00-00 00:00:00', 'c4ca4238a0b923820dcc509a6f75849b', '2021-06-25 23:17:52', b'1'),
('22dab44c6f9251c635d2c8257d9ca1b8', 'baa661154ee9582abf982570b201298e', '9450727da29fd15b3cbd7b5ff463a57f', '2d5a06d564dc87d865db2a502c7fe43b', 96, 25.00, 30.00, 0.00, 5.00, 0.00, 0.00, NULL, '6db9e08e4295925697af15059da4e995', '2021-07-07 06:06:30', '', '0000-00-00 00:00:00', '', '0000-00-00 00:00:00', b'1'),
('262a984717aab66b1e3cf06060a1ac13', '1be3842ece0b6fbab575bc32ea7737f5', '847489c618fa6195792631e575f003a0', 'b14d265b293dd0e7e24df1c4513f7e11', 1, 100.00, 107.00, 0.00, 7.00, 0.00, 0.00, '2021-06-15', '6db9e08e4295925697af15059da4e995', '2021-07-05 00:48:15', '', '0000-00-00 00:00:00', 'fac9173ebc681c18e432158195adb3b4', '2021-07-04 18:48:15', b'0'),
('26706170308bcd756d02d8fea71a3290', 'd583ed2bf0381b082922ec1b7f6abf70', 'ba60c41e79a69909be474bd574810a93', '961d26ccde1ec19757a2869481fa9c7d', 13, 44.00, 50.00, 78.00, 6.00, 0.00, 0.00, NULL, 'fac9173ebc681c18e432158195adb3b4', '2021-07-07 05:11:05', '6db9e08e4295925697af15059da4e995', '0000-00-00 00:00:00', '', '0000-00-00 00:00:00', b'1'),
('28316391129145667eef8741a20baa99', 'd583ed2bf0381b082922ec1b7f6abf70', '42b1c20160989a4dbedc1d827f80b774', '2d5a06d564dc87d865db2a502c7fe43b', 12, 3.00, 8.00, 85.00, 5.00, 0.00, 0.00, '2021-06-15', '6db9e08e4295925697af15059da4e995', '2021-07-12 13:18:12', 'fac9173ebc681c18e432158195adb3b4', '0000-00-00 00:00:00', '', '0000-00-00 00:00:00', b'1'),
('284d0c88b08836b9315c7f32d60dc491', 'd583ed2bf0381b082922ec1b7f6abf70', '8be20f4f18f92c2dda918ef4daa95ea8', '961d26ccde1ec19757a2869481fa9c7d', 11, 45.00, 50.00, 150.00, 5.00, 0.00, 0.00, '2021-06-15', '6db9e08e4295925697af15059da4e995', '2021-07-12 20:49:00', '6db9e08e4295925697af15059da4e995', '0000-00-00 00:00:00', '', '0000-00-00 00:00:00', b'1'),
('2bb49ffb2e1c7917832d3656bfff7323', 'd583ed2bf0381b082922ec1b7f6abf70', '259d2cfbd5bebf466863ff03c801e676', '8bcc3be85c541bddc24d0ceffa1e7a46', 7, 55.00, 60.00, 55.00, 5.00, 0.00, 0.00, '2021-06-15', '6db9e08e4295925697af15059da4e995', '2021-07-13 01:03:55', 'fac9173ebc681c18e432158195adb3b4', '0000-00-00 00:00:00', '', '0000-00-00 00:00:00', b'1'),
('32e027907c907e76c20322febd40f041', '1be3842ece0b6fbab575bc32ea7737f5', 'd0737b572e4c38aaaa4893a5b3c382dd', 'b14d265b293dd0e7e24df1c4513f7e11', 1, 200.00, 206.00, 0.00, 6.00, 0.00, 0.00, '2021-06-15', '6db9e08e4295925697af15059da4e995', '2021-07-05 00:47:02', '', '0000-00-00 00:00:00', 'fac9173ebc681c18e432158195adb3b4', '2021-07-04 18:47:02', b'0'),
('33dab1f8f6b721b2e7261b899565da6d', 'baa661154ee9582abf982570b201298e', '6fe4b69479dfa8c6c3b56da53059d8bb', 'b14d265b293dd0e7e24df1c4513f7e11', 10, 220.00, 225.00, 50.00, 5.00, 0.00, 0.00, '2021-06-15', '6db9e08e4295925697af15059da4e995', '2021-07-13 01:19:04', 'fac9173ebc681c18e432158195adb3b4', '0000-00-00 00:00:00', '', '0000-00-00 00:00:00', b'1'),
('34af8dadcb15342fdc070cb765b7ac28', 'fb85aee11e7190e586d2422f24a604e6', '63471534d1cf922d62716dccc76ea1cb', 'ae7623aaf5149513ab5bb76254a46ee5', 20, 22.00, 25.00, 44.00, 3.00, 0.00, 0.00, '2021-06-15', '6db9e08e4295925697af15059da4e995', '2021-07-09 23:33:49', '6db9e08e4295925697af15059da4e995', '0000-00-00 00:00:00', '', '0000-00-00 00:00:00', b'1'),
('366187e11869d799e260368d8c46050e', 'd583ed2bf0381b082922ec1b7f6abf70', '480659e80ee97adaac165fb65a432d7d', '961d26ccde1ec19757a2869481fa9c7d', 8, 45.00, 50.00, 40.00, 5.00, 0.00, 0.00, '2021-06-15', '6db9e08e4295925697af15059da4e995', '2021-07-05 00:39:59', 'fac9173ebc681c18e432158195adb3b4', '0000-00-00 00:00:00', '', '0000-00-00 00:00:00', b'1'),
('36fc2287fa287ea578dfb4743fc3846f', '1be3842ece0b6fbab575bc32ea7737f5', '69f076d5498c2fa22c0750920a704449', 'b14d265b293dd0e7e24df1c4513f7e11', 34, 210.00, 216.00, 390.00, 6.00, 0.68, 2.50, NULL, '6db9e08e4295925697af15059da4e995', '2021-07-12 14:14:39', '', '0000-00-00 00:00:00', '', '0000-00-00 00:00:00', b'1'),
('3a4f28531e9bf968a5834859c0e68d63', 'baa661154ee9582abf982570b201298e', 'fc4c38828aa97b0fdb05ea7b0d679f41', 'b14d265b293dd0e7e24df1c4513f7e11', 4, 240.00, 245.00, 20.00, 5.00, 89.00, 2.50, NULL, 'fac9173ebc681c18e432158195adb3b4', '2021-07-05 01:14:54', '', '0000-00-00 00:00:00', 'fac9173ebc681c18e432158195adb3b4', '2021-07-04 19:14:54', b'0'),
('3b338f8163ca28e836eb83384e428f9e', 'baa661154ee9582abf982570b201298e', '5e36c5dac6a16841ce52ffc66ba989cc', 'b14d265b293dd0e7e24df1c4513f7e11', 2, 173.00, 175.00, 6.00, 2.00, 0.00, 0.00, '2021-06-15', '6db9e08e4295925697af15059da4e995', '2021-07-10 14:48:30', 'fac9173ebc681c18e432158195adb3b4', '0000-00-00 00:00:00', '', '0000-00-00 00:00:00', b'1'),
('438ae199f9d56c651fe4ac4f7de3063c', 'd583ed2bf0381b082922ec1b7f6abf70', '290cb70a001962b41ff9454b95fd7da4', '9daf33f726a1a305ad86d9dc467d3e33', 2, 80.00, 85.00, 10.00, 5.00, 0.00, 0.00, '2021-06-15', '6db9e08e4295925697af15059da4e995', '2021-07-05 00:32:45', 'fac9173ebc681c18e432158195adb3b4', '0000-00-00 00:00:00', '', '0000-00-00 00:00:00', b'1'),
('43b9016ca99dbceaecfe94a68e89eafd', 'd583ed2bf0381b082922ec1b7f6abf70', '746b462c6dfcc3ac54177e879c14d779', '434bc1ec37deb904edae7942b10cc350', 2, 55.00, 60.00, 10.00, 5.00, 0.00, 0.00, '2021-06-15', '6db9e08e4295925697af15059da4e995', '2021-07-05 00:33:57', 'fac9173ebc681c18e432158195adb3b4', '0000-00-00 00:00:00', '', '0000-00-00 00:00:00', b'1'),
('44ad263948a0e4e6c109a00e8ffc67e1', 'baa661154ee9582abf982570b201298e', '178cbb88fb31e407326b2706231e1040', 'b14d265b293dd0e7e24df1c4513f7e11', 15, 213.00, 218.00, 75.00, 5.00, 0.00, 0.00, '2021-06-15', '6db9e08e4295925697af15059da4e995', '2021-07-05 01:18:53', '', '0000-00-00 00:00:00', 'fac9173ebc681c18e432158195adb3b4', '2021-07-04 19:18:53', b'0'),
('45821b0a5e960cfeed855a5dda0687f4', 'fb85aee11e7190e586d2422f24a604e6', 'bf7c4675664fb4ee730b91aaabbceda4', '208e489af92d56a877e47e5db1760a97', 62, 52.00, 60.00, 496.00, 8.00, 0.00, 0.00, '2021-06-15', '6db9e08e4295925697af15059da4e995', '2021-07-07 06:28:54', 'fac9173ebc681c18e432158195adb3b4', '0000-00-00 00:00:00', '6db9e08e4295925697af15059da4e995', '2021-07-07 00:28:54', b'0'),
('48373981246d89564eec49255c64701a', 'd583ed2bf0381b082922ec1b7f6abf70', '89b24d6796aa0be4a10858d5ec32e9c6', '30c865844259683b92811bcfc143b9fb', 6, 171.00, 176.00, 30.00, 5.00, 0.00, 0.00, '2021-06-15', '6db9e08e4295925697af15059da4e995', '2021-07-07 05:07:49', '6db9e08e4295925697af15059da4e995', '0000-00-00 00:00:00', '', '0000-00-00 00:00:00', b'1'),
('493889b8851a39278bd9e5da4014981e', 'baa661154ee9582abf982570b201298e', 'eb1acc4da2919d2881b64518ac215392', 'b14d265b293dd0e7e24df1c4513f7e11', 0, 308.00, 450.00, 994.00, 142.00, -10.25, 5.00, NULL, '6db9e08e4295925697af15059da4e995', '2021-07-12 12:49:54', '', '0000-00-00 00:00:00', '', '0000-00-00 00:00:00', b'1'),
('4a6412283479d2fcdaac8b0db18ece75', 'baa661154ee9582abf982570b201298e', '252c4319c52aef3140e5cfd009808e42', '2d5a06d564dc87d865db2a502c7fe43b', 0, 0.00, 0.00, 0.00, 0.00, 781.00, 5.00, NULL, 'fac9173ebc681c18e432158195adb3b4', '2021-07-07 06:00:07', '', '0000-00-00 00:00:00', '6db9e08e4295925697af15059da4e995', '2021-07-07 00:00:07', b'0'),
('52096d805c387d2fab383e91eb6426c3', '1be3842ece0b6fbab575bc32ea7737f5', 'cadebc2167d7d12a1ded701f34e94c4f', 'b14d265b293dd0e7e24df1c4513f7e11', 638, 205.00, 210.00, 0.00, 5.00, 47.00, 2.50, NULL, 'fac9173ebc681c18e432158195adb3b4', '2021-07-07 04:53:59', '', '0000-00-00 00:00:00', '6db9e08e4295925697af15059da4e995', '2021-07-06 22:53:59', b'0'),
('522bfc7336b192d8b81b001a0a3e56f3', 'fb85aee11e7190e586d2422f24a604e6', '41af66ca7433384290782621a3b22afb', '208e489af92d56a877e47e5db1760a97', 49, 56.00, 60.00, 216.00, 4.00, 0.00, 0.00, NULL, '6db9e08e4295925697af15059da4e995', '2021-07-14 05:45:33', '', '0000-00-00 00:00:00', '', '0000-00-00 00:00:00', b'1'),
('5a85df474abb68c7914a3bb0af599d6b', '1be3842ece0b6fbab575bc32ea7737f5', '2b22d6f43e0249ff61c65b6ed6239df0', 'b14d265b293dd0e7e24df1c4513f7e11', 0, 205.00, 210.00, 0.00, 5.00, 0.00, 0.00, '2021-06-15', '6db9e08e4295925697af15059da4e995', '2021-07-05 00:45:37', 'fac9173ebc681c18e432158195adb3b4', '0000-00-00 00:00:00', 'fac9173ebc681c18e432158195adb3b4', '2021-07-04 18:45:37', b'0'),
('5aa4bcf5eb05df8572366ce816c2afd1', 'baa661154ee9582abf982570b201298e', 'fade477ea3625ecfd5ef2e7ba46fed65', 'b14d265b293dd0e7e24df1c4513f7e11', 9, 100.00, 2.50, 1.50, 100.00, 0.00, 99.00, '2022-06-25', 'c4ca4238a0b923820dcc509a6f75849b', '2021-07-04 13:51:37', '', '0000-00-00 00:00:00', '6db9e08e4295925697af15059da4e995', '2021-07-04 07:51:37', b'0'),
('5afbb3b4eabf87342ca75b21451638dc', 'd583ed2bf0381b082922ec1b7f6abf70', 'c8f0350bed2deca10801716973e4e028', '961d26ccde1ec19757a2869481fa9c7d', 2, 35.00, 40.00, 10.00, 5.00, 0.00, 0.00, '2021-06-15', '6db9e08e4295925697af15059da4e995', '2021-07-05 00:30:38', 'fac9173ebc681c18e432158195adb3b4', '0000-00-00 00:00:00', '', '0000-00-00 00:00:00', b'1'),
('5b3b501374ef55061d48c90002c9d668', 'baa661154ee9582abf982570b201298e', 'f301d99d467dcd68e2c68de93bb728e3', '2d5a06d564dc87d865db2a502c7fe43b', 0, 0.00, 0.00, 0.00, 0.00, 73.00, 3.00, NULL, '6db9e08e4295925697af15059da4e995', '2021-07-07 05:30:12', '', '0000-00-00 00:00:00', '6db9e08e4295925697af15059da4e995', '2021-07-06 23:30:12', b'0'),
('5d73bf41c01003b0513b24181a0789f6', 'd583ed2bf0381b082922ec1b7f6abf70', '88e004d005e0d3abc77fefe03422bc3c', '9daf33f726a1a305ad86d9dc467d3e33', 11, 0.00, 26.00, 312.00, 26.00, 0.00, 0.00, '2021-06-15', '6db9e08e4295925697af15059da4e995', '2021-07-07 19:39:56', 'fac9173ebc681c18e432158195adb3b4', '0000-00-00 00:00:00', '', '0000-00-00 00:00:00', b'1'),
('5e26f82062361a11af36b25dd3362e96', 'baa661154ee9582abf982570b201298e', 'b2c1e320c81b54537a6270488e335e1c', 'b14d265b293dd0e7e24df1c4513f7e11', 1, 86.00, 90.00, 8.00, 4.00, 0.00, 0.00, '2021-06-15', '6db9e08e4295925697af15059da4e995', '2021-07-05 01:37:05', 'fac9173ebc681c18e432158195adb3b4', '0000-00-00 00:00:00', '', '0000-00-00 00:00:00', b'1'),
('5f118b2f1c374ed6fdaaba6ca0e0e884', 'd583ed2bf0381b082922ec1b7f6abf70', 'd39f6f732213aba7d154ac474825117c', 'd940b157a75b8172b4ec6f6445975973', 9, 28.00, 32.00, 36.00, 4.00, 0.00, 0.00, '2021-06-15', '6db9e08e4295925697af15059da4e995', '2021-07-07 05:00:07', '6db9e08e4295925697af15059da4e995', '0000-00-00 00:00:00', '', '0000-00-00 00:00:00', b'1'),
('61fded6bd6cfe5a5a4222ea1c72b617f', 'baa661154ee9582abf982570b201298e', '6ee24ceafde754bea8287ec102eb83e1', 'b14d265b293dd0e7e24df1c4513f7e11', 4, 240.00, 245.00, 20.00, 5.00, 0.00, 0.00, NULL, '6db9e08e4295925697af15059da4e995', '2021-07-07 05:30:21', '', '0000-00-00 00:00:00', '6db9e08e4295925697af15059da4e995', '2021-07-06 23:30:21', b'0'),
('634984d0ed72a80560d83ead9f59e978', 'fb85aee11e7190e586d2422f24a604e6', '636fb605e9a62683e281bd3b73e16fd8', '961d26ccde1ec19757a2869481fa9c7d', 10, 150.00, 2.50, 1.00, 150.00, 0.00, 100.00, '2022-06-25', 'c4ca4238a0b923820dcc509a6f75849b', '2021-07-04 13:51:25', '', '0000-00-00 00:00:00', '6db9e08e4295925697af15059da4e995', '2021-07-04 07:51:25', b'0'),
('64218ef65c2c29f0cc924e64fa37bdf2', 'baa661154ee9582abf982570b201298e', 'ec6d2557a790bf623c2b9c32e0291a62', 'b14d265b293dd0e7e24df1c4513f7e11', 18, 171.00, 180.00, 207.00, 9.00, 0.00, 0.00, '2021-06-15', '6db9e08e4295925697af15059da4e995', '2021-07-10 16:09:04', '6db9e08e4295925697af15059da4e995', '0000-00-00 00:00:00', '', '0000-00-00 00:00:00', b'1'),
('660b78d661e60047e747beb409979a00', 'baa661154ee9582abf982570b201298e', '2bee32cce13f96c15e7fb4da1dad90c0', 'b14d265b293dd0e7e24df1c4513f7e11', 39, 65.00, 70.00, 195.00, 5.00, 0.00, 0.00, '2021-06-15', '6db9e08e4295925697af15059da4e995', '2021-07-05 01:21:20', 'fac9173ebc681c18e432158195adb3b4', '0000-00-00 00:00:00', 'fac9173ebc681c18e432158195adb3b4', '2021-07-04 19:21:20', b'0'),
('686d519f15840616c083df93935dcca4', 'baa661154ee9582abf982570b201298e', 'd790c752a86e78d4bcb44715eb91ffa2', 'b14d265b293dd0e7e24df1c4513f7e11', 1, 235.00, 243.00, 0.00, 8.00, 0.00, 0.00, '2021-06-15', '6db9e08e4295925697af15059da4e995', '2021-07-05 01:16:59', '', '0000-00-00 00:00:00', 'fac9173ebc681c18e432158195adb3b4', '2021-07-04 19:16:59', b'0'),
('6ae83c824d9733b51b9f43acbcaa6a8f', 'd583ed2bf0381b082922ec1b7f6abf70', 'dacdfd4ba951a1da7686a617cc707de5', '30c865844259683b92811bcfc143b9fb', 5, 150.00, 155.00, 30.00, 5.00, 0.00, 0.00, '2021-06-15', '6db9e08e4295925697af15059da4e995', '2021-07-12 18:18:11', 'fac9173ebc681c18e432158195adb3b4', '0000-00-00 00:00:00', '', '0000-00-00 00:00:00', b'1'),
('6b01999c3777a637155a908518c31f6f', 'baa661154ee9582abf982570b201298e', '10be43288f53e7fdaeee916a8c4e1979', 'b14d265b293dd0e7e24df1c4513f7e11', 1, 390.00, 400.00, 0.00, 10.00, 0.00, 0.00, '2021-06-15', '6db9e08e4295925697af15059da4e995', '2021-07-05 01:12:05', '', '0000-00-00 00:00:00', 'fac9173ebc681c18e432158195adb3b4', '2021-07-04 19:12:05', b'0'),
('6c5da4b9b78f519cd799e83329546963', 'baa661154ee9582abf982570b201298e', 'd98c6cf4dcc3c742fbad1f7fc667ca04', '2d5a06d564dc87d865db2a502c7fe43b', 73, 0.00, 0.00, 0.00, 0.00, 73.00, 3.00, NULL, '6db9e08e4295925697af15059da4e995', '2021-07-07 05:27:27', '6db9e08e4295925697af15059da4e995', '0000-00-00 00:00:00', '6db9e08e4295925697af15059da4e995', '2021-07-06 23:27:27', b'0'),
('6f4b9bc8698c146e7f3223a9369198b0', 'baa661154ee9582abf982570b201298e', '7bdc3282923e1d6c0d49fb3ffa19264c', 'b14d265b293dd0e7e24df1c4513f7e11', -2, 218.00, 223.00, 0.00, 5.00, 18.00, 2.50, NULL, 'fac9173ebc681c18e432158195adb3b4', '2021-07-07 05:44:12', '', '0000-00-00 00:00:00', '6db9e08e4295925697af15059da4e995', '2021-07-06 23:44:12', b'0'),
('71dd69b8434715bca868705faf6dcf08', '1be3842ece0b6fbab575bc32ea7737f5', 'b7e67b42b99762b090e84396e6145925', 'b14d265b293dd0e7e24df1c4513f7e11', 0, 190.00, 200.00, 0.00, 10.00, 0.00, 0.00, '2021-06-15', '6db9e08e4295925697af15059da4e995', '2021-07-07 05:19:35', '6db9e08e4295925697af15059da4e995', '0000-00-00 00:00:00', '', '0000-00-00 00:00:00', b'1'),
('75486958e0e7826d37756910f7a5ed04', 'baa661154ee9582abf982570b201298e', '57027c3685ed14d169d91cd18bf69111', 'b14d265b293dd0e7e24df1c4513f7e11', 15, 180.00, 185.00, 75.00, 5.00, 0.00, 0.00, '2021-06-15', '6db9e08e4295925697af15059da4e995', '2021-07-13 01:21:05', 'fac9173ebc681c18e432158195adb3b4', '0000-00-00 00:00:00', '', '0000-00-00 00:00:00', b'1'),
('75a35e891b66337a7e4552be285814e3', 'baa661154ee9582abf982570b201298e', '5b63083376beb811e5bce3a95ad3d2c4', '2d5a06d564dc87d865db2a502c7fe43b', 0, 0.00, 0.00, 0.00, 0.00, 56.00, 5.00, NULL, 'fac9173ebc681c18e432158195adb3b4', '2021-07-07 06:01:56', '', '0000-00-00 00:00:00', '6db9e08e4295925697af15059da4e995', '2021-07-07 00:01:56', b'0'),
('76de2a8076ab58c4335262845273ba07', 'baa661154ee9582abf982570b201298e', '8928bf5b39041d058b33a732c4deb350', 'b14d265b293dd0e7e24df1c4513f7e11', 1, 240.00, 245.00, 0.00, 5.00, 0.00, 0.00, '2021-06-15', '6db9e08e4295925697af15059da4e995', '2021-07-05 01:16:13', '', '0000-00-00 00:00:00', 'fac9173ebc681c18e432158195adb3b4', '2021-07-04 19:16:13', b'0'),
('79dd31f0023be8fe9e76965567589bba', 'baa661154ee9582abf982570b201298e', '15c0d0f968713bbf102ee0be564b709c', 'b14d265b293dd0e7e24df1c4513f7e11', 0, 240.00, 245.00, 20.00, 5.00, 17.00, 3.00, NULL, '6db9e08e4295925697af15059da4e995', '2021-07-12 18:29:20', '', '0000-00-00 00:00:00', '', '0000-00-00 00:00:00', b'1'),
('7af8fe65b6922ea03368c7403b8c69e7', 'fb85aee11e7190e586d2422f24a604e6', '83d548b152a44995e5a4d878d73428a0', '208e489af92d56a877e47e5db1760a97', 21, 63.00, 68.00, 115.00, 5.00, 0.00, 0.00, '2021-06-15', '6db9e08e4295925697af15059da4e995', '2021-07-13 01:03:55', 'fac9173ebc681c18e432158195adb3b4', '0000-00-00 00:00:00', '', '0000-00-00 00:00:00', b'1'),
('7b6fca793e5f82d27440da063d054e6d', 'baa661154ee9582abf982570b201298e', '1e9094269a9a451422cb769c6d80b91b', 'b14d265b293dd0e7e24df1c4513f7e11', 17, 153.00, 158.00, 125.00, 5.00, 0.00, 0.00, '2021-06-15', '6db9e08e4295925697af15059da4e995', '2021-07-12 12:51:20', '6db9e08e4295925697af15059da4e995', '0000-00-00 00:00:00', '', '0000-00-00 00:00:00', b'1'),
('7ce274b679ca6953e8dbb570994630fe', 'baa661154ee9582abf982570b201298e', 'd3244a3c483d5da20e6e66e0b1cbef7f', 'b14d265b293dd0e7e24df1c4513f7e11', 1, 240.00, 245.00, 0.00, 5.00, 0.00, 0.00, '2021-06-15', '6db9e08e4295925697af15059da4e995', '2021-07-05 01:16:04', '', '0000-00-00 00:00:00', 'fac9173ebc681c18e432158195adb3b4', '2021-07-04 19:16:04', b'0'),
('805fb35d86a02ef839203906695ccd52', 'baa661154ee9582abf982570b201298e', '5643da897b1e06c7b2ddff5a322dc876', 'b14d265b293dd0e7e24df1c4513f7e11', 0, 125.00, 130.00, 0.00, 5.00, 0.00, 0.00, '2021-06-15', '6db9e08e4295925697af15059da4e995', '2021-07-05 01:03:20', 'fac9173ebc681c18e432158195adb3b4', '0000-00-00 00:00:00', '', '0000-00-00 00:00:00', b'1'),
('8091caf0a2ba993777ac14970ff40b76', 'd583ed2bf0381b082922ec1b7f6abf70', '26ea82cba4e0cfa6892a0e3c7fe35b15', '961d26ccde1ec19757a2869481fa9c7d', 2, 135.00, 140.00, 10.00, 5.00, 0.00, 0.00, '2021-06-15', '6db9e08e4295925697af15059da4e995', '2021-07-05 00:29:50', 'fac9173ebc681c18e432158195adb3b4', '0000-00-00 00:00:00', '', '0000-00-00 00:00:00', b'1'),
('80ddc1de5d0922e99558284569c9d8ef', 'baa661154ee9582abf982570b201298e', '9567ed170208b7d3cbefa1fc53b7363f', 'b14d265b293dd0e7e24df1c4513f7e11', 2, 165.00, 170.00, 15.00, 5.00, 0.00, 0.00, '2021-06-15', '6db9e08e4295925697af15059da4e995', '2021-07-07 21:13:14', '6db9e08e4295925697af15059da4e995', '0000-00-00 00:00:00', '', '0000-00-00 00:00:00', b'1'),
('8346fdaef2731922696da0a64af01c90', 'd583ed2bf0381b082922ec1b7f6abf70', '1cf900409b444cb2463df367bb3fd99c', '961d26ccde1ec19757a2869481fa9c7d', 3, 120.00, 125.00, 15.00, 5.00, 0.00, 0.00, '2021-06-15', '6db9e08e4295925697af15059da4e995', '2021-07-05 00:31:48', 'fac9173ebc681c18e432158195adb3b4', '0000-00-00 00:00:00', '', '0000-00-00 00:00:00', b'1'),
('85b21609b9676ccdb631d5740802d094', 'fb85aee11e7190e586d2422f24a604e6', '1b452a24794ecabd0b0298df04ac6b7e', '208e489af92d56a877e47e5db1760a97', 164, 69.00, 73.00, 764.00, 4.00, 0.00, 0.00, '2021-06-15', '6db9e08e4295925697af15059da4e995', '2021-07-13 01:08:05', 'fac9173ebc681c18e432158195adb3b4', '0000-00-00 00:00:00', '', '0000-00-00 00:00:00', b'1'),
('888001054e3cffbc7413fe9c5e58dca2', 'd583ed2bf0381b082922ec1b7f6abf70', '42cc855e60df2aaa57837a36f2c2e876', '961d26ccde1ec19757a2869481fa9c7d', 27, 50.00, 55.00, 140.00, 5.00, 0.00, 0.00, '2021-06-15', '6db9e08e4295925697af15059da4e995', '2021-07-09 14:08:21', 'fac9173ebc681c18e432158195adb3b4', '0000-00-00 00:00:00', '', '0000-00-00 00:00:00', b'1'),
('89947abfb006f51afcbc1a13fac121d4', 'baa661154ee9582abf982570b201298e', '3aabab50c5d9f46bd32db95d7fe4bbba', '2d5a06d564dc87d865db2a502c7fe43b', 44, 25.00, 30.00, 220.00, 5.00, 0.00, 0.00, '2021-06-15', '6db9e08e4295925697af15059da4e995', '2021-07-07 06:03:26', 'fac9173ebc681c18e432158195adb3b4', '0000-00-00 00:00:00', '6db9e08e4295925697af15059da4e995', '2021-07-07 00:03:26', b'0'),
('8d7c3992334c79df85eb61353127434d', '1be3842ece0b6fbab575bc32ea7737f5', '104ec356d90ab05af789e8d3b48c0011', 'b14d265b293dd0e7e24df1c4513f7e11', 500, 205.00, 210.00, 0.00, 5.00, 50.00, 2.50, NULL, '6db9e08e4295925697af15059da4e995', '2021-07-07 05:12:39', '', '0000-00-00 00:00:00', '6db9e08e4295925697af15059da4e995', '2021-07-06 23:12:39', b'0'),
('91d52959fdfc94de471de7fe628b5ff9', '1be3842ece0b6fbab575bc32ea7737f5', '714ad6bfe88321790732292aae8dcf80', 'b14d265b293dd0e7e24df1c4513f7e11', 58, 115.00, 120.00, 300.00, 5.00, 0.00, 0.00, '2021-06-15', '6db9e08e4295925697af15059da4e995', '2021-07-13 00:31:36', '6db9e08e4295925697af15059da4e995', '0000-00-00 00:00:00', '', '0000-00-00 00:00:00', b'1'),
('94fe8098a08b9e2aff6f56d6b470529e', 'd583ed2bf0381b082922ec1b7f6abf70', '947ec16945a586c4d318ce817985ed52', '961d26ccde1ec19757a2869481fa9c7d', 1, 60.00, 65.00, 5.00, 5.00, 0.00, 0.00, '2021-06-15', '6db9e08e4295925697af15059da4e995', '2021-07-05 00:30:51', 'fac9173ebc681c18e432158195adb3b4', '0000-00-00 00:00:00', '', '0000-00-00 00:00:00', b'1'),
('9537776e9cf854a28873029fb17d7f38', 'fb85aee11e7190e586d2422f24a604e6', '6bdb33b0ea397a2fd64f9e380526366c', 'ae7623aaf5149513ab5bb76254a46ee5', 12, 48.00, 50.00, 24.00, 2.00, 0.00, 0.00, '2021-06-15', '6db9e08e4295925697af15059da4e995', '2021-07-07 06:32:13', '6db9e08e4295925697af15059da4e995', '0000-00-00 00:00:00', '', '0000-00-00 00:00:00', b'1'),
('9695792195ea967f4f4100e3a5b63813', 'd583ed2bf0381b082922ec1b7f6abf70', '806edd7e30c25557ff5f5ab54dd615a7', '961d26ccde1ec19757a2869481fa9c7d', 1, 35.00, 40.00, 5.00, 5.00, 0.00, 0.00, NULL, 'fac9173ebc681c18e432158195adb3b4', '2021-07-05 00:35:14', '', '0000-00-00 00:00:00', '', '0000-00-00 00:00:00', b'1'),
('9884d18f2e6c4893ae2458ad4d2d2d2e', 'fb85aee11e7190e586d2422f24a604e6', 'c2ca56faa87067619d5417f56c6e1d4d', 'ae7623aaf5149513ab5bb76254a46ee5', 90, 18.00, 20.00, 222.00, 2.00, 0.00, 0.00, '2021-06-15', '6db9e08e4295925697af15059da4e995', '2021-07-13 01:03:55', 'fac9173ebc681c18e432158195adb3b4', '0000-00-00 00:00:00', '', '0000-00-00 00:00:00', b'1'),
('993fa95dd92b72e96a8487662ebb0dec', '1be3842ece0b6fbab575bc32ea7737f5', '33b678e54aa9d52369452ee5719e4142', 'b14d265b293dd0e7e24df1c4513f7e11', 0, 149.00, 155.00, 0.00, 6.00, 0.00, 0.00, '2021-06-15', '6db9e08e4295925697af15059da4e995', '2021-07-07 05:17:20', '6db9e08e4295925697af15059da4e995', '0000-00-00 00:00:00', '', '0000-00-00 00:00:00', b'1'),
('9bf249c03a5419b329403fd1d6e953b0', 'd583ed2bf0381b082922ec1b7f6abf70', 'fbc7021c7734194ad2e10a4a9cd32314', '37f1413b88d8f7adb0790c326b6f84b3', 6, 795.00, 800.00, 30.00, 5.00, 0.00, 0.00, '2021-06-15', '6db9e08e4295925697af15059da4e995', '2021-07-07 05:08:41', '6db9e08e4295925697af15059da4e995', '0000-00-00 00:00:00', '', '0000-00-00 00:00:00', b'1'),
('9eedee565d65ddf18381ad09e942e7a5', 'baa661154ee9582abf982570b201298e', 'ee8aaf2166747dcf1a3cf93287e94010', 'b14d265b293dd0e7e24df1c4513f7e11', 125, 180.00, 225.00, 6.08, 45.00, 70.00, 2.50, '1969-12-31', 'c4ca4238a0b923820dcc509a6f75849b', '2021-07-04 13:51:19', '', '0000-00-00 00:00:00', '6db9e08e4295925697af15059da4e995', '2021-07-04 07:51:19', b'0'),
('9fb7de539f1b5f10604deeccc9d18785', '1be3842ece0b6fbab575bc32ea7737f5', '26e6566d8847bdeae62487c1b2a6bef5', 'b14d265b293dd0e7e24df1c4513f7e11', 420, 113.00, 117.00, 0.00, 4.00, 0.28, 1.50, NULL, '6db9e08e4295925697af15059da4e995', '2021-07-13 00:31:36', '', '0000-00-00 00:00:00', '', '0000-00-00 00:00:00', b'1'),
('a2c34943e3b998275ccc3b1a07c92072', 'baa661154ee9582abf982570b201298e', '816ee7fa520e222c32e7b6863defd370', 'b14d265b293dd0e7e24df1c4513f7e11', -4, 240.00, 245.00, 0.00, 5.00, 81.00, 3.00, NULL, 'fac9173ebc681c18e432158195adb3b4', '2021-07-07 05:23:36', '', '0000-00-00 00:00:00', '6db9e08e4295925697af15059da4e995', '2021-07-06 23:23:36', b'0'),
('a498d764c92ddab56f5a7f06bc438d75', 'baa661154ee9582abf982570b201298e', 'cd7061b96595b208813ed8da742eac4e', 'b14d265b293dd0e7e24df1c4513f7e11', 4, 240.00, 245.00, 20.00, 5.00, 0.00, 0.00, NULL, '6db9e08e4295925697af15059da4e995', '2021-07-07 05:27:22', '', '0000-00-00 00:00:00', '6db9e08e4295925697af15059da4e995', '2021-07-06 23:27:22', b'0'),
('a55f7175a8be8e4d203396b232b4f3ed', '1be3842ece0b6fbab575bc32ea7737f5', '2604b026f292e1c71f048e279cc1e9d3', 'b14d265b293dd0e7e24df1c4513f7e11', 98, 190.00, 193.00, 294.00, 3.00, 0.00, 0.00, NULL, 'fac9173ebc681c18e432158195adb3b4', '2021-07-07 05:19:59', '6db9e08e4295925697af15059da4e995', '0000-00-00 00:00:00', '', '0000-00-00 00:00:00', b'1'),
('a64fcb70ad86527400b411c53bebdf36', 'baa661154ee9582abf982570b201298e', '5f8df025fe3c156d9ba20ec3d87ddb6d', 'b14d265b293dd0e7e24df1c4513f7e11', 0, 146.00, 155.00, 0.00, 9.00, 0.00, 0.00, '2021-06-15', '6db9e08e4295925697af15059da4e995', '2021-07-07 05:57:48', '6db9e08e4295925697af15059da4e995', '0000-00-00 00:00:00', '', '0000-00-00 00:00:00', b'1'),
('a7b001b6a52cf70ae3173db9c16d9ea6', 'baa661154ee9582abf982570b201298e', 'aadaf2a8d94910303379f27062699c87', 'b14d265b293dd0e7e24df1c4513f7e11', 0, 145.00, 150.00, 0.00, 5.00, 0.00, 0.00, '2021-06-15', '6db9e08e4295925697af15059da4e995', '2021-07-07 05:59:29', '6db9e08e4295925697af15059da4e995', '0000-00-00 00:00:00', '', '0000-00-00 00:00:00', b'1'),
('a7e87a89acd5cda116bd1074c464f023', 'd583ed2bf0381b082922ec1b7f6abf70', '22687cc4300d5ed56df6453ab930d44c', '9daf33f726a1a305ad86d9dc467d3e33', 8, 20.00, 25.00, 45.00, 5.00, 0.00, 0.00, '2021-06-15', '6db9e08e4295925697af15059da4e995', '2021-07-12 13:55:59', 'fac9173ebc681c18e432158195adb3b4', '0000-00-00 00:00:00', '', '0000-00-00 00:00:00', b'1'),
('a9699285fb77dc60588e29e9cb842e5b', 'baa661154ee9582abf982570b201298e', 'd30da45f5933bf9e7082c58964ef8d48', 'b14d265b293dd0e7e24df1c4513f7e11', 5, 138.00, 140.00, 12.00, 2.00, 0.00, 0.00, '2021-06-15', '6db9e08e4295925697af15059da4e995', '2021-07-07 20:26:31', '6db9e08e4295925697af15059da4e995', '0000-00-00 00:00:00', '', '0000-00-00 00:00:00', b'1'),
('acfa47c7db1031e2bef3600076c1cf00', 'baa661154ee9582abf982570b201298e', '99c81349fc11e2cf2ed9e71e3bfd07f7', 'b14d265b293dd0e7e24df1c4513f7e11', -2, 240.00, 245.00, 55.00, 5.00, -8.44, 3.00, NULL, '6db9e08e4295925697af15059da4e995', '2021-07-12 22:04:26', '', '0000-00-00 00:00:00', '', '0000-00-00 00:00:00', b'1'),
('ad82c39e43985e6d1f723e023d56e952', '1be3842ece0b6fbab575bc32ea7737f5', '5e3856afebc147d1a174ebfbb59e82fa', '2d5a06d564dc87d865db2a502c7fe43b', 0, 0.00, 0.00, 0.00, 0.00, 28.00, 1.50, NULL, '6db9e08e4295925697af15059da4e995', '2021-07-07 05:39:30', '', '0000-00-00 00:00:00', '6db9e08e4295925697af15059da4e995', '2021-07-06 23:39:30', b'0'),
('aeb81824e1fd00f4c7d5a73ec7d9b73b', '1be3842ece0b6fbab575bc32ea7737f5', '8fd0c3ba6c8b0e7280855a9bc4289f43', 'b14d265b293dd0e7e24df1c4513f7e11', 130, 205.00, 216.00, 1518.00, 11.00, 0.00, 0.00, '2021-06-15', '6db9e08e4295925697af15059da4e995', '2021-07-12 18:15:56', '6db9e08e4295925697af15059da4e995', '0000-00-00 00:00:00', '', '0000-00-00 00:00:00', b'1'),
('b0b8495df420874d99d23e187171b759', 'baa661154ee9582abf982570b201298e', '9fc21aa42ea2042018f2f6bcdf4b95e3', 'b14d265b293dd0e7e24df1c4513f7e11', 0, 160.00, 165.00, 15.00, 5.00, 0.00, 0.00, '2021-06-15', '6db9e08e4295925697af15059da4e995', '2021-07-07 22:27:58', '6db9e08e4295925697af15059da4e995', '0000-00-00 00:00:00', '', '0000-00-00 00:00:00', b'1'),
('b20eace895d79d4ca2da5c0c8ea907b6', 'd583ed2bf0381b082922ec1b7f6abf70', '49315777eca0ab4fb7d6a46951e40d62', '434bc1ec37deb904edae7942b10cc350', 6, 10.00, 12.00, 18.00, 2.00, 0.00, 0.00, '2021-06-15', '6db9e08e4295925697af15059da4e995', '2021-07-12 19:48:28', '6db9e08e4295925697af15059da4e995', '0000-00-00 00:00:00', '', '0000-00-00 00:00:00', b'1'),
('b321575f90e96e8753ef9ef790432220', 'baa661154ee9582abf982570b201298e', '8c756ab7b931e89d81375fc56de44e9f', 'b14d265b293dd0e7e24df1c4513f7e11', 123, 180.00, 225.00, 6.08, 45.00, 0.00, 1.00, '1969-12-31', 'c4ca4238a0b923820dcc509a6f75849b', '2021-07-04 13:51:09', '', '0000-00-00 00:00:00', '6db9e08e4295925697af15059da4e995', '2021-07-04 07:51:09', b'0'),
('b8786a5cead7fd0ddf606cfc76462d69', '1be3842ece0b6fbab575bc32ea7737f5', '66bd8bca970ce2d3b6c539dff128d007', '2d5a06d564dc87d865db2a502c7fe43b', 0, 0.00, 0.00, 0.00, 0.00, 41.00, 2.50, NULL, '6db9e08e4295925697af15059da4e995', '2021-07-07 05:36:47', '', '0000-00-00 00:00:00', '6db9e08e4295925697af15059da4e995', '2021-07-06 23:36:47', b'0'),
('c0408bcadaf025d7a52a41e9cfe3cfcd', 'fb85aee11e7190e586d2422f24a604e6', 'd7578c13b1ac91dc2d1379821f9e4fb1', '208e489af92d56a877e47e5db1760a97', 378, 66.00, 74.00, 4184.00, 8.00, 0.00, 0.00, '2021-06-15', '6db9e08e4295925697af15059da4e995', '2021-07-13 01:08:05', '6db9e08e4295925697af15059da4e995', '0000-00-00 00:00:00', '', '0000-00-00 00:00:00', b'1'),
('c0cf452851fb758d3554be4524fda6fb', 'baa661154ee9582abf982570b201298e', 'a256a3033fef93cacec736a30c40eda1', 'b14d265b293dd0e7e24df1c4513f7e11', 1, 240.00, 245.00, 0.00, 5.00, 0.00, 0.00, '2021-06-15', '6db9e08e4295925697af15059da4e995', '2021-07-05 00:57:32', '', '0000-00-00 00:00:00', 'fac9173ebc681c18e432158195adb3b4', '2021-07-04 18:57:32', b'0'),
('c3005b4f2110defc5ba29803c00f98e0', '1be3842ece0b6fbab575bc32ea7737f5', '988379814fdbbe13e4c1c18f78a8c7b0', 'b14d265b293dd0e7e24df1c4513f7e11', 80, 210.00, 216.00, 0.00, 6.00, 68.00, 2.50, NULL, 'fac9173ebc681c18e432158195adb3b4', '2021-07-07 05:14:35', '', '0000-00-00 00:00:00', '6db9e08e4295925697af15059da4e995', '2021-07-06 23:14:35', b'0'),
('c50979c6e7833605e4fc75af28bfe188', 'fb85aee11e7190e586d2422f24a604e6', 'f39504e1768f6205c43f135a0e9e8b55', '208e489af92d56a877e47e5db1760a97', 189, 52.00, 60.00, 1616.00, 8.00, 0.00, 0.00, '2021-06-15', '6db9e08e4295925697af15059da4e995', '2021-07-13 01:03:55', 'fac9173ebc681c18e432158195adb3b4', '0000-00-00 00:00:00', '', '0000-00-00 00:00:00', b'1'),
('c9cf7d2f39121486237f3f25e90a2ef6', 'fb85aee11e7190e586d2422f24a604e6', 'e42b5938a9f505fc3733d5d1f4d86b75', '208e489af92d56a877e47e5db1760a97', 83, 63.00, 70.00, 2178.00, 7.00, 0.00, 0.00, '2021-06-15', '6db9e08e4295925697af15059da4e995', '2021-07-13 01:08:05', 'fac9173ebc681c18e432158195adb3b4', '0000-00-00 00:00:00', '', '0000-00-00 00:00:00', b'1'),
('ca627acf9e418769572be95b95ccb5af', 'fb85aee11e7190e586d2422f24a604e6', 'e27a1cdfcec5e74a56cfa4d00907cf2c', 'ae7623aaf5149513ab5bb76254a46ee5', 33, 45.00, 50.00, 175.00, 5.00, 0.00, 0.00, NULL, 'fac9173ebc681c18e432158195adb3b4', '2021-07-13 01:03:55', 'fac9173ebc681c18e432158195adb3b4', '0000-00-00 00:00:00', '', '0000-00-00 00:00:00', b'1'),
('cd374850256ff25dc8320f898d43570c', 'baa661154ee9582abf982570b201298e', '865b72ef81b656273c686d1443ffd707', 'b14d265b293dd0e7e24df1c4513f7e11', 1, 390.00, 400.00, 0.00, 10.00, 0.00, 0.00, '2021-06-15', '6db9e08e4295925697af15059da4e995', '2021-07-05 01:10:13', '', '0000-00-00 00:00:00', 'fac9173ebc681c18e432158195adb3b4', '2021-07-04 19:10:13', b'0'),
('d2453d08dae088069275472a6557997a', 'd583ed2bf0381b082922ec1b7f6abf70', '5014cb4d03f2e3e1fb1cc726f9116f3e', '961d26ccde1ec19757a2869481fa9c7d', 3, 40.00, 45.00, 15.00, 5.00, 0.00, 0.00, '2021-06-15', '6db9e08e4295925697af15059da4e995', '2021-07-05 00:36:12', 'fac9173ebc681c18e432158195adb3b4', '0000-00-00 00:00:00', '', '0000-00-00 00:00:00', b'1'),
('d2a9a470dfe51b309e0adbf8ef5827f9', '1be3842ece0b6fbab575bc32ea7737f5', 'a67b03b27e99c47e07fb77f422c916af', 'b14d265b293dd0e7e24df1c4513f7e11', 490, 114.00, 117.00, 0.00, 3.00, 28.00, 1.50, NULL, 'fac9173ebc681c18e432158195adb3b4', '2021-07-07 05:16:02', '', '0000-00-00 00:00:00', '6db9e08e4295925697af15059da4e995', '2021-07-06 23:16:02', b'0'),
('d47847d0e3b8387440ed9fc179008cdc', 'baa661154ee9582abf982570b201298e', 'ad332fc52ce372a82564a70e6770b64c', '634a58b9ad629c0b07c2aa78104c713d', 35, 70.00, 75.00, 175.00, 5.00, 0.00, 0.00, NULL, '6db9e08e4295925697af15059da4e995', '2021-07-07 05:52:07', '6db9e08e4295925697af15059da4e995', '0000-00-00 00:00:00', '6db9e08e4295925697af15059da4e995', '2021-07-06 23:52:07', b'0'),
('d5a862867644cfe7c2ce24eb1ee45d29', '1be3842ece0b6fbab575bc32ea7737f5', '2d193486b66012bc87df5856871c9301', 'b14d265b293dd0e7e24df1c4513f7e11', 46, 205.00, 213.00, 0.00, 8.00, 0.00, 0.00, NULL, 'fac9173ebc681c18e432158195adb3b4', '2021-07-10 14:44:45', '', '0000-00-00 00:00:00', '', '0000-00-00 00:00:00', b'1'),
('d7629a2ee1844a500391f7f42b3a88fc', 'baa661154ee9582abf982570b201298e', '4be27f694c872972dce6813f3d30498a', 'b14d265b293dd0e7e24df1c4513f7e11', 49, 135.00, 140.00, 280.00, 5.00, 0.00, 0.00, '2021-06-15', '6db9e08e4295925697af15059da4e995', '2021-07-12 13:53:47', '6db9e08e4295925697af15059da4e995', '0000-00-00 00:00:00', '', '0000-00-00 00:00:00', b'1'),
('d788d65fe312c53b35ac6f2a43c88397', 'baa661154ee9582abf982570b201298e', 'd5e3c3ca2fa1af39e184906818d7dab0', 'b14d265b293dd0e7e24df1c4513f7e11', 7, 213.00, 218.00, 35.00, 5.00, 27.00, 2.50, NULL, 'fac9173ebc681c18e432158195adb3b4', '2021-07-13 01:20:30', 'fac9173ebc681c18e432158195adb3b4', '0000-00-00 00:00:00', '', '0000-00-00 00:00:00', b'1'),
('db4c0ec949b26817a13794b02d68a1c0', 'fb85aee11e7190e586d2422f24a604e6', '532cc0b3709ba52694d3694272370552', 'ae7623aaf5149513ab5bb76254a46ee5', 2, 29.00, 30.00, 5.00, 1.00, 0.00, 0.00, '2021-06-15', '6db9e08e4295925697af15059da4e995', '2021-07-09 23:33:49', '6db9e08e4295925697af15059da4e995', '0000-00-00 00:00:00', '', '0000-00-00 00:00:00', b'1'),
('dc03aa375cf1e45ecb0c7d306f9a4782', 'fb85aee11e7190e586d2422f24a604e6', '697feb8c33e404bbd02a693a44afbc2a', '961d26ccde1ec19757a2869481fa9c7d', 149, 160.00, 182.00, 2.27, 22.00, 0.00, 0.00, '2021-08-13', 'c4ca4238a0b923820dcc509a6f75849b', '2021-07-04 13:51:30', 'c4ca4238a0b923820dcc509a6f75849b', '0000-00-00 00:00:00', '6db9e08e4295925697af15059da4e995', '2021-07-04 07:51:30', b'0'),
('e1ad1cc705002a643e51e8c2dcafe35f', 'baa661154ee9582abf982570b201298e', 'df9466b5ce80645800085a22eabe89c3', 'b14d265b293dd0e7e24df1c4513f7e11', 5, 215.00, 220.00, 55.00, 5.00, 0.00, 0.00, '2021-06-15', '6db9e08e4295925697af15059da4e995', '2021-07-12 21:17:17', '6db9e08e4295925697af15059da4e995', '0000-00-00 00:00:00', '', '0000-00-00 00:00:00', b'1'),
('e232f1c72ef77568fd39cb8cef61034f', '1be3842ece0b6fbab575bc32ea7737f5', '6a372477d319eee5b2a5f5e6ca1e73b5', 'b14d265b293dd0e7e24df1c4513f7e11', 65, 210.00, 216.00, 0.00, 6.00, 0.00, 0.00, NULL, '6db9e08e4295925697af15059da4e995', '2021-07-07 05:38:30', '', '0000-00-00 00:00:00', '6db9e08e4295925697af15059da4e995', '2021-07-06 23:38:30', b'0'),
('e3e74a0679799e59a6b475a5f364962b', '1be3842ece0b6fbab575bc32ea7737f5', '36a5e3eff091084750b0824d53aca151', 'b14d265b293dd0e7e24df1c4513f7e11', -61, 205.00, 210.00, 0.00, 5.00, -9.59, 2.50, NULL, '6db9e08e4295925697af15059da4e995', '2021-07-13 00:31:36', '', '0000-00-00 00:00:00', '', '0000-00-00 00:00:00', b'1'),
('e46f48b360d88231427869ec1334c600', 'fb85aee11e7190e586d2422f24a604e6', '9969f7a5c6032acbfc8d6631b04b4941', 'ae7623aaf5149513ab5bb76254a46ee5', 15, 18.00, 20.00, 40.00, 2.00, 0.00, 0.00, '2021-06-15', '6db9e08e4295925697af15059da4e995', '2021-07-14 05:34:11', 'fac9173ebc681c18e432158195adb3b4', '0000-00-00 00:00:00', '', '0000-00-00 00:00:00', b'1'),
('e4e90d3c236a4d511ddecb4c5df28566', 'd583ed2bf0381b082922ec1b7f6abf70', '1cc5d5ce068bfd271841f19a638c5743', '30c865844259683b92811bcfc143b9fb', 5, 85.00, 90.00, 25.00, 5.00, 0.00, 0.00, NULL, 'fac9173ebc681c18e432158195adb3b4', '2021-07-05 00:43:21', '', '0000-00-00 00:00:00', '', '0000-00-00 00:00:00', b'1'),
('e7084ffb7cd5e36e6889ffce0e3331d0', 'fb85aee11e7190e586d2422f24a604e6', '22b7c3e00f1c4be3db35d60b5260534b', 'ae7623aaf5149513ab5bb76254a46ee5', 22, 23.00, 25.00, 44.00, 2.00, 0.00, 0.00, NULL, 'c4ca4238a0b923820dcc509a6f75849b', '2021-07-05 00:09:43', '', '0000-00-00 00:00:00', '', '0000-00-00 00:00:00', b'1'),
('e79de15ca5975c44761f68bac68e8326', 'd583ed2bf0381b082922ec1b7f6abf70', 'c41d60c37e10f3e5bcf64e0852d23dc9', 'd940b157a75b8172b4ec6f6445975973', 2, 45.00, 50.00, 10.00, 5.00, 0.00, 0.00, '2021-06-15', '6db9e08e4295925697af15059da4e995', '2021-07-05 00:28:49', 'fac9173ebc681c18e432158195adb3b4', '0000-00-00 00:00:00', '', '0000-00-00 00:00:00', b'1'),
('e88da6bcb231488a3545482930b94f0e', 'baa661154ee9582abf982570b201298e', '4f59ed83ee40d90da81263b3ee03c7c2', 'b14d265b293dd0e7e24df1c4513f7e11', 2, 240.00, 245.00, 0.00, 5.00, 61.00, 3.00, NULL, 'fac9173ebc681c18e432158195adb3b4', '2021-07-07 05:42:03', '', '0000-00-00 00:00:00', '6db9e08e4295925697af15059da4e995', '2021-07-06 23:42:03', b'0'),
('ef4e6ea6d67463fc8a197e704740a8e4', 'd583ed2bf0381b082922ec1b7f6abf70', '13ac0d0c18fc0f835738709fee97782e', '961d26ccde1ec19757a2869481fa9c7d', 2, 115.00, 120.00, 10.00, 5.00, 0.00, 0.00, '2021-06-15', '6db9e08e4295925697af15059da4e995', '2021-07-05 00:32:04', 'fac9173ebc681c18e432158195adb3b4', '0000-00-00 00:00:00', '', '0000-00-00 00:00:00', b'1'),
('f03b8d567a727a8df0348f659f45d836', 'fb85aee11e7190e586d2422f24a604e6', '9ba592041ff36687d2317fba8d844cb6', 'ae7623aaf5149513ab5bb76254a46ee5', -2, 25.00, 30.00, 0.00, 5.00, 0.00, 0.00, '2021-06-15', '6db9e08e4295925697af15059da4e995', '2021-07-13 01:03:55', '6db9e08e4295925697af15059da4e995', '0000-00-00 00:00:00', '', '0000-00-00 00:00:00', b'1'),
('f09180f02364cd7fa2cbbb0f72c25ff4', 'baa661154ee9582abf982570b201298e', '4ba8477673d917d5fa8660a40025222b', 'b14d265b293dd0e7e24df1c4513f7e11', 7, 220.00, 225.00, 35.00, 5.00, -4.90, 2.50, NULL, '6db9e08e4295925697af15059da4e995', '2021-07-13 01:19:59', 'fac9173ebc681c18e432158195adb3b4', '0000-00-00 00:00:00', '', '0000-00-00 00:00:00', b'1'),
('f231aa648d87e3ec41d873beedaf4f0c', 'baa661154ee9582abf982570b201298e', 'd8c6e93517459f22f94e0b11f7bf04bd', '9eb169f586f43bd40b330e7354446ed4', 34, 13.00, 15.00, 0.00, 2.00, 0.00, 0.00, NULL, '6db9e08e4295925697af15059da4e995', '2021-07-14 05:45:33', '', '0000-00-00 00:00:00', '', '0000-00-00 00:00:00', b'1'),
('f2cc7d818d594e7a9b46617ea6f34a23', 'd583ed2bf0381b082922ec1b7f6abf70', '9e4c3763be487aebfcfdd2a06e49d0d4', '961d26ccde1ec19757a2869481fa9c7d', 2, 135.00, 140.00, 10.00, 5.00, 0.00, 0.00, '2021-06-15', '6db9e08e4295925697af15059da4e995', '2021-07-05 00:30:16', 'fac9173ebc681c18e432158195adb3b4', '0000-00-00 00:00:00', '', '0000-00-00 00:00:00', b'1'),
('f80c46543d38d9b3613e0b9aedff98a5', 'd583ed2bf0381b082922ec1b7f6abf70', '45bcfe730c60521abe678863d3733a9b', '961d26ccde1ec19757a2869481fa9c7d', 10, 130.00, 135.00, 55.00, 5.00, 0.00, 0.00, '2021-06-15', '6db9e08e4295925697af15059da4e995', '2021-07-12 18:15:56', 'fac9173ebc681c18e432158195adb3b4', '0000-00-00 00:00:00', '', '0000-00-00 00:00:00', b'1'),
('f92a53d1f403d745a5d12fbd5c883035', 'baa661154ee9582abf982570b201298e', '6d90c30cc59e39d6b01ab70d49406830', '634a58b9ad629c0b07c2aa78104c713d', 32, 70.00, 75.00, 175.00, 5.00, 0.00, 0.00, NULL, '6db9e08e4295925697af15059da4e995', '2021-07-12 17:55:57', '', '0000-00-00 00:00:00', '', '0000-00-00 00:00:00', b'1'),
('f96b593a455a4c4a60ba9dee64091f35', 'baa661154ee9582abf982570b201298e', '43eff83b2a44ee4789447fda61dc419e', 'b14d265b293dd0e7e24df1c4513f7e11', 1, 390.00, 400.00, 0.00, 10.00, 0.00, 0.00, '2021-06-15', '6db9e08e4295925697af15059da4e995', '2021-07-05 01:10:06', '', '0000-00-00 00:00:00', 'fac9173ebc681c18e432158195adb3b4', '2021-07-04 19:10:06', b'0'),
('fab79733c62878acdd2e07958ffa1092', 'baa661154ee9582abf982570b201298e', '64e042fd8ce9bda19a79877f1498b0f0', 'b14d265b293dd0e7e24df1c4513f7e11', 1, 218.00, 223.00, 0.00, 5.00, 0.00, 0.00, '2021-06-15', '6db9e08e4295925697af15059da4e995', '2021-07-05 01:17:45', '', '0000-00-00 00:00:00', 'fac9173ebc681c18e432158195adb3b4', '2021-07-04 19:17:45', b'0'),
('fbaa20387cec1f7df860444839c9cb8f', '1be3842ece0b6fbab575bc32ea7737f5', '791e8a53dd8ea8fa7b30522bd5492e1f', '2d5a06d564dc87d865db2a502c7fe43b', 0, 0.00, 0.00, 0.00, 0.00, 68.00, 2.50, NULL, '6db9e08e4295925697af15059da4e995', '2021-07-07 05:38:25', '', '0000-00-00 00:00:00', '6db9e08e4295925697af15059da4e995', '2021-07-06 23:38:25', b'0'),
('fc5e9e862886a0cee5ce026f35304770', 'baa661154ee9582abf982570b201298e', '18c7e2e186a7691e15771292ed31f873', 'b14d265b293dd0e7e24df1c4513f7e11', 0, 160.00, 165.00, 0.00, 5.00, 0.00, 0.00, '2021-06-15', '6db9e08e4295925697af15059da4e995', '2021-07-05 01:07:37', 'fac9173ebc681c18e432158195adb3b4', '0000-00-00 00:00:00', '', '0000-00-00 00:00:00', b'1'),
('fef25c07910b45b44c0617e05c2fd480', 'd583ed2bf0381b082922ec1b7f6abf70', '6486d0d7302a353d25feb2a1d569c55f', '961d26ccde1ec19757a2869481fa9c7d', 6, 60.00, 65.00, 30.00, 5.00, 0.00, 0.00, '2021-06-15', '6db9e08e4295925697af15059da4e995', '2021-07-05 00:29:25', 'fac9173ebc681c18e432158195adb3b4', '0000-00-00 00:00:00', '', '0000-00-00 00:00:00', b'1'),
('ffc526fedc8bb5e123f147c4f9315ecb', 'd583ed2bf0381b082922ec1b7f6abf70', 'df3cbf191e1763939617de8d0ecce8cf', '961d26ccde1ec19757a2869481fa9c7d', 1, 45.00, 50.00, 10.00, 5.00, 0.00, 0.00, '2021-06-15', '6db9e08e4295925697af15059da4e995', '2021-07-07 21:33:58', '6db9e08e4295925697af15059da4e995', '0000-00-00 00:00:00', '', '0000-00-00 00:00:00', b'1');

-- --------------------------------------------------------

--
-- Estructura de tabla para la tabla `presentacion`
--

CREATE TABLE `presentacion` (
  `codigo_presentacion` varchar(50) NOT NULL,
  `presentacion` varchar(50) NOT NULL,
  `libras` varchar(50) DEFAULT NULL,
  `descripcion` varchar(50) NOT NULL,
  `u_registro` varchar(50) NOT NULL,
  `f_registro` timestamp NOT NULL DEFAULT current_timestamp() ON UPDATE current_timestamp(),
  `u_actualizacion` varchar(50) NOT NULL,
  `f_actualizacion` datetime NOT NULL,
  `u_eliminacion` varchar(50) NOT NULL,
  `f_eliminacion` datetime NOT NULL,
  `estado` bit(1) NOT NULL DEFAULT b'1'
) ENGINE=InnoDB DEFAULT CHARSET=utf8mb4;

--
-- Volcado de datos para la tabla `presentacion`
--

INSERT INTO `presentacion` (`codigo_presentacion`, `presentacion`, `libras`, `descripcion`, `u_registro`, `f_registro`, `u_actualizacion`, `f_actualizacion`, `u_eliminacion`, `f_eliminacion`, `estado`) VALUES
('208e489af92d56a877e47e5db1760a97', 'CAJA', '1', '', '6db9e08e4295925697af15059da4e995', '2021-06-13 17:58:41', '', '0000-00-00 00:00:00', '', '0000-00-00 00:00:00', b'1'),
('2d5a06d564dc87d865db2a502c7fe43b', 'LIBRA', '1', '', '6db9e08e4295925697af15059da4e995', '2021-06-13 17:19:26', '', '0000-00-00 00:00:00', '', '0000-00-00 00:00:00', b'1'),
('30c865844259683b92811bcfc143b9fb', 'GALON', '1', '', '6db9e08e4295925697af15059da4e995', '2021-06-13 17:19:06', '', '0000-00-00 00:00:00', '', '0000-00-00 00:00:00', b'1'),
('37f1413b88d8f7adb0790c326b6f84b3', 'CANEKA', '1', '', '6db9e08e4295925697af15059da4e995', '2021-06-13 17:19:18', '', '0000-00-00 00:00:00', '', '0000-00-00 00:00:00', b'1'),
('3b045b2565606a911856cdafb7003316', 'LIBRA ', '1', '', '6db9e08e4295925697af15059da4e995', '2021-07-07 05:31:07', '', '0000-00-00 00:00:00', '', '0000-00-00 00:00:00', b'1'),
('434bc1ec37deb904edae7942b10cc350', 'SOBRES', '1', '', '6db9e08e4295925697af15059da4e995', '2021-06-13 17:19:40', '', '0000-00-00 00:00:00', '', '0000-00-00 00:00:00', b'1'),
('51f6fa532022193ae53f4ab49e994f76', '1/2 LITRO', '1', '', '6db9e08e4295925697af15059da4e995', '2021-06-13 17:18:27', '', '0000-00-00 00:00:00', '', '0000-00-00 00:00:00', b'1'),
('634a58b9ad629c0b07c2aa78104c713d', '1/2 QUINTAL', '1', '', '6db9e08e4295925697af15059da4e995', '2021-06-13 17:33:19', '', '0000-00-00 00:00:00', '', '0000-00-00 00:00:00', b'1'),
('8bcc3be85c541bddc24d0ceffa1e7a46', '1/4 LITRO', '1', '', '6db9e08e4295925697af15059da4e995', '2021-06-13 17:18:35', '', '0000-00-00 00:00:00', '', '0000-00-00 00:00:00', b'1'),
('961d26ccde1ec19757a2869481fa9c7d', 'LITRO', '1', '', '6db9e08e4295925697af15059da4e995', '2021-06-13 17:18:08', '', '0000-00-00 00:00:00', '', '0000-00-00 00:00:00', b'1'),
('9daf33f726a1a305ad86d9dc467d3e33', 'KILO', '1', '', '6db9e08e4295925697af15059da4e995', '2021-06-13 17:18:55', '', '0000-00-00 00:00:00', '', '0000-00-00 00:00:00', b'1'),
('9eb169f586f43bd40b330e7354446ed4', 'BOLSITA ', '1', '', '6db9e08e4295925697af15059da4e995', '2021-07-07 06:04:37', '', '0000-00-00 00:00:00', '', '0000-00-00 00:00:00', b'1'),
('ae7623aaf5149513ab5bb76254a46ee5', 'PAQUETE', '1', '', '6db9e08e4295925697af15059da4e995', '2021-06-13 17:58:38', '', '0000-00-00 00:00:00', '', '0000-00-00 00:00:00', b'1'),
('b14d265b293dd0e7e24df1c4513f7e11', 'QUINTAL', '1', '', '6db9e08e4295925697af15059da4e995', '2021-06-13 17:32:57', '', '0000-00-00 00:00:00', '', '0000-00-00 00:00:00', b'1'),
('d940b157a75b8172b4ec6f6445975973', '1/8 LITRO', '1', '', '6db9e08e4295925697af15059da4e995', '2021-06-13 17:18:43', '', '0000-00-00 00:00:00', '', '0000-00-00 00:00:00', b'1'),
('dda842ec1e22fe61c39daba8e23cda3d', 'ARROBA', '1', '', '6db9e08e4295925697af15059da4e995', '2021-06-13 17:37:43', '', '0000-00-00 00:00:00', '', '0000-00-00 00:00:00', b'1'),
('dea5efc021825601d87c0371e72abf57', 'ARROBAS', '1', '', '6db9e08e4295925697af15059da4e995', '2021-06-13 17:33:03', '', '0000-00-00 00:00:00', '', '0000-00-00 00:00:00', b'1');

-- --------------------------------------------------------

--
-- Estructura de tabla para la tabla `producto`
--

CREATE TABLE `producto` (
  `codigo_producto` varchar(50) NOT NULL,
  `codigo_categoria` varchar(50) NOT NULL,
  `codigo_presentacion` varchar(50) NOT NULL,
  `codigo` varchar(50) NOT NULL,
  `producto` varchar(50) NOT NULL,
  `detalles` text DEFAULT NULL,
  `u_registro` varchar(50) NOT NULL,
  `f_registro` timestamp NOT NULL DEFAULT current_timestamp() ON UPDATE current_timestamp(),
  `u_actualizacion` varchar(50) NOT NULL,
  `f_actualizacion` datetime NOT NULL,
  `u_eliminacion` varchar(50) NOT NULL,
  `f_eliminacion` datetime NOT NULL,
  `estado` bit(1) NOT NULL DEFAULT b'1',
  `libra` bit(1) NOT NULL DEFAULT b'0'
) ENGINE=InnoDB DEFAULT CHARSET=utf8mb4;

--
-- Volcado de datos para la tabla `producto`
--

INSERT INTO `producto` (`codigo_producto`, `codigo_categoria`, `codigo_presentacion`, `codigo`, `producto`, `detalles`, `u_registro`, `f_registro`, `u_actualizacion`, `f_actualizacion`, `u_eliminacion`, `f_eliminacion`, `estado`, `libra`) VALUES
('104ec356d90ab05af789e8d3b48c0011', '1be3842ece0b6fbab575bc32ea7737f5', 'b14d265b293dd0e7e24df1c4513f7e11', 'PRS-WIKI', '20-20-0 MAYAFERT', '', '6db9e08e4295925697af15059da4e995', '2021-07-07 05:12:39', '', '0000-00-00 00:00:00', '6db9e08e4295925697af15059da4e995', '2021-07-06 23:12:39', b'0', b'0'),
('10be43288f53e7fdaeee916a8c4e1979', 'baa661154ee9582abf982570b201298e', 'b14d265b293dd0e7e24df1c4513f7e11', 'PRS-PKEN', 'FONTANA PECES', 'POR LIBRA', '6db9e08e4295925697af15059da4e995', '2021-07-05 01:12:05', '', '0000-00-00 00:00:00', 'fac9173ebc681c18e432158195adb3b4', '2021-07-04 19:12:05', b'0', b'1'),
('139189a539b69123a0cc772165e49dd2', '1be3842ece0b6fbab575bc32ea7737f5', 'b14d265b293dd0e7e24df1c4513f7e11', 'PRS-EURC', 'SULFATO', '', '6db9e08e4295925697af15059da4e995', '2021-07-07 05:39:37', '', '0000-00-00 00:00:00', '6db9e08e4295925697af15059da4e995', '2021-07-06 23:39:37', b'0', b'0'),
('13ac0d0c18fc0f835738709fee97782e', 'd583ed2bf0381b082922ec1b7f6abf70', '961d26ccde1ec19757a2869481fa9c7d', 'PRS-VRGW', 'INDICADOR PLUS', '', '6db9e08e4295925697af15059da4e995', '2021-06-26 03:02:50', '', '0000-00-00 00:00:00', '', '0000-00-00 00:00:00', b'1', b'0'),
('15c0d0f968713bbf102ee0be564b709c', 'baa661154ee9582abf982570b201298e', 'b14d265b293dd0e7e24df1c4513f7e11', 'PRS-XZVD', 'VITAENGORDE INICIO', '', '6db9e08e4295925697af15059da4e995', '2021-07-07 05:41:52', '', '0000-00-00 00:00:00', '', '0000-00-00 00:00:00', b'1', b'0'),
('178cbb88fb31e407326b2706231e1040', 'baa661154ee9582abf982570b201298e', 'b14d265b293dd0e7e24df1c4513f7e11', 'PRS-BEIN', 'FINALIZADOR COMAYMA', '', '6db9e08e4295925697af15059da4e995', '2021-07-05 01:18:53', '', '0000-00-00 00:00:00', 'fac9173ebc681c18e432158195adb3b4', '2021-07-04 19:18:53', b'0', b'0'),
('18c7e2e186a7691e15771292ed31f873', 'baa661154ee9582abf982570b201298e', 'b14d265b293dd0e7e24df1c4513f7e11', 'PRS-CPDZ', 'GRANILLO MOLSA', '', '6db9e08e4295925697af15059da4e995', '2021-06-26 03:02:50', '', '0000-00-00 00:00:00', '', '0000-00-00 00:00:00', b'1', b'0'),
('18ea44856685650a6ab1bcd137345b37', 'd583ed2bf0381b082922ec1b7f6abf70', '961d26ccde1ec19757a2869481fa9c7d', 'PRS-DVRI', 'FORAFOS', '', '6db9e08e4295925697af15059da4e995', '2021-06-26 03:02:50', '', '0000-00-00 00:00:00', '', '0000-00-00 00:00:00', b'1', b'0'),
('1b452a24794ecabd0b0298df04ac6b7e', 'fb85aee11e7190e586d2422f24a604e6', '208e489af92d56a877e47e5db1760a97', 'PRS-BXDT', '2 LITROS', '', '6db9e08e4295925697af15059da4e995', '2021-06-26 03:02:50', '', '0000-00-00 00:00:00', '', '0000-00-00 00:00:00', b'1', b'0'),
('1cc5d5ce068bfd271841f19a638c5743', 'd583ed2bf0381b082922ec1b7f6abf70', '30c865844259683b92811bcfc143b9fb', 'PRS-NNYS', 'THIMET GALON', '', 'fac9173ebc681c18e432158195adb3b4', '2021-07-05 00:43:21', '', '0000-00-00 00:00:00', '', '0000-00-00 00:00:00', b'1', b'0'),
('1cf900409b444cb2463df367bb3fd99c', 'd583ed2bf0381b082922ec1b7f6abf70', '961d26ccde1ec19757a2869481fa9c7d', 'PRS-VTWF', 'ALBURET PH', '', '6db9e08e4295925697af15059da4e995', '2021-06-26 03:02:50', '', '0000-00-00 00:00:00', '', '0000-00-00 00:00:00', b'1', b'0'),
('1e9094269a9a451422cb769c6d80b91b', 'baa661154ee9582abf982570b201298e', 'b14d265b293dd0e7e24df1c4513f7e11', 'PRS-TLEA', 'TOROCAMPEON', '', '6db9e08e4295925697af15059da4e995', '2021-06-26 03:02:50', '', '0000-00-00 00:00:00', '', '0000-00-00 00:00:00', b'1', b'0'),
('2223c27380ed1e4b6929d135eae87e6f', '1be3842ece0b6fbab575bc32ea7737f5', 'b14d265b293dd0e7e24df1c4513f7e11', 'PRS-QZBG', 'PRUEBA 2', '', 'c4ca4238a0b923820dcc509a6f75849b', '2021-06-26 05:17:52', '', '0000-00-00 00:00:00', 'c4ca4238a0b923820dcc509a6f75849b', '2021-06-25 23:17:52', b'0', b'0'),
('22687cc4300d5ed56df6453ab930d44c', 'd583ed2bf0381b082922ec1b7f6abf70', '9daf33f726a1a305ad86d9dc467d3e33', 'PRS-FVHS', 'TERBUFOS', '', '6db9e08e4295925697af15059da4e995', '2021-06-26 03:02:50', '', '0000-00-00 00:00:00', '', '0000-00-00 00:00:00', b'1', b'0'),
('22b7c3e00f1c4be3db35d60b5260534b', 'fb85aee11e7190e586d2422f24a604e6', 'ae7623aaf5149513ab5bb76254a46ee5', 'PRS-DOCS', 'AGUA PURA', '', 'c4ca4238a0b923820dcc509a6f75849b', '2021-07-05 00:09:43', '', '0000-00-00 00:00:00', '', '0000-00-00 00:00:00', b'1', b'0'),
('24c6d0e9cfd1ae282db6b16461fdc8e8', 'd583ed2bf0381b082922ec1b7f6abf70', '30c865844259683b92811bcfc143b9fb', 'PRS-OTUH', 'SUPERBAXONE', '', '6db9e08e4295925697af15059da4e995', '2021-06-26 03:02:50', '', '0000-00-00 00:00:00', '', '0000-00-00 00:00:00', b'1', b'0'),
('252c4319c52aef3140e5cfd009808e42', 'baa661154ee9582abf982570b201298e', '2d5a06d564dc87d865db2a502c7fe43b', 'PRS-GUHV', 'RUFO CACHORO ADULTO', '', 'fac9173ebc681c18e432158195adb3b4', '2021-07-07 06:00:07', '', '0000-00-00 00:00:00', '6db9e08e4295925697af15059da4e995', '2021-07-07 00:00:07', b'0', b'0'),
('259d2cfbd5bebf466863ff03c801e676', 'd583ed2bf0381b082922ec1b7f6abf70', '8bcc3be85c541bddc24d0ceffa1e7a46', 'PRS-BYSV', 'ATRAPA', '', '6db9e08e4295925697af15059da4e995', '2021-06-26 03:02:50', '', '0000-00-00 00:00:00', '', '0000-00-00 00:00:00', b'1', b'0'),
('2604b026f292e1c71f048e279cc1e9d3', '1be3842ece0b6fbab575bc32ea7737f5', 'b14d265b293dd0e7e24df1c4513f7e11', 'PRS-SLVQ', 'FERTICAFE', '', 'fac9173ebc681c18e432158195adb3b4', '2021-07-05 00:53:14', '', '0000-00-00 00:00:00', '', '0000-00-00 00:00:00', b'1', b'0'),
('26e6566d8847bdeae62487c1b2a6bef5', '1be3842ece0b6fbab575bc32ea7737f5', 'b14d265b293dd0e7e24df1c4513f7e11', 'PRS-LBJD', 'SULFATO', '', '6db9e08e4295925697af15059da4e995', '2021-07-07 07:21:22', '', '0000-00-00 00:00:00', '', '0000-00-00 00:00:00', b'1', b'0'),
('26ea82cba4e0cfa6892a0e3c7fe35b15', 'd583ed2bf0381b082922ec1b7f6abf70', '961d26ccde1ec19757a2869481fa9c7d', 'PRS-YYHO', 'MAXIBOTS', '', '6db9e08e4295925697af15059da4e995', '2021-06-26 03:02:50', '', '0000-00-00 00:00:00', '', '0000-00-00 00:00:00', b'1', b'0'),
('290cb70a001962b41ff9454b95fd7da4', 'd583ed2bf0381b082922ec1b7f6abf70', '9daf33f726a1a305ad86d9dc467d3e33', 'PRS-ZATF', 'ZINC BORO', '', '6db9e08e4295925697af15059da4e995', '2021-06-26 03:02:50', '', '0000-00-00 00:00:00', '', '0000-00-00 00:00:00', b'1', b'0'),
('2b22d6f43e0249ff61c65b6ed6239df0', '1be3842ece0b6fbab575bc32ea7737f5', 'b14d265b293dd0e7e24df1c4513f7e11', 'PRS-LZOI', '20-20-0 MAYAFERT', '', '6db9e08e4295925697af15059da4e995', '2021-07-05 00:45:37', '', '0000-00-00 00:00:00', 'fac9173ebc681c18e432158195adb3b4', '2021-07-04 18:45:37', b'0', b'0'),
('2bee32cce13f96c15e7fb4da1dad90c0', 'baa661154ee9582abf982570b201298e', 'b14d265b293dd0e7e24df1c4513f7e11', 'PRS-ZNXW', 'GALLETA', '', '6db9e08e4295925697af15059da4e995', '2021-07-05 01:21:20', '', '0000-00-00 00:00:00', 'fac9173ebc681c18e432158195adb3b4', '2021-07-04 19:21:20', b'0', b'0'),
('2d193486b66012bc87df5856871c9301', '1be3842ece0b6fbab575bc32ea7737f5', 'b14d265b293dd0e7e24df1c4513f7e11', 'PRS-JULL', '20-20 PELICANO DISAGRO', '', 'fac9173ebc681c18e432158195adb3b4', '2021-07-05 00:54:00', '', '0000-00-00 00:00:00', '', '0000-00-00 00:00:00', b'1', b'0'),
('33b678e54aa9d52369452ee5719e4142', '1be3842ece0b6fbab575bc32ea7737f5', 'b14d265b293dd0e7e24df1c4513f7e11', 'PRS-UISH', 'NUTRICAFE I MAYAFERT', '', '6db9e08e4295925697af15059da4e995', '2021-06-26 03:02:50', '', '0000-00-00 00:00:00', '', '0000-00-00 00:00:00', b'1', b'0'),
('36a5e3eff091084750b0824d53aca151', '1be3842ece0b6fbab575bc32ea7737f5', 'b14d265b293dd0e7e24df1c4513f7e11', 'PRS-LXCO', '20-20-0 MAYAFERT', '', '6db9e08e4295925697af15059da4e995', '2021-07-07 05:38:17', '', '0000-00-00 00:00:00', '', '0000-00-00 00:00:00', b'1', b'0'),
('389fbddb63f51afb8f7a50ef6df05e11', 'baa661154ee9582abf982570b201298e', '2d5a06d564dc87d865db2a502c7fe43b', 'PRS-LRPM', 'FONTANA 38 PECEZ ', '', '6db9e08e4295925697af15059da4e995', '2021-07-07 06:03:10', '', '0000-00-00 00:00:00', '', '0000-00-00 00:00:00', b'1', b'0'),
('3aabab50c5d9f46bd32db95d7fe4bbba', 'baa661154ee9582abf982570b201298e', '2d5a06d564dc87d865db2a502c7fe43b', 'PRS-HDQY', 'CAFE MOLIDO', '', '6db9e08e4295925697af15059da4e995', '2021-07-07 06:03:26', '', '0000-00-00 00:00:00', '6db9e08e4295925697af15059da4e995', '2021-07-07 00:03:26', b'0', b'0'),
('3fb13f78f8e5b00068798adffb5768c0', 'baa661154ee9582abf982570b201298e', 'b14d265b293dd0e7e24df1c4513f7e11', 'PRS-BEWF', 'ALIENGORDE 1', '', '6db9e08e4295925697af15059da4e995', '2021-07-07 05:31:47', '', '0000-00-00 00:00:00', '', '0000-00-00 00:00:00', b'1', b'0'),
('41af66ca7433384290782621a3b22afb', 'fb85aee11e7190e586d2422f24a604e6', '208e489af92d56a877e47e5db1760a97', 'PRS-AMRG', 'LITRO 1/4', '', '6db9e08e4295925697af15059da4e995', '2021-07-07 06:31:03', '', '0000-00-00 00:00:00', '', '0000-00-00 00:00:00', b'1', b'0'),
('42b1c20160989a4dbedc1d827f80b774', 'd583ed2bf0381b082922ec1b7f6abf70', '2d5a06d564dc87d865db2a502c7fe43b', 'PRS-EIPX', 'FOLIDOL', '', '6db9e08e4295925697af15059da4e995', '2021-06-26 03:02:50', '', '0000-00-00 00:00:00', '', '0000-00-00 00:00:00', b'1', b'0'),
('42cc855e60df2aaa57837a36f2c2e876', 'd583ed2bf0381b082922ec1b7f6abf70', '961d26ccde1ec19757a2869481fa9c7d', 'PRS-XMOP', 'ROOT OUT', '', '6db9e08e4295925697af15059da4e995', '2021-06-26 03:02:50', '', '0000-00-00 00:00:00', '', '0000-00-00 00:00:00', b'1', b'0'),
('43eff83b2a44ee4789447fda61dc419e', 'baa661154ee9582abf982570b201298e', 'b14d265b293dd0e7e24df1c4513f7e11', 'PRS-CVPT', 'RUFO CACHORO', 'SE VENDE POR LIBRA ANOTACION', '6db9e08e4295925697af15059da4e995', '2021-07-05 01:10:06', '', '0000-00-00 00:00:00', 'fac9173ebc681c18e432158195adb3b4', '2021-07-04 19:10:06', b'0', b'1'),
('45bcfe730c60521abe678863d3733a9b', 'd583ed2bf0381b082922ec1b7f6abf70', '961d26ccde1ec19757a2869481fa9c7d', 'PRS-DPZV', 'ATRAPA', '', '6db9e08e4295925697af15059da4e995', '2021-06-26 03:02:50', '', '0000-00-00 00:00:00', '', '0000-00-00 00:00:00', b'1', b'0'),
('480659e80ee97adaac165fb65a432d7d', 'd583ed2bf0381b082922ec1b7f6abf70', '961d26ccde1ec19757a2869481fa9c7d', 'PRS-LKUG', 'PANTEX', '', '6db9e08e4295925697af15059da4e995', '2021-06-26 03:02:50', '', '0000-00-00 00:00:00', '', '0000-00-00 00:00:00', b'1', b'0'),
('49315777eca0ab4fb7d6a46951e40d62', 'd583ed2bf0381b082922ec1b7f6abf70', '434bc1ec37deb904edae7942b10cc350', 'PRS-RCOP', 'RATICIDA', '', '6db9e08e4295925697af15059da4e995', '2021-06-26 03:02:50', '', '0000-00-00 00:00:00', '', '0000-00-00 00:00:00', b'1', b'0'),
('4b470473bfbf923934ad9e430545b7c2', 'd583ed2bf0381b082922ec1b7f6abf70', '51f6fa532022193ae53f4ab49e994f76', 'PRS-AFEX', 'ATRAPA', '', '6db9e08e4295925697af15059da4e995', '2021-06-26 03:02:50', '', '0000-00-00 00:00:00', '', '0000-00-00 00:00:00', b'1', b'0'),
('4ba8477673d917d5fa8660a40025222b', 'baa661154ee9582abf982570b201298e', 'b14d265b293dd0e7e24df1c4513f7e11', 'PRS-GLMP', 'DESARROLLO COMAYMA', '', '6db9e08e4295925697af15059da4e995', '2021-07-07 05:45:23', '', '0000-00-00 00:00:00', '', '0000-00-00 00:00:00', b'1', b'0'),
('4be27f694c872972dce6813f3d30498a', 'baa661154ee9582abf982570b201298e', 'b14d265b293dd0e7e24df1c4513f7e11', 'PRS-MPND', 'ECONOGANADO', '', '6db9e08e4295925697af15059da4e995', '2021-06-26 03:02:50', '', '0000-00-00 00:00:00', '', '0000-00-00 00:00:00', b'1', b'0'),
('4f00419eb1e2b886a733526c76e33e47', 'baa661154ee9582abf982570b201298e', 'b14d265b293dd0e7e24df1c4513f7e11', 'PRS-MZSC', 'MAIZ AMARILLO', '', '6db9e08e4295925697af15059da4e995', '2021-06-26 03:02:50', '', '0000-00-00 00:00:00', '', '0000-00-00 00:00:00', b'1', b'0'),
('4f59ed83ee40d90da81263b3ee03c7c2', 'baa661154ee9582abf982570b201298e', 'b14d265b293dd0e7e24df1c4513f7e11', 'PRS-FWKC', 'VITAENGORDE FIN', '', 'fac9173ebc681c18e432158195adb3b4', '2021-07-07 05:42:03', '', '0000-00-00 00:00:00', '6db9e08e4295925697af15059da4e995', '2021-07-06 23:42:03', b'0', b'0'),
('4f98b17bbf97aa87bb3fe3e146be9525', 'fb85aee11e7190e586d2422f24a604e6', '961d26ccde1ec19757a2869481fa9c7d', 'PRS-AODC', 'PRUEBA 3', '', 'c4ca4238a0b923820dcc509a6f75849b', '2021-06-26 05:17:40', '', '0000-00-00 00:00:00', 'c4ca4238a0b923820dcc509a6f75849b', '2021-06-25 23:17:40', b'0', b'0'),
('5014cb4d03f2e3e1fb1cc726f9116f3e', 'd583ed2bf0381b082922ec1b7f6abf70', '961d26ccde1ec19757a2869481fa9c7d', 'PRS-YUOZ', 'QUEMAXONE', '', '6db9e08e4295925697af15059da4e995', '2021-06-26 03:02:50', '', '0000-00-00 00:00:00', '', '0000-00-00 00:00:00', b'1', b'0'),
('532cc0b3709ba52694d3694272370552', 'fb85aee11e7190e586d2422f24a604e6', 'ae7623aaf5149513ab5bb76254a46ee5', 'PRS-AMXS', 'FRUTA FRESCA 20z', '', '6db9e08e4295925697af15059da4e995', '2021-06-26 03:02:50', '', '0000-00-00 00:00:00', '', '0000-00-00 00:00:00', b'1', b'0'),
('5643da897b1e06c7b2ddff5a322dc876', 'baa661154ee9582abf982570b201298e', 'b14d265b293dd0e7e24df1c4513f7e11', 'PRS-CTYX', 'MASECA', '', '6db9e08e4295925697af15059da4e995', '2021-06-26 03:02:50', '', '0000-00-00 00:00:00', '', '0000-00-00 00:00:00', b'1', b'0'),
('57027c3685ed14d169d91cd18bf69111', 'baa661154ee9582abf982570b201298e', 'b14d265b293dd0e7e24df1c4513f7e11', 'PRS-BIBW', 'MAIZ BLANCO', '', '6db9e08e4295925697af15059da4e995', '2021-06-26 03:02:50', '', '0000-00-00 00:00:00', '', '0000-00-00 00:00:00', b'1', b'0'),
('586bf50773ddb0e8027684037f747821', 'd583ed2bf0381b082922ec1b7f6abf70', '434bc1ec37deb904edae7942b10cc350', 'PRS-UCQS', 'MAGNUM', '', '6db9e08e4295925697af15059da4e995', '2021-06-26 03:02:50', '', '0000-00-00 00:00:00', '', '0000-00-00 00:00:00', b'1', b'0'),
('5b63083376beb811e5bce3a95ad3d2c4', 'baa661154ee9582abf982570b201298e', '2d5a06d564dc87d865db2a502c7fe43b', 'PRS-QFPL', 'FONTANA', '', 'fac9173ebc681c18e432158195adb3b4', '2021-07-07 06:01:56', '', '0000-00-00 00:00:00', '6db9e08e4295925697af15059da4e995', '2021-07-07 00:01:56', b'0', b'0'),
('5e36c5dac6a16841ce52ffc66ba989cc', 'baa661154ee9582abf982570b201298e', 'b14d265b293dd0e7e24df1c4513f7e11', 'PRS-QILX', 'CINTA AZUL LECHERA', '', '6db9e08e4295925697af15059da4e995', '2021-06-26 03:02:50', '', '0000-00-00 00:00:00', '', '0000-00-00 00:00:00', b'1', b'0'),
('5e3856afebc147d1a174ebfbb59e82fa', '1be3842ece0b6fbab575bc32ea7737f5', '2d5a06d564dc87d865db2a502c7fe43b', 'PRS-BHVF', 'SULFATO LIBRA', '', '6db9e08e4295925697af15059da4e995', '2021-07-07 05:39:30', '', '0000-00-00 00:00:00', '6db9e08e4295925697af15059da4e995', '2021-07-06 23:39:30', b'0', b'0'),
('5f8df025fe3c156d9ba20ec3d87ddb6d', 'baa661154ee9582abf982570b201298e', 'b14d265b293dd0e7e24df1c4513f7e11', 'PRS-TTXC', 'AFRECO MOLSA', '', '6db9e08e4295925697af15059da4e995', '2021-06-26 03:02:50', '', '0000-00-00 00:00:00', '', '0000-00-00 00:00:00', b'1', b'0'),
('60519158503c2540c9b2f8800d7fb0dc', 'd583ed2bf0381b082922ec1b7f6abf70', '961d26ccde1ec19757a2869481fa9c7d', 'PRS-PHID', 'ALBULET ADERENTE', '', '6db9e08e4295925697af15059da4e995', '2021-06-26 03:02:50', '', '0000-00-00 00:00:00', '', '0000-00-00 00:00:00', b'1', b'0'),
('63471534d1cf922d62716dccc76ea1cb', 'fb85aee11e7190e586d2422f24a604e6', 'ae7623aaf5149513ab5bb76254a46ee5', 'PRS-ATSI', 'AQUA 20z', '', '6db9e08e4295925697af15059da4e995', '2021-06-26 03:02:50', '', '0000-00-00 00:00:00', '', '0000-00-00 00:00:00', b'1', b'0'),
('636fb605e9a62683e281bd3b73e16fd8', 'fb85aee11e7190e586d2422f24a604e6', '961d26ccde1ec19757a2869481fa9c7d', 'PRS-ECAY', 'PRUEBA 3', '', 'c4ca4238a0b923820dcc509a6f75849b', '2021-07-04 13:51:25', '', '0000-00-00 00:00:00', '6db9e08e4295925697af15059da4e995', '2021-07-04 07:51:25', b'0', b'0'),
('6486d0d7302a353d25feb2a1d569c55f', 'd583ed2bf0381b082922ec1b7f6abf70', '961d26ccde1ec19757a2869481fa9c7d', 'PRS-KBTD', 'YARAVITA', '', '6db9e08e4295925697af15059da4e995', '2021-06-26 03:02:50', '', '0000-00-00 00:00:00', '', '0000-00-00 00:00:00', b'1', b'0'),
('64e042fd8ce9bda19a79877f1498b0f0', 'baa661154ee9582abf982570b201298e', 'b14d265b293dd0e7e24df1c4513f7e11', 'PRS-OMOJ', 'DESARROLLO COMAYMA', '', '6db9e08e4295925697af15059da4e995', '2021-07-05 01:17:45', '', '0000-00-00 00:00:00', 'fac9173ebc681c18e432158195adb3b4', '2021-07-04 19:17:45', b'0', b'0'),
('66bd8bca970ce2d3b6c539dff128d007', '1be3842ece0b6fbab575bc32ea7737f5', '2d5a06d564dc87d865db2a502c7fe43b', 'PRS-WDIH', '20-20-0 MAYAFERT LIBRA', '', '6db9e08e4295925697af15059da4e995', '2021-07-07 05:36:47', '', '0000-00-00 00:00:00', '6db9e08e4295925697af15059da4e995', '2021-07-06 23:36:47', b'0', b'0'),
('697feb8c33e404bbd02a693a44afbc2a', 'fb85aee11e7190e586d2422f24a604e6', '961d26ccde1ec19757a2869481fa9c7d', 'PRS-IUCU', 'PRUEBA 1', 'Esto es una prueba', 'c4ca4238a0b923820dcc509a6f75849b', '2021-07-04 13:51:30', '', '0000-00-00 00:00:00', '6db9e08e4295925697af15059da4e995', '2021-07-04 07:51:30', b'0', b'0'),
('69f076d5498c2fa22c0750920a704449', '1be3842ece0b6fbab575bc32ea7737f5', 'b14d265b293dd0e7e24df1c4513f7e11', 'PRS-VVAN', 'UREA', '', '6db9e08e4295925697af15059da4e995', '2021-07-07 05:39:18', '', '0000-00-00 00:00:00', '', '0000-00-00 00:00:00', b'1', b'0'),
('6a372477d319eee5b2a5f5e6ca1e73b5', '1be3842ece0b6fbab575bc32ea7737f5', 'b14d265b293dd0e7e24df1c4513f7e11', 'PRS-DNDE', 'UREA', '', '6db9e08e4295925697af15059da4e995', '2021-07-07 05:38:30', '', '0000-00-00 00:00:00', '6db9e08e4295925697af15059da4e995', '2021-07-06 23:38:30', b'0', b'0'),
('6bdb33b0ea397a2fd64f9e380526366c', 'fb85aee11e7190e586d2422f24a604e6', 'ae7623aaf5149513ab5bb76254a46ee5', 'PRS-JJUM', 'AMP LATA', '', '6db9e08e4295925697af15059da4e995', '2021-06-26 03:02:50', '', '0000-00-00 00:00:00', '', '0000-00-00 00:00:00', b'1', b'0'),
('6d90c30cc59e39d6b01ab70d49406830', 'baa661154ee9582abf982570b201298e', '634a58b9ad629c0b07c2aa78104c713d', 'PRS-BJVV', 'GALLETA', '', '6db9e08e4295925697af15059da4e995', '2021-07-07 05:53:02', '', '0000-00-00 00:00:00', '', '0000-00-00 00:00:00', b'1', b'0'),
('6ee24ceafde754bea8287ec102eb83e1', 'baa661154ee9582abf982570b201298e', 'b14d265b293dd0e7e24df1c4513f7e11', 'PRS-ARYW', 'ALIENGORDE 1', '', '6db9e08e4295925697af15059da4e995', '2021-07-07 05:30:21', '', '0000-00-00 00:00:00', '6db9e08e4295925697af15059da4e995', '2021-07-06 23:30:21', b'0', b'0'),
('6fe4b69479dfa8c6c3b56da53059d8bb', 'baa661154ee9582abf982570b201298e', 'b14d265b293dd0e7e24df1c4513f7e11', 'PRS-ZQNM', 'VITACERDO 2 ALIANZA', '', '6db9e08e4295925697af15059da4e995', '2021-06-26 03:02:50', '', '0000-00-00 00:00:00', '', '0000-00-00 00:00:00', b'1', b'0'),
('714ad6bfe88321790732292aae8dcf80', '1be3842ece0b6fbab575bc32ea7737f5', 'b14d265b293dd0e7e24df1c4513f7e11', 'PRS-XKGF', '12-05 FISICO MAYAFERT', '', '6db9e08e4295925697af15059da4e995', '2021-06-26 03:02:50', '', '0000-00-00 00:00:00', '', '0000-00-00 00:00:00', b'1', b'0'),
('746b462c6dfcc3ac54177e879c14d779', 'd583ed2bf0381b082922ec1b7f6abf70', '434bc1ec37deb904edae7942b10cc350', 'PRS-EQTG', 'SEVIN', '', '6db9e08e4295925697af15059da4e995', '2021-06-26 03:02:50', '', '0000-00-00 00:00:00', '', '0000-00-00 00:00:00', b'1', b'0'),
('791e8a53dd8ea8fa7b30522bd5492e1f', '1be3842ece0b6fbab575bc32ea7737f5', '2d5a06d564dc87d865db2a502c7fe43b', 'PRS-RYNM', 'UREA LIBRA', '', '6db9e08e4295925697af15059da4e995', '2021-07-07 05:38:25', '', '0000-00-00 00:00:00', '6db9e08e4295925697af15059da4e995', '2021-07-06 23:38:25', b'0', b'0'),
('796530e91c2c51ae39014a1a4b504db4', 'baa661154ee9582abf982570b201298e', 'b14d265b293dd0e7e24df1c4513f7e11', 'PRS-WCQJ', 'GALLETA', '', 'fac9173ebc681c18e432158195adb3b4', '2021-07-07 05:48:01', '', '0000-00-00 00:00:00', '6db9e08e4295925697af15059da4e995', '2021-07-06 23:48:01', b'0', b'0'),
('7bdc3282923e1d6c0d49fb3ffa19264c', 'baa661154ee9582abf982570b201298e', 'b14d265b293dd0e7e24df1c4513f7e11', 'PRS-UFVY', 'DESARROLLO COMAYMA', '', 'fac9173ebc681c18e432158195adb3b4', '2021-07-07 05:44:12', '', '0000-00-00 00:00:00', '6db9e08e4295925697af15059da4e995', '2021-07-06 23:44:12', b'0', b'0'),
('806edd7e30c25557ff5f5ab54dd615a7', 'd583ed2bf0381b082922ec1b7f6abf70', '961d26ccde1ec19757a2869481fa9c7d', 'PRS-ZHKK', 'REFOSTER', '', 'fac9173ebc681c18e432158195adb3b4', '2021-07-05 00:35:14', '', '0000-00-00 00:00:00', '', '0000-00-00 00:00:00', b'1', b'0'),
('816ee7fa520e222c32e7b6863defd370', 'baa661154ee9582abf982570b201298e', 'b14d265b293dd0e7e24df1c4513f7e11', 'PRS-GMJC', 'ALIENGORDE 1', '', 'fac9173ebc681c18e432158195adb3b4', '2021-07-07 05:23:36', '', '0000-00-00 00:00:00', '6db9e08e4295925697af15059da4e995', '2021-07-06 23:23:36', b'0', b'0'),
('83d548b152a44995e5a4d878d73428a0', 'fb85aee11e7190e586d2422f24a604e6', '208e489af92d56a877e47e5db1760a97', 'PRS-HTGR', '2.5 LITROS', '', '6db9e08e4295925697af15059da4e995', '2021-06-26 03:02:50', '', '0000-00-00 00:00:00', '', '0000-00-00 00:00:00', b'1', b'0'),
('847489c618fa6195792631e575f003a0', '1be3842ece0b6fbab575bc32ea7737f5', 'b14d265b293dd0e7e24df1c4513f7e11', 'PRS-VULJ', 'SULFATO MAYAFERT', '', '6db9e08e4295925697af15059da4e995', '2021-07-05 00:48:15', '', '0000-00-00 00:00:00', 'fac9173ebc681c18e432158195adb3b4', '2021-07-04 18:48:15', b'0', b'0'),
('865b72ef81b656273c686d1443ffd707', 'baa661154ee9582abf982570b201298e', 'b14d265b293dd0e7e24df1c4513f7e11', 'PRS-LMDC', 'RUFO ADULTO', '', '6db9e08e4295925697af15059da4e995', '2021-07-05 01:10:13', '', '0000-00-00 00:00:00', 'fac9173ebc681c18e432158195adb3b4', '2021-07-04 19:10:13', b'0', b'0'),
('88e004d005e0d3abc77fefe03422bc3c', 'd583ed2bf0381b082922ec1b7f6abf70', '9daf33f726a1a305ad86d9dc467d3e33', 'PRS-PWZN', 'TAREA', '', '6db9e08e4295925697af15059da4e995', '2021-06-26 03:02:50', '', '0000-00-00 00:00:00', '', '0000-00-00 00:00:00', b'1', b'0'),
('8928bf5b39041d058b33a732c4deb350', 'baa661154ee9582abf982570b201298e', 'b14d265b293dd0e7e24df1c4513f7e11', 'PRS-XKVD', 'VITAENGORDE FINALIZADOR', 'ESTE PRODUCTO SE VENDE POR DIFERENTES PRESENTACIONES', '6db9e08e4295925697af15059da4e995', '2021-07-05 01:16:13', '', '0000-00-00 00:00:00', 'fac9173ebc681c18e432158195adb3b4', '2021-07-04 19:16:13', b'0', b'0'),
('89b24d6796aa0be4a10858d5ec32e9c6', 'd583ed2bf0381b082922ec1b7f6abf70', '30c865844259683b92811bcfc143b9fb', 'PRS-GHPA', 'RANNDUP', '', '6db9e08e4295925697af15059da4e995', '2021-06-26 03:02:50', '', '0000-00-00 00:00:00', '', '0000-00-00 00:00:00', b'1', b'0'),
('8be20f4f18f92c2dda918ef4daa95ea8', 'd583ed2bf0381b082922ec1b7f6abf70', '961d26ccde1ec19757a2869481fa9c7d', 'PRS-VBWF', 'GRAMOXONE', '', '6db9e08e4295925697af15059da4e995', '2021-06-26 03:02:50', '', '0000-00-00 00:00:00', '', '0000-00-00 00:00:00', b'1', b'0'),
('8c756ab7b931e89d81375fc56de44e9f', 'baa661154ee9582abf982570b201298e', 'b14d265b293dd0e7e24df1c4513f7e11', 'PRS-OKPH', 'IEMO', '', 'c4ca4238a0b923820dcc509a6f75849b', '2021-07-04 13:51:09', '', '0000-00-00 00:00:00', '6db9e08e4295925697af15059da4e995', '2021-07-04 07:51:09', b'0', b'0'),
('8fd0c3ba6c8b0e7280855a9bc4289f43', '1be3842ece0b6fbab575bc32ea7737f5', 'b14d265b293dd0e7e24df1c4513f7e11', 'PRS-VQLL', 'NITROEXTEND DISAGRO', '', '6db9e08e4295925697af15059da4e995', '2021-06-26 03:02:50', '', '0000-00-00 00:00:00', '', '0000-00-00 00:00:00', b'1', b'0'),
('9450727da29fd15b3cbd7b5ff463a57f', 'baa661154ee9582abf982570b201298e', '2d5a06d564dc87d865db2a502c7fe43b', 'PRS-PMVO', 'CAFE MOLIDO LIBRA ', '', '6db9e08e4295925697af15059da4e995', '2021-07-07 06:06:30', '', '0000-00-00 00:00:00', '', '0000-00-00 00:00:00', b'1', b'0'),
('947ec16945a586c4d318ce817985ed52', 'd583ed2bf0381b082922ec1b7f6abf70', '961d26ccde1ec19757a2869481fa9c7d', 'PRS-ZVOE', 'BAYFOLAN', '', '6db9e08e4295925697af15059da4e995', '2021-06-26 03:02:50', '', '0000-00-00 00:00:00', '', '0000-00-00 00:00:00', b'1', b'0'),
('9567ed170208b7d3cbefa1fc53b7363f', 'baa661154ee9582abf982570b201298e', 'b14d265b293dd0e7e24df1c4513f7e11', 'PRS-LEEQ', 'MAIZ MOLIDO', '', '6db9e08e4295925697af15059da4e995', '2021-06-26 03:02:50', '', '0000-00-00 00:00:00', '', '0000-00-00 00:00:00', b'1', b'0'),
('988379814fdbbe13e4c1c18f78a8c7b0', '1be3842ece0b6fbab575bc32ea7737f5', 'b14d265b293dd0e7e24df1c4513f7e11', 'PRS-NWZJ', 'UREA ', '', 'fac9173ebc681c18e432158195adb3b4', '2021-07-07 05:14:35', '', '0000-00-00 00:00:00', '6db9e08e4295925697af15059da4e995', '2021-07-06 23:14:35', b'0', b'0'),
('9969f7a5c6032acbfc8d6631b04b4941', 'fb85aee11e7190e586d2422f24a604e6', 'ae7623aaf5149513ab5bb76254a46ee5', 'PRS-ESBU', 'SQUIZ 20z', '', '6db9e08e4295925697af15059da4e995', '2021-06-26 03:02:50', '', '0000-00-00 00:00:00', '', '0000-00-00 00:00:00', b'1', b'0'),
('99c81349fc11e2cf2ed9e71e3bfd07f7', 'baa661154ee9582abf982570b201298e', 'b14d265b293dd0e7e24df1c4513f7e11', 'PRS-LFOH', 'VITAENGORDE FIN', '', '6db9e08e4295925697af15059da4e995', '2021-07-07 05:43:53', '', '0000-00-00 00:00:00', '', '0000-00-00 00:00:00', b'1', b'0'),
('9ba592041ff36687d2317fba8d844cb6', 'fb85aee11e7190e586d2422f24a604e6', 'ae7623aaf5149513ab5bb76254a46ee5', 'PRS-SODN', 'PEPSITA', '', '6db9e08e4295925697af15059da4e995', '2021-06-26 03:02:50', '', '0000-00-00 00:00:00', '', '0000-00-00 00:00:00', b'1', b'0'),
('9e4c3763be487aebfcfdd2a06e49d0d4', 'd583ed2bf0381b082922ec1b7f6abf70', '961d26ccde1ec19757a2869481fa9c7d', 'PRS-VTQK', 'ATADURA', '', '6db9e08e4295925697af15059da4e995', '2021-06-26 03:02:50', '', '0000-00-00 00:00:00', '', '0000-00-00 00:00:00', b'1', b'0'),
('9fc21aa42ea2042018f2f6bcdf4b95e3', 'baa661154ee9582abf982570b201298e', 'b14d265b293dd0e7e24df1c4513f7e11', 'PRS-RPUR', 'AFRECHO SALVAVIDA', '', '6db9e08e4295925697af15059da4e995', '2021-06-26 03:02:50', '', '0000-00-00 00:00:00', '', '0000-00-00 00:00:00', b'1', b'0'),
('a256a3033fef93cacec736a30c40eda1', 'baa661154ee9582abf982570b201298e', 'b14d265b293dd0e7e24df1c4513f7e11', 'PRS-LXGH', 'VITAENGORDE INICIO', 'POLLO\r\n', '6db9e08e4295925697af15059da4e995', '2021-07-05 00:57:32', '', '0000-00-00 00:00:00', 'fac9173ebc681c18e432158195adb3b4', '2021-07-04 18:57:32', b'0', b'0'),
('a67b03b27e99c47e07fb77f422c916af', '1be3842ece0b6fbab575bc32ea7737f5', 'b14d265b293dd0e7e24df1c4513f7e11', 'PRS-HZWK', 'SULFATO', '', 'fac9173ebc681c18e432158195adb3b4', '2021-07-07 05:16:02', '', '0000-00-00 00:00:00', '6db9e08e4295925697af15059da4e995', '2021-07-06 23:16:02', b'0', b'0'),
('aadaf2a8d94910303379f27062699c87', 'baa661154ee9582abf982570b201298e', 'b14d265b293dd0e7e24df1c4513f7e11', 'PRS-RGCT', 'MAIZ ARINA', '', '6db9e08e4295925697af15059da4e995', '2021-06-26 03:02:50', '', '0000-00-00 00:00:00', '', '0000-00-00 00:00:00', b'1', b'0'),
('ad332fc52ce372a82564a70e6770b64c', 'baa661154ee9582abf982570b201298e', '634a58b9ad629c0b07c2aa78104c713d', 'PRS-MSXD', 'GALLETA', '', '6db9e08e4295925697af15059da4e995', '2021-07-07 05:52:07', '', '0000-00-00 00:00:00', '6db9e08e4295925697af15059da4e995', '2021-07-06 23:52:07', b'0', b'0'),
('b2c1e320c81b54537a6270488e335e1c', 'baa661154ee9582abf982570b201298e', 'b14d265b293dd0e7e24df1c4513f7e11', 'PRS-LPVP', 'PALMISTE', '', '6db9e08e4295925697af15059da4e995', '2021-06-26 03:02:50', '', '0000-00-00 00:00:00', '', '0000-00-00 00:00:00', b'1', b'0'),
('b7e67b42b99762b090e84396e6145925', '1be3842ece0b6fbab575bc32ea7737f5', 'b14d265b293dd0e7e24df1c4513f7e11', 'PRS-MZPQ', 'MAS CAFE NORDIC', '', '6db9e08e4295925697af15059da4e995', '2021-06-26 03:02:50', '', '0000-00-00 00:00:00', '', '0000-00-00 00:00:00', b'1', b'0'),
('b85ba33dee2fc1125225df271c9e402a', 'baa661154ee9582abf982570b201298e', 'b14d265b293dd0e7e24df1c4513f7e11', 'PRS-DZGH', 'VITAENGORDE INICIO', '', 'fac9173ebc681c18e432158195adb3b4', '2021-07-07 05:41:10', '', '0000-00-00 00:00:00', '6db9e08e4295925697af15059da4e995', '2021-07-06 23:41:10', b'0', b'0'),
('ba60c41e79a69909be474bd574810a93', 'd583ed2bf0381b082922ec1b7f6abf70', '961d26ccde1ec19757a2869481fa9c7d', 'PRS-KZXS', 'PARACUAT', '', 'fac9173ebc681c18e432158195adb3b4', '2021-07-05 00:42:31', '', '0000-00-00 00:00:00', '', '0000-00-00 00:00:00', b'1', b'0'),
('bf7c4675664fb4ee730b91aaabbceda4', 'fb85aee11e7190e586d2422f24a604e6', '208e489af92d56a877e47e5db1760a97', 'PRS-RLFJ', '1 1/4 LITRO', '', '6db9e08e4295925697af15059da4e995', '2021-07-07 06:28:54', '', '0000-00-00 00:00:00', '6db9e08e4295925697af15059da4e995', '2021-07-07 00:28:54', b'0', b'0'),
('bf867be180c321a6b533a1a8afff70c7', '1be3842ece0b6fbab575bc32ea7737f5', 'b14d265b293dd0e7e24df1c4513f7e11', 'PRS-QRIL', '20-20-0 MAYAFERT', '', '6db9e08e4295925697af15059da4e995', '2021-07-07 05:36:54', '', '0000-00-00 00:00:00', '6db9e08e4295925697af15059da4e995', '2021-07-06 23:36:54', b'0', b'0'),
('c2ca56faa87067619d5417f56c6e1d4d', 'fb85aee11e7190e586d2422f24a604e6', 'ae7623aaf5149513ab5bb76254a46ee5', 'PRS-TGTM', 'RIQUITA', '', '6db9e08e4295925697af15059da4e995', '2021-06-26 03:02:50', '', '0000-00-00 00:00:00', '', '0000-00-00 00:00:00', b'1', b'0'),
('c41d60c37e10f3e5bcf64e0852d23dc9', 'd583ed2bf0381b082922ec1b7f6abf70', 'd940b157a75b8172b4ec6f6445975973', 'PRS-QSMD', 'TRATAMAX', '', '6db9e08e4295925697af15059da4e995', '2021-06-26 03:02:50', '', '0000-00-00 00:00:00', '', '0000-00-00 00:00:00', b'1', b'0'),
('c8f0350bed2deca10801716973e4e028', 'd583ed2bf0381b082922ec1b7f6abf70', '961d26ccde1ec19757a2869481fa9c7d', 'PRS-VHIV', 'FOLIRAX', '', '6db9e08e4295925697af15059da4e995', '2021-06-26 03:02:50', '', '0000-00-00 00:00:00', '', '0000-00-00 00:00:00', b'1', b'0'),
('cadebc2167d7d12a1ded701f34e94c4f', '1be3842ece0b6fbab575bc32ea7737f5', 'b14d265b293dd0e7e24df1c4513f7e11', 'PRS-CLJG', '20-20-0 MAYAFERT', '', 'fac9173ebc681c18e432158195adb3b4', '2021-07-07 04:53:59', '', '0000-00-00 00:00:00', '6db9e08e4295925697af15059da4e995', '2021-07-06 22:53:59', b'0', b'0'),
('cd7061b96595b208813ed8da742eac4e', 'baa661154ee9582abf982570b201298e', 'b14d265b293dd0e7e24df1c4513f7e11', 'PRS-YVFQ', 'ALIENGORDE 1', '', '6db9e08e4295925697af15059da4e995', '2021-07-07 05:27:22', '', '0000-00-00 00:00:00', '6db9e08e4295925697af15059da4e995', '2021-07-06 23:27:22', b'0', b'0'),
('d0737b572e4c38aaaa4893a5b3c382dd', '1be3842ece0b6fbab575bc32ea7737f5', 'b14d265b293dd0e7e24df1c4513f7e11', 'PRS-IXAM', 'UREA MAYAFERT', '', '6db9e08e4295925697af15059da4e995', '2021-07-05 00:47:02', '', '0000-00-00 00:00:00', 'fac9173ebc681c18e432158195adb3b4', '2021-07-04 18:47:02', b'0', b'0'),
('d30da45f5933bf9e7082c58964ef8d48', 'baa661154ee9582abf982570b201298e', 'b14d265b293dd0e7e24df1c4513f7e11', 'PRS-VPGW', 'ECONOLACTANO', '', '6db9e08e4295925697af15059da4e995', '2021-06-26 03:02:50', '', '0000-00-00 00:00:00', '', '0000-00-00 00:00:00', b'1', b'0'),
('d3244a3c483d5da20e6e66e0b1cbef7f', 'baa661154ee9582abf982570b201298e', 'b14d265b293dd0e7e24df1c4513f7e11', 'PRS-QQYQ', 'VITAENGORDE INICIO', 'ESTE CONCENTRADO SE VENDE POR LIBRA, EL PRECIO DE VENTA VA A SER DIFERENTE EN LAS VENTAS\r\n', '6db9e08e4295925697af15059da4e995', '2021-07-05 01:16:04', '', '0000-00-00 00:00:00', 'fac9173ebc681c18e432158195adb3b4', '2021-07-04 19:16:04', b'0', b'1'),
('d39f6f732213aba7d154ac474825117c', 'd583ed2bf0381b082922ec1b7f6abf70', 'd940b157a75b8172b4ec6f6445975973', 'PRS-QOAP', 'ATRAPA', '', '6db9e08e4295925697af15059da4e995', '2021-06-26 03:02:50', '', '0000-00-00 00:00:00', '', '0000-00-00 00:00:00', b'1', b'0'),
('d521e8cbfeca7e534ca9336cf5fbede8', '1be3842ece0b6fbab575bc32ea7737f5', 'b14d265b293dd0e7e24df1c4513f7e11', 'PRS-OUGK', 'SULFATO', '', '6db9e08e4295925697af15059da4e995', '2021-07-07 07:20:35', '', '0000-00-00 00:00:00', '6db9e08e4295925697af15059da4e995', '2021-07-07 01:20:35', b'0', b'0'),
('d5e3c3ca2fa1af39e184906818d7dab0', 'baa661154ee9582abf982570b201298e', 'b14d265b293dd0e7e24df1c4513f7e11', 'PRS-FIPT', 'FINALIZADOR COMAYMA ', '', 'fac9173ebc681c18e432158195adb3b4', '2021-07-05 01:20:46', '', '0000-00-00 00:00:00', '', '0000-00-00 00:00:00', b'1', b'0'),
('d7578c13b1ac91dc2d1379821f9e4fb1', 'fb85aee11e7190e586d2422f24a604e6', '208e489af92d56a877e47e5db1760a97', 'PRS-QEKI', 'JUMBOS', '', '6db9e08e4295925697af15059da4e995', '2021-06-26 03:02:50', '', '0000-00-00 00:00:00', '', '0000-00-00 00:00:00', b'1', b'0'),
('d790c752a86e78d4bcb44715eb91ffa2', 'baa661154ee9582abf982570b201298e', 'b14d265b293dd0e7e24df1c4513f7e11', 'PRS-IFIF', 'ALIENGORDE I', 'TODOS LOS PRODUCTOS DE CONCENTRADOS SE VENDER POR DIFERENTES PRESENTACIONES', '6db9e08e4295925697af15059da4e995', '2021-07-05 01:16:59', '', '0000-00-00 00:00:00', 'fac9173ebc681c18e432158195adb3b4', '2021-07-04 19:16:59', b'0', b'0'),
('d8c6e93517459f22f94e0b11f7bf04bd', 'baa661154ee9582abf982570b201298e', '9eb169f586f43bd40b330e7354446ed4', 'PRS-ICZE', 'CAFE MOLIDO BOLSITA ', '', '6db9e08e4295925697af15059da4e995', '2021-07-07 06:05:38', '', '0000-00-00 00:00:00', '', '0000-00-00 00:00:00', b'1', b'0'),
('d98c6cf4dcc3c742fbad1f7fc667ca04', 'baa661154ee9582abf982570b201298e', '2d5a06d564dc87d865db2a502c7fe43b', 'PRS-JWFL', 'ALIENGORDE 1 LIBRA', '', '6db9e08e4295925697af15059da4e995', '2021-07-07 05:27:27', '', '0000-00-00 00:00:00', '6db9e08e4295925697af15059da4e995', '2021-07-06 23:27:27', b'0', b'0'),
('dacdfd4ba951a1da7686a617cc707de5', 'd583ed2bf0381b082922ec1b7f6abf70', '30c865844259683b92811bcfc143b9fb', 'PRS-WYSW', 'ROOT OUT', '', '6db9e08e4295925697af15059da4e995', '2021-06-26 03:02:50', '', '0000-00-00 00:00:00', '', '0000-00-00 00:00:00', b'1', b'0'),
('df3cbf191e1763939617de8d0ecce8cf', 'd583ed2bf0381b082922ec1b7f6abf70', '961d26ccde1ec19757a2869481fa9c7d', 'PRS-XOMO', 'RANNDUP', '', '6db9e08e4295925697af15059da4e995', '2021-06-26 03:02:50', '', '0000-00-00 00:00:00', '', '0000-00-00 00:00:00', b'1', b'0'),
('df9466b5ce80645800085a22eabe89c3', 'baa661154ee9582abf982570b201298e', 'b14d265b293dd0e7e24df1c4513f7e11', 'PRS-YCPN', 'VITACERDO 3 ALIANZA', '', '6db9e08e4295925697af15059da4e995', '2021-06-26 03:02:50', '', '0000-00-00 00:00:00', '', '0000-00-00 00:00:00', b'1', b'0'),
('e09bdd2d816850a5b676eeeab402ec51', 'd583ed2bf0381b082922ec1b7f6abf70', '9daf33f726a1a305ad86d9dc467d3e33', 'PRS-XVRZ', 'BORDOCOP', '', '6db9e08e4295925697af15059da4e995', '2021-06-26 03:02:50', '', '0000-00-00 00:00:00', '', '0000-00-00 00:00:00', b'1', b'0'),
('e27a1cdfcec5e74a56cfa4d00907cf2c', 'fb85aee11e7190e586d2422f24a604e6', 'ae7623aaf5149513ab5bb76254a46ee5', 'PRS-HPWB', '20 ONZAS ', '', 'fac9173ebc681c18e432158195adb3b4', '2021-07-04 21:24:06', '', '0000-00-00 00:00:00', '', '0000-00-00 00:00:00', b'1', b'0'),
('e42b5938a9f505fc3733d5d1f4d86b75', 'fb85aee11e7190e586d2422f24a604e6', '208e489af92d56a877e47e5db1760a97', 'PRS-KNUK', 'PRB', '', '6db9e08e4295925697af15059da4e995', '2021-06-26 03:02:50', '', '0000-00-00 00:00:00', '', '0000-00-00 00:00:00', b'1', b'0'),
('eb1acc4da2919d2881b64518ac215392', 'baa661154ee9582abf982570b201298e', 'b14d265b293dd0e7e24df1c4513f7e11', 'PRS-KBNH', 'RUFO CACHORO ADULTO', '', '6db9e08e4295925697af15059da4e995', '2021-07-07 06:01:30', '', '0000-00-00 00:00:00', '', '0000-00-00 00:00:00', b'1', b'0'),
('ec6d2557a790bf623c2b9c32e0291a62', 'baa661154ee9582abf982570b201298e', 'b14d265b293dd0e7e24df1c4513f7e11', 'PRS-RPFK', 'VITALECHERO #18', '', '6db9e08e4295925697af15059da4e995', '2021-06-26 03:02:50', '', '0000-00-00 00:00:00', '', '0000-00-00 00:00:00', b'1', b'0'),
('ee8aaf2166747dcf1a3cf93287e94010', 'baa661154ee9582abf982570b201298e', 'b14d265b293dd0e7e24df1c4513f7e11', 'PRS-RKKF', 'IEMO1', '', 'c4ca4238a0b923820dcc509a6f75849b', '2021-07-04 13:51:19', '', '0000-00-00 00:00:00', '6db9e08e4295925697af15059da4e995', '2021-07-04 07:51:19', b'0', b'0'),
('f301d99d467dcd68e2c68de93bb728e3', 'baa661154ee9582abf982570b201298e', '2d5a06d564dc87d865db2a502c7fe43b', 'PRS-BQEA', 'ALIENGORDE 1 LIBRA', '', '6db9e08e4295925697af15059da4e995', '2021-07-07 05:30:12', '', '0000-00-00 00:00:00', '6db9e08e4295925697af15059da4e995', '2021-07-06 23:30:12', b'0', b'0'),
('f39504e1768f6205c43f135a0e9e8b55', 'fb85aee11e7190e586d2422f24a604e6', '208e489af92d56a877e47e5db1760a97', 'PRS-OULS', 'PEQUEÑAS VIDRIO', '', '6db9e08e4295925697af15059da4e995', '2021-06-26 03:02:50', '', '0000-00-00 00:00:00', '', '0000-00-00 00:00:00', b'1', b'0'),
('fade477ea3625ecfd5ef2e7ba46fed65', 'baa661154ee9582abf982570b201298e', 'b14d265b293dd0e7e24df1c4513f7e11', 'PRS-VEDF', 'PRUEBA 4', '', 'c4ca4238a0b923820dcc509a6f75849b', '2021-07-04 13:51:37', '', '0000-00-00 00:00:00', '6db9e08e4295925697af15059da4e995', '2021-07-04 07:51:37', b'0', b'0'),
('fbc7021c7734194ad2e10a4a9cd32314', 'd583ed2bf0381b082922ec1b7f6abf70', '37f1413b88d8f7adb0790c326b6f84b3', 'PRS-ZONE', 'RANNDUP', '', '6db9e08e4295925697af15059da4e995', '2021-06-26 03:02:50', '', '0000-00-00 00:00:00', '', '0000-00-00 00:00:00', b'1', b'0'),
('fc4c38828aa97b0fdb05ea7b0d679f41', 'baa661154ee9582abf982570b201298e', 'b14d265b293dd0e7e24df1c4513f7e11', 'PRS-MCVB', 'VITAENGORDE INICIO', '', 'fac9173ebc681c18e432158195adb3b4', '2021-07-05 01:14:54', '', '0000-00-00 00:00:00', 'fac9173ebc681c18e432158195adb3b4', '2021-07-04 19:14:54', b'0', b'0');

-- --------------------------------------------------------

--
-- Estructura de tabla para la tabla `proveedor`
--

CREATE TABLE `proveedor` (
  `codigo_proveedor` varchar(50) NOT NULL,
  `nombre` varchar(50) NOT NULL,
  `telefono` varchar(50) DEFAULT NULL,
  `u_registro` varchar(50) NOT NULL,
  `f_registro` timestamp NOT NULL DEFAULT current_timestamp() ON UPDATE current_timestamp(),
  `u_actualizacion` varchar(50) NOT NULL,
  `f_actualizacion` datetime NOT NULL,
  `u_eliminacion` varchar(50) NOT NULL,
  `f_eliminacion` datetime NOT NULL,
  `estado` bit(1) NOT NULL DEFAULT b'1'
) ENGINE=InnoDB DEFAULT CHARSET=utf8mb4;

--
-- Volcado de datos para la tabla `proveedor`
--

INSERT INTO `proveedor` (`codigo_proveedor`, `nombre`, `telefono`, `u_registro`, `f_registro`, `u_actualizacion`, `f_actualizacion`, `u_eliminacion`, `f_eliminacion`, `estado`) VALUES
('4ae1e09b7c823c118db14d70f9050a66', 'Isaac Martinez', '45093255', 'c4ca4238a0b923820dcc509a6f75849b', '2021-07-04 13:55:35', '6db9e08e4295925697af15059da4e995', '0000-00-00 00:00:00', '', '0000-00-00 00:00:00', b'0');

-- --------------------------------------------------------

--
-- Estructura de tabla para la tabla `roles`
--

CREATE TABLE `roles` (
  `codigo_rol` varchar(50) NOT NULL,
  `rol` varchar(50) NOT NULL,
  `descripcion` varchar(50) NOT NULL,
  `u_registro` varchar(50) NOT NULL,
  `f_registro` timestamp NOT NULL DEFAULT current_timestamp() ON UPDATE current_timestamp(),
  `u_actualizacion` varchar(50) NOT NULL,
  `f_actualizacion` datetime NOT NULL,
  `u_eliminacion` varchar(50) NOT NULL,
  `f_eliminacion` datetime NOT NULL,
  `estado` bit(1) NOT NULL DEFAULT b'1'
) ENGINE=InnoDB DEFAULT CHARSET=utf8mb4;

--
-- Volcado de datos para la tabla `roles`
--

INSERT INTO `roles` (`codigo_rol`, `rol`, `descripcion`, `u_registro`, `f_registro`, `u_actualizacion`, `f_actualizacion`, `u_eliminacion`, `f_eliminacion`, `estado`) VALUES
('c4ca4238a0b923820dcc509a6f75849b', 'Admin', '', 'IEMO', '2020-05-14 18:38:53', '', '0000-00-00 00:00:00', '', '0000-00-00 00:00:00', b'1'),
('c81e728d9d4c2f636f067f89cc14862c', 'Ventas', '', 'IEMO', '2020-05-14 18:39:10', '', '0000-00-00 00:00:00', '', '0000-00-00 00:00:00', b'1');

-- --------------------------------------------------------

--
-- Estructura de tabla para la tabla `subcategoria`
--

CREATE TABLE `subcategoria` (
  `codigo_subcategoria` varchar(50) NOT NULL,
  `codigo_categoria` varchar(50) NOT NULL,
  `subcategoria` varchar(50) NOT NULL,
  `descripcion` varchar(50) NOT NULL,
  `u_registro` varchar(50) NOT NULL,
  `f_registro` timestamp NOT NULL DEFAULT current_timestamp() ON UPDATE current_timestamp(),
  `u_actualizacion` varchar(50) NOT NULL,
  `f_actualizacion` datetime NOT NULL,
  `u_eliminacion` varchar(50) NOT NULL,
  `f_eliminacion` datetime NOT NULL,
  `estado` bit(1) NOT NULL DEFAULT b'1'
) ENGINE=InnoDB DEFAULT CHARSET=utf8mb4;

-- --------------------------------------------------------

--
-- Estructura de tabla para la tabla `sub_funcion`
--

CREATE TABLE `sub_funcion` (
  `codigo_sub` varchar(50) NOT NULL,
  `codigo_funcion` varchar(50) NOT NULL,
  `sub` varchar(50) NOT NULL,
  `icono` varchar(50) NOT NULL,
  `link` varchar(50) NOT NULL,
  `orden` int(11) NOT NULL,
  `estado` bit(1) NOT NULL DEFAULT b'1'
) ENGINE=InnoDB DEFAULT CHARSET=utf8mb4;

--
-- Volcado de datos para la tabla `sub_funcion`
--

INSERT INTO `sub_funcion` (`codigo_sub`, `codigo_funcion`, `sub`, `icono`, `link`, `orden`, `estado`) VALUES
('29661859df9d2b3c41cd5fc53f48caae', '693368373acc72527633fb9d1f3718cc', 'Categorias', 'plus', 'Products/category', 3, b'1'),
('2e03deda0e451ebabd6cd279a5847bce', '830cb979a446c0eed165df0e62e72898', 'Nueva venta', 'edit', 'Sales/Sales', 1, b'1'),
('5e2513f435c88c1739da248a6190da18', 'b7e5cc3ba1cbc61e6bcf5601b4f4b7e3', 'Presentacion', 'weight', 'Settings/Presentation', 1, b'1'),
('6759a380b7e31356e6d768a8463c2990', '830cb979a446c0eed165df0e62e72898', 'Listado de ventas', 'edit', 'Sales/Sales_L', 2, b'1'),
('7cb68c36e943ea408f91049a78daf940', '5d232f281a6276504840ac11313bc537', 'Registro de usuarios', 'user-plus', 'Users/New_user', 1, b'1'),
('8fc10cf5af4584f95d8c14ec743d832f', '693368373acc72527633fb9d1f3718cc', 'Registro de Productos', 'edit', 'Products/new_products', 1, b'1'),
('9c5bf95e1843ace6b8ac2a54251bc882', '5d232f281a6276504840ac11313bc537', 'Listado de Usuarios', 'users', 'Users/List_user', 2, b'1'),
('ab193954b132b314e902159b96b75db0', 'b7e5cc3ba1cbc61e6bcf5601b4f4b7e3', 'Roles', 'briefcase', 'Settings/Roles', 2, b'1'),
('d0c8e59ec15a4455e71ab084b3c5cf23', '693368373acc72527633fb9d1f3718cc', 'Inventario', 'list-alt', 'Products/list_products', 2, b'1');

--
-- Índices para tablas volcadas
--

--
-- Indices de la tabla `auth`
--
ALTER TABLE `auth`
  ADD PRIMARY KEY (`codigo_usuario`);

--
-- Indices de la tabla `categoria`
--
ALTER TABLE `categoria`
  ADD PRIMARY KEY (`codigo_categoria`);

--
-- Indices de la tabla `cliente`
--
ALTER TABLE `cliente`
  ADD PRIMARY KEY (`codigo_cliente`);

--
-- Indices de la tabla `compras`
--
ALTER TABLE `compras`
  ADD PRIMARY KEY (`codigo_compra`),
  ADD KEY `codigo_proveedor` (`codigo_proveedor`),
  ADD KEY `codigo_categoria` (`codigo_categoria`),
  ADD KEY `codigo_producto` (`codigo_producto`),
  ADD KEY `codigo_presentacion` (`codigo_presentacion`);

--
-- Indices de la tabla `corte`
--
ALTER TABLE `corte`
  ADD PRIMARY KEY (`codigo_corte`);

--
-- Indices de la tabla `factura`
--
ALTER TABLE `factura`
  ADD PRIMARY KEY (`codigo_factura`);

--
-- Indices de la tabla `funciones`
--
ALTER TABLE `funciones`
  ADD PRIMARY KEY (`codigo_funcion`);

--
-- Indices de la tabla `inventario`
--
ALTER TABLE `inventario`
  ADD PRIMARY KEY (`codigo_inventario`),
  ADD KEY `codigo_categoria` (`codigo_categoria`),
  ADD KEY `codigo_producto` (`codigo_producto`),
  ADD KEY `codigo_presentacion` (`codigo_presentacion`);

--
-- Indices de la tabla `presentacion`
--
ALTER TABLE `presentacion`
  ADD PRIMARY KEY (`codigo_presentacion`);

--
-- Indices de la tabla `producto`
--
ALTER TABLE `producto`
  ADD PRIMARY KEY (`codigo_producto`),
  ADD KEY `codigo_categoria` (`codigo_categoria`),
  ADD KEY `codigo_presentacion` (`codigo_presentacion`);

--
-- Indices de la tabla `proveedor`
--
ALTER TABLE `proveedor`
  ADD PRIMARY KEY (`codigo_proveedor`);

--
-- Indices de la tabla `roles`
--
ALTER TABLE `roles`
  ADD PRIMARY KEY (`codigo_rol`);

--
-- Indices de la tabla `subcategoria`
--
ALTER TABLE `subcategoria`
  ADD PRIMARY KEY (`codigo_subcategoria`),
  ADD KEY `codigo_categoria` (`codigo_categoria`);

--
-- Indices de la tabla `sub_funcion`
--
ALTER TABLE `sub_funcion`
  ADD PRIMARY KEY (`codigo_sub`),
  ADD KEY `codigo_funcion` (`codigo_funcion`);

--
-- Restricciones para tablas volcadas
--

--
-- Filtros para la tabla `producto`
--
ALTER TABLE `producto`
  ADD CONSTRAINT `producto_ibfk_1` FOREIGN KEY (`codigo_categoria`) REFERENCES `categoria` (`codigo_categoria`) ON DELETE CASCADE ON UPDATE CASCADE,
  ADD CONSTRAINT `producto_ibfk_2` FOREIGN KEY (`codigo_presentacion`) REFERENCES `presentacion` (`codigo_presentacion`) ON DELETE CASCADE ON UPDATE CASCADE;
COMMIT;

/*!40101 SET CHARACTER_SET_CLIENT=@OLD_CHARACTER_SET_CLIENT */;
/*!40101 SET CHARACTER_SET_RESULTS=@OLD_CHARACTER_SET_RESULTS */;
/*!40101 SET COLLATION_CONNECTION=@OLD_COLLATION_CONNECTION */;
