-- phpMyAdmin SQL Dump
-- version 5.1.1
-- https://www.phpmyadmin.net/
--
-- Servidor: 127.0.0.1
-- Tiempo de generación: 08-09-2021 a las 18:51:48
-- Versión del servidor: 10.4.19-MariaDB
-- Versión de PHP: 7.4.20

SET SQL_MODE = "NO_AUTO_VALUE_ON_ZERO";
START TRANSACTION;
SET time_zone = "+00:00";


/*!40101 SET @OLD_CHARACTER_SET_CLIENT=@@CHARACTER_SET_CLIENT */;
/*!40101 SET @OLD_CHARACTER_SET_RESULTS=@@CHARACTER_SET_RESULTS */;
/*!40101 SET @OLD_COLLATION_CONNECTION=@@COLLATION_CONNECTION */;
/*!40101 SET NAMES utf8mb4 */;

--
-- Base de datos: `compra_ventas`
--

-- --------------------------------------------------------

--
-- Estructura de tabla para la tabla `auth`
--

CREATE TABLE `auth` (
  `codigo_usuario` varchar(50) NOT NULL,
  `nombre` varchar(50) NOT NULL,
  `apellido` varchar(50) NOT NULL,
  `usuario` varchar(50) NOT NULL,
  `password` varchar(50) NOT NULL,
  `rol` varchar(50) NOT NULL,
  `fecha_r` timestamp NOT NULL DEFAULT current_timestamp() ON UPDATE current_timestamp(),
  `fecha_e` datetime NOT NULL,
  `fecha_a` datetime NOT NULL,
  `estado` bit(1) NOT NULL DEFAULT b'1'
) ENGINE=InnoDB DEFAULT CHARSET=utf8mb4;

--
-- Volcado de datos para la tabla `auth`
--

INSERT INTO `auth` (`codigo_usuario`, `nombre`, `apellido`, `usuario`, `password`, `rol`, `fecha_r`, `fecha_e`, `fecha_a`, `estado`) VALUES
('220ed213fa43bd2805d365990a72de26', 'Tomas', 'Llavero', 'tomas', 'e10adc3949ba59abbe56e057f20f883e', 'c81e728d9d4c2f636f067f89cc14862c', '2021-07-05 00:11:38', '2021-07-04 18:11:38', '0000-00-00 00:00:00', b'0'),
('6db9e08e4295925697af15059da4e995', 'Santiago', 'Chitic', 'santiago', 'e10adc3949ba59abbe56e057f20f883e', 'c4ca4238a0b923820dcc509a6f75849b', '2021-06-13 15:34:32', '0000-00-00 00:00:00', '0000-00-00 00:00:00', b'1'),
('76cc0d76bec6a6e8233202afc8bdb688', 'Tomas', 'velazco', 'tomas', 'e10adc3949ba59abbe56e057f20f883e', 'c81e728d9d4c2f636f067f89cc14862c', '2021-07-05 00:12:08', '0000-00-00 00:00:00', '0000-00-00 00:00:00', b'1'),
('c4ca4238a0b923820dcc509a6f75849b', 'Isaac', 'Martinez', 'IEMO', '4a6b94bfef1dae584d9d36d56a34200c', '0b28a5799a32c687dad2c5183718ceac', '2021-07-19 19:36:45', '0000-00-00 00:00:00', '0000-00-00 00:00:00', b'1'),
('e4a64c8eb9fb6c471afd8b96425dda3d', 'Eder', 'Marroquin', 'DEOMA', 'e10adc3949ba59abbe56e057f20f883e', 'c81e728d9d4c2f636f067f89cc14862c', '2021-07-05 00:11:35', '2021-07-04 18:11:35', '0000-00-00 00:00:00', b'0'),
('fac9173ebc681c18e432158195adb3b4', 'Junior ', 'Chitic', 'junior', 'e10adc3949ba59abbe56e057f20f883e', 'c4ca4238a0b923820dcc509a6f75849b', '2021-07-04 14:05:40', '0000-00-00 00:00:00', '0000-00-00 00:00:00', b'1');

-- --------------------------------------------------------

--
-- Estructura de tabla para la tabla `categoria`
--

CREATE TABLE `categoria` (
  `codigo_categoria` varchar(50) NOT NULL,
  `codigo` varchar(50) NOT NULL,
  `categoria` varchar(50) NOT NULL,
  `descripcion` varchar(50) NOT NULL,
  `u_registro` varchar(50) NOT NULL,
  `f_registro` timestamp NOT NULL DEFAULT current_timestamp() ON UPDATE current_timestamp(),
  `u_actualizacion` varchar(50) NOT NULL,
  `f_actializacion` datetime NOT NULL,
  `u_eliminacion` varchar(50) NOT NULL,
  `f_eliminacion` datetime NOT NULL,
  `estado` bit(1) NOT NULL DEFAULT b'1'
) ENGINE=InnoDB DEFAULT CHARSET=utf8mb4;

--
-- Volcado de datos para la tabla `categoria`
--

INSERT INTO `categoria` (`codigo_categoria`, `codigo`, `categoria`, `descripcion`, `u_registro`, `f_registro`, `u_actualizacion`, `f_actializacion`, `u_eliminacion`, `f_eliminacion`, `estado`) VALUES
('19bb69682d8926804e2a4606a6c39e9d', 'CA-CQXK', 'ASDASD', 'asd', 'c4ca4238a0b923820dcc509a6f75849b', '2021-06-27 16:56:26', '', '0000-00-00 00:00:00', 'c4ca4238a0b923820dcc509a6f75849b', '2021-06-27 10:56:26', b'0'),
('1b1cdc60f93ec92ea31edec58db12129', 'CA-ANMS', 'PRUEBA 1', '', 'c4ca4238a0b923820dcc509a6f75849b', '2021-06-15 21:49:54', '', '0000-00-00 00:00:00', 'c4ca4238a0b923820dcc509a6f75849b', '2021-06-15 15:49:54', b'0'),
('1be3842ece0b6fbab575bc32ea7737f5', 'CA-BTHU', 'FERTILIZANTES', '', '6db9e08e4295925697af15059da4e995', '2021-06-13 17:32:41', '', '0000-00-00 00:00:00', '', '0000-00-00 00:00:00', b'1'),
('baa661154ee9582abf982570b201298e', 'CA-VUKO', 'CONCENTRADOS', '\r\n', '6db9e08e4295925697af15059da4e995', '2021-06-13 17:37:18', '', '0000-00-00 00:00:00', '', '0000-00-00 00:00:00', b'1'),
('d583ed2bf0381b082922ec1b7f6abf70', 'CA-HJRO', 'AGROQUIMICOS', '', '6db9e08e4295925697af15059da4e995', '2021-06-13 17:17:57', '', '0000-00-00 00:00:00', '', '0000-00-00 00:00:00', b'1'),
('fb85aee11e7190e586d2422f24a604e6', 'CA-TJFC', 'PEPSI COLA', '', '6db9e08e4295925697af15059da4e995', '2021-07-04 21:23:38', 'fac9173ebc681c18e432158195adb3b4', '2021-07-04 15:23:38', '', '0000-00-00 00:00:00', b'1');

-- --------------------------------------------------------

--
-- Estructura de tabla para la tabla `cliente`
--

CREATE TABLE `cliente` (
  `codigo_cliente` varchar(50) NOT NULL,
  `nombre` varchar(50) NOT NULL,
  `telefono` varchar(50) NOT NULL,
  `u_registro` varchar(50) NOT NULL,
  `f_registro` timestamp NOT NULL DEFAULT current_timestamp() ON UPDATE current_timestamp(),
  `u_actualizacion` varchar(50) NOT NULL,
  `f_actualizacion` datetime NOT NULL,
  `u_eliminacion` varchar(50) NOT NULL,
  `f_eliminacion` datetime NOT NULL,
  `estado` bit(1) NOT NULL DEFAULT b'1'
) ENGINE=InnoDB DEFAULT CHARSET=utf8mb4;

-- --------------------------------------------------------

--
-- Estructura de tabla para la tabla `compras`
--

CREATE TABLE `compras` (
  `codigo_compra` varchar(50) NOT NULL,
  `codigo_proveedor` varchar(50) NOT NULL,
  `codigo_categoria` varchar(50) NOT NULL,
  `codigo_producto` varchar(50) NOT NULL,
  `codigo_presentacion` varchar(50) NOT NULL,
  `stock` int(11) NOT NULL,
  `precio_compra` int(11) NOT NULL,
  `precio_venta` int(11) NOT NULL,
  `utilidad` int(11) NOT NULL,
  `descripcion` text NOT NULL,
  `u_registro` varchar(50) NOT NULL,
  `f_registro` timestamp NOT NULL DEFAULT current_timestamp() ON UPDATE current_timestamp(),
  `u_actualizacion` varchar(50) NOT NULL,
  `f_actualizacion` datetime NOT NULL,
  `u_eliminacion` varchar(50) NOT NULL,
  `f_eliminacion` datetime NOT NULL,
  `estado` bit(1) NOT NULL DEFAULT b'1'
) ENGINE=InnoDB DEFAULT CHARSET=utf8mb4;

-- --------------------------------------------------------

--
-- Estructura de tabla para la tabla `corte`
--

CREATE TABLE `corte` (
  `codigo_corte` varchar(50) NOT NULL,
  `codigo_usuario` varchar(50) NOT NULL,
  `fecha_inicio` date NOT NULL,
  `fecha_fin` date NOT NULL,
  `estado` bit(1) NOT NULL DEFAULT b'1'
) ENGINE=InnoDB DEFAULT CHARSET=utf8mb4;

--
-- Volcado de datos para la tabla `corte`
--

INSERT INTO `corte` (`codigo_corte`, `codigo_usuario`, `fecha_inicio`, `fecha_fin`, `estado`) VALUES
('c4ca4238a0b923820dcc509a6f75849b', 'c4ca4238a0b923820dcc509a6f75849b', '2021-07-03', '2021-07-03', b'1');

-- --------------------------------------------------------

--
-- Estructura de tabla para la tabla `detalle_factura`
--

CREATE TABLE `detalle_factura` (
  `codigo_detalle` varchar(50) NOT NULL,
  `codigo_factura` varchar(50) NOT NULL,
  `codigo_usuario` varchar(50) NOT NULL,
  `codigo_categoria` varchar(50) NOT NULL,
  `codigo_producto` varchar(50) NOT NULL,
  `tipo` int(1) DEFAULT NULL,
  `cantidad` double(10,2) NOT NULL DEFAULT 0.00,
  `precio` double(10,2) NOT NULL DEFAULT 0.00,
  `descuento` double(10,2) NOT NULL DEFAULT 0.00,
  `general` double(10,2) NOT NULL DEFAULT 0.00,
  `subtotal` double(10,2) NOT NULL DEFAULT 0.00,
  `estado` int(1) NOT NULL DEFAULT 1,
  `hora` timestamp NOT NULL DEFAULT current_timestamp() ON UPDATE current_timestamp(),
  `fecha` date NOT NULL DEFAULT curdate()
) ENGINE=InnoDB DEFAULT CHARSET=utf8mb4;

--
-- Volcado de datos para la tabla `detalle_factura`
--

INSERT INTO `detalle_factura` (`codigo_detalle`, `codigo_factura`, `codigo_usuario`, `codigo_categoria`, `codigo_producto`, `tipo`, `cantidad`, `precio`, `descuento`, `general`, `subtotal`, `estado`, `hora`, `fecha`) VALUES
('e2152b1d491cdf360bfa35fadd88d5af', '6bf49b04f37fa6a96ad019cd7593b43b', 'c4ca4238a0b923820dcc509a6f75849b', 'fb85aee11e7190e586d2422f24a604e6', '532cc0b3709ba52694d3694272370552', 0, 1.00, 30.00, 0.00, 0.00, 0.00, 0, '2021-07-05 00:17:44', '2021-07-04'),
('f0537ba60bc9840f3af4941621c8d2a4', '78c6a405a8075caa4e300d4b795f2e9e', '76cc0d76bec6a6e8233202afc8bdb688', 'fb85aee11e7190e586d2422f24a604e6', 'd7578c13b1ac91dc2d1379821f9e4fb1', 0, 1.00, 74.00, 0.00, 0.00, 74.00, 0, '2021-07-05 01:32:07', '2021-07-04'),
('100a71a44ffc49ca3947fed201abb748', '78c6a405a8075caa4e300d4b795f2e9e', '76cc0d76bec6a6e8233202afc8bdb688', 'fb85aee11e7190e586d2422f24a604e6', '83d548b152a44995e5a4d878d73428a0', 0, 2.00, 68.00, 0.00, 0.00, 136.00, 0, '2021-07-05 01:32:07', '2021-07-04'),
('9363c37e37222e0fb59b1b31a3b31088', 'fc94583a4b14b29f729dc58bc80e3c29', '76cc0d76bec6a6e8233202afc8bdb688', 'baa661154ee9582abf982570b201298e', 'aadaf2a8d94910303379f27062699c87', 0, 1.00, 145.00, 0.00, 0.00, 145.00, 1, '2021-07-14 05:18:56', '2021-07-04'),
('ac4e3eeebff8e09d76e1c4f2b836a048', 'fc94583a4b14b29f729dc58bc80e3c29', '76cc0d76bec6a6e8233202afc8bdb688', 'baa661154ee9582abf982570b201298e', '6fe4b69479dfa8c6c3b56da53059d8bb', 0, 1.00, 220.00, 0.00, 0.00, 220.00, 1, '2021-07-14 05:18:56', '2021-07-04'),
('0409df4d460469f0fe9c4abe20b344c8', '', '76cc0d76bec6a6e8233202afc8bdb688', 'baa661154ee9582abf982570b201298e', '796530e91c2c51ae39014a1a4b504db4', 0, 1.00, 70.00, 0.00, 0.00, 70.00, 6, '2021-07-14 05:42:22', '2021-07-04'),
('b287f14bd059bd8dfbf71be661220154', 'fc94583a4b14b29f729dc58bc80e3c29', '76cc0d76bec6a6e8233202afc8bdb688', 'baa661154ee9582abf982570b201298e', '796530e91c2c51ae39014a1a4b504db4', 0, 2.00, 70.00, 0.00, 0.00, 140.00, 1, '2021-07-14 05:18:56', '2021-07-04'),
('229c982eb7787c0581551368b23dc107', '', '76cc0d76bec6a6e8233202afc8bdb688', '1be3842ece0b6fbab575bc32ea7737f5', 'a67b03b27e99c47e07fb77f422c916af', 0, 5.00, 117.00, 0.00, 0.00, 585.00, 6, '2021-07-14 05:42:22', '2021-07-04'),
('cede42165dc3cafa824776a4727c82a6', '', '76cc0d76bec6a6e8233202afc8bdb688', 'baa661154ee9582abf982570b201298e', '7bdc3282923e1d6c0d49fb3ffa19264c', 1, 25.00, 2.50, 0.00, 0.00, 62.50, 6, '2021-07-14 05:42:22', '2021-07-04'),
('519f78fcd74c43ba87e2fb662bd0f1cb', '', '76cc0d76bec6a6e8233202afc8bdb688', 'baa661154ee9582abf982570b201298e', '7bdc3282923e1d6c0d49fb3ffa19264c', 1, 25.00, 2.50, 2.50, 62.50, 62.50, 6, '2021-07-14 05:42:22', '2021-07-04'),
('5d35119f59c1274fbadf368a2d350a23', '', '76cc0d76bec6a6e8233202afc8bdb688', 'baa661154ee9582abf982570b201298e', '7bdc3282923e1d6c0d49fb3ffa19264c', 1, 25.00, 2.50, 3.00, 75.00, 62.50, 6, '2021-07-14 05:42:22', '2021-07-04'),
('28b97ba155556142ca5e8d8b13060028', '6caf9b5d550b6d48cb7247a9d7484322', '76cc0d76bec6a6e8233202afc8bdb688', 'baa661154ee9582abf982570b201298e', '7bdc3282923e1d6c0d49fb3ffa19264c', 1, 25.00, 2.50, 2.50, 62.50, 62.50, 0, '2021-07-05 02:06:39', '2021-07-04'),
('3096a4f8c43b974eb6d9c5a684c20433', '6caf9b5d550b6d48cb7247a9d7484322', '76cc0d76bec6a6e8233202afc8bdb688', '1be3842ece0b6fbab575bc32ea7737f5', 'a67b03b27e99c47e07fb77f422c916af', 0, 5.00, 117.00, 0.00, 0.00, 585.00, 0, '2021-07-05 02:06:39', '2021-07-04'),
('e6d86f65892aabec1e7958fd5749154f', '6caf9b5d550b6d48cb7247a9d7484322', '76cc0d76bec6a6e8233202afc8bdb688', 'baa661154ee9582abf982570b201298e', 'b2c1e320c81b54537a6270488e335e1c', 0, 1.00, 90.00, 0.00, 0.00, 90.00, 0, '2021-07-05 02:06:39', '2021-07-04'),
('c869d9018adba287aaacf92731187517', '6caf9b5d550b6d48cb7247a9d7484322', '76cc0d76bec6a6e8233202afc8bdb688', 'baa661154ee9582abf982570b201298e', '4be27f694c872972dce6813f3d30498a', 0, 1.00, 135.00, 0.00, 0.00, 135.00, 0, '2021-07-05 02:06:39', '2021-07-04'),
('70cd04fc4c5ccd45bf4c933f395de65c', '6caf9b5d550b6d48cb7247a9d7484322', '76cc0d76bec6a6e8233202afc8bdb688', 'baa661154ee9582abf982570b201298e', 'ec6d2557a790bf623c2b9c32e0291a62', 0, 1.00, 175.00, 0.00, 0.00, 175.00, 0, '2021-07-05 02:06:39', '2021-07-04'),
('442af5dd63eb2ae7d3a3fd46bd8c8c87', '6caf9b5d550b6d48cb7247a9d7484322', '76cc0d76bec6a6e8233202afc8bdb688', '1be3842ece0b6fbab575bc32ea7737f5', '33b678e54aa9d52369452ee5719e4142', 0, 2.00, 153.00, 0.00, 0.00, 306.00, 0, '2021-07-05 02:06:39', '2021-07-04'),
('bc73a4bfa02c3e50250aa159fa584a8f', '6caf9b5d550b6d48cb7247a9d7484322', '76cc0d76bec6a6e8233202afc8bdb688', '1be3842ece0b6fbab575bc32ea7737f5', '8fd0c3ba6c8b0e7280855a9bc4289f43', 0, 1.00, 217.00, 0.00, 0.00, 217.00, 0, '2021-07-05 02:06:39', '2021-07-04'),
('3a9dba1ff2f5016410f8a5e5b23c9c0f', '6caf9b5d550b6d48cb7247a9d7484322', '76cc0d76bec6a6e8233202afc8bdb688', 'baa661154ee9582abf982570b201298e', '7bdc3282923e1d6c0d49fb3ffa19264c', 0, 1.00, 223.00, 0.00, 0.00, 223.00, 0, '2021-07-05 02:06:39', '2021-07-04'),
('8f5d90cc82e99d9cde4f41989fc232ed', '6caf9b5d550b6d48cb7247a9d7484322', '76cc0d76bec6a6e8233202afc8bdb688', 'd583ed2bf0381b082922ec1b7f6abf70', '8be20f4f18f92c2dda918ef4daa95ea8', 0, 1.00, 50.00, 0.00, 0.00, 50.00, 0, '2021-07-05 02:06:39', '2021-07-04'),
('e69a231af8ad22ba0228356627a69a33', '6caf9b5d550b6d48cb7247a9d7484322', '76cc0d76bec6a6e8233202afc8bdb688', 'baa661154ee9582abf982570b201298e', 'd5e3c3ca2fa1af39e184906818d7dab0', 1, 10.00, 2.50, 0.00, 0.00, 25.00, 0, '2021-07-05 02:06:39', '2021-07-04'),
('fa2041f0657316ae913e903e24f211d2', '6caf9b5d550b6d48cb7247a9d7484322', '76cc0d76bec6a6e8233202afc8bdb688', '1be3842ece0b6fbab575bc32ea7737f5', 'cadebc2167d7d12a1ded701f34e94c4f', 0, 1.00, 210.00, 0.00, 0.00, 210.00, 0, '2021-07-05 02:06:39', '2021-07-04'),
('7ea37cb7e3317266de8100381a9c2ae3', '6caf9b5d550b6d48cb7247a9d7484322', '76cc0d76bec6a6e8233202afc8bdb688', 'baa661154ee9582abf982570b201298e', '7bdc3282923e1d6c0d49fb3ffa19264c', 0, 1.00, 223.00, 0.00, 0.00, 223.00, 0, '2021-07-05 02:06:39', '2021-07-04'),
('489a188d47c57a39a62f62c49995ac7c', 'cc9450f000c16a7b4d31be2e5bd7a6d7', '76cc0d76bec6a6e8233202afc8bdb688', 'fb85aee11e7190e586d2422f24a604e6', 'c2ca56faa87067619d5417f56c6e1d4d', 0, 2.00, 20.00, 0.00, 0.00, 40.00, 1, '2021-07-14 05:18:56', '2021-07-04'),
('75ce2766cac6a05959b57af516fe6227', 'cc9450f000c16a7b4d31be2e5bd7a6d7', '76cc0d76bec6a6e8233202afc8bdb688', 'fb85aee11e7190e586d2422f24a604e6', 'bf7c4675664fb4ee730b91aaabbceda4', 0, 1.00, 60.00, 0.00, 0.00, 60.00, 1, '2021-07-14 05:18:56', '2021-07-04'),
('3e9ef89b3149c3045c5001e6a53716d6', '9075a3d893965f25359d78ab140d7000', '76cc0d76bec6a6e8233202afc8bdb688', 'd583ed2bf0381b082922ec1b7f6abf70', '8be20f4f18f92c2dda918ef4daa95ea8', 0, 1.00, 50.00, 0.00, 0.00, 50.00, 1, '2021-07-14 05:18:56', '2021-07-04'),
('9ccff8b2baafb40a0c901db67670fd20', '718df8c6a43fe1625afccb009808ada1', '76cc0d76bec6a6e8233202afc8bdb688', 'baa661154ee9582abf982570b201298e', '6fe4b69479dfa8c6c3b56da53059d8bb', 0, 1.00, 220.00, 0.00, 0.00, 220.00, 0, '2021-07-05 03:08:34', '2021-07-04'),
('2503add2b6f75b69de22c10e11f25b9e', '7c62d6621c33d6958bea53f5f973f9f3', '76cc0d76bec6a6e8233202afc8bdb688', 'baa661154ee9582abf982570b201298e', '57027c3685ed14d169d91cd18bf69111', 0, 1.00, 180.00, 0.00, 0.00, 180.00, 1, '2021-07-14 05:18:56', '2021-07-04'),
('e3faaeb51538d0d2b4a0e31c5202d657', '', '76cc0d76bec6a6e8233202afc8bdb688', 'baa661154ee9582abf982570b201298e', '18c7e2e186a7691e15771292ed31f873', 1, 1.00, 0.00, 0.00, 0.00, 0.00, 6, '2021-07-14 05:42:22', '2021-07-04'),
('81222c3b38791e8364e5799003642e01', '', '76cc0d76bec6a6e8233202afc8bdb688', 'baa661154ee9582abf982570b201298e', 'b85ba33dee2fc1125225df271c9e402a', 1, 14.00, 3.00, 0.00, 0.00, 42.00, 6, '2021-07-14 05:42:22', '2021-07-04'),
('7b6bdd3d4585051ddb7d38f3e29e69e8', 'd45c3e4fbdf59df95b6742c6b9c88b83', '76cc0d76bec6a6e8233202afc8bdb688', 'baa661154ee9582abf982570b201298e', 'b85ba33dee2fc1125225df271c9e402a', 1, 14.00, 3.00, 0.00, 0.00, 42.00, 1, '2021-07-14 05:18:56', '2021-07-04'),
('a84d8f4ca4c81c1f3c7be71eae0f81c5', '6873c7a82543b728e1ecddfc3cb06da3', '76cc0d76bec6a6e8233202afc8bdb688', '1be3842ece0b6fbab575bc32ea7737f5', 'a67b03b27e99c47e07fb77f422c916af', 0, 1.00, 117.00, 0.00, 0.00, 117.00, 0, '2021-07-05 20:19:55', '2021-07-04'),
('216c8c4b9d8c2f4f23c00610bcbba8df', '66d3e0c67a9b460629f98d6421879ed2', '76cc0d76bec6a6e8233202afc8bdb688', '1be3842ece0b6fbab575bc32ea7737f5', 'cadebc2167d7d12a1ded701f34e94c4f', 0, 10.00, 210.00, 0.00, 0.00, 2100.00, 0, '2021-07-05 20:19:55', '2021-07-05'),
('d17c50c77562552fb49c5e5103adc637', '66d3e0c67a9b460629f98d6421879ed2', '76cc0d76bec6a6e8233202afc8bdb688', '1be3842ece0b6fbab575bc32ea7737f5', 'a67b03b27e99c47e07fb77f422c916af', 0, 5.00, 117.00, 0.00, 0.00, 585.00, 0, '2021-07-05 20:19:55', '2021-07-05'),
('0307ddc8ef0630ca44ad0eae7bc6f206', '66d3e0c67a9b460629f98d6421879ed2', '76cc0d76bec6a6e8233202afc8bdb688', '1be3842ece0b6fbab575bc32ea7737f5', '8fd0c3ba6c8b0e7280855a9bc4289f43', 0, 2.00, 217.00, 0.00, 0.00, 434.00, 0, '2021-07-05 20:19:55', '2021-07-05'),
('7c2897c1429951076cf1811582d1d16c', '66d3e0c67a9b460629f98d6421879ed2', '76cc0d76bec6a6e8233202afc8bdb688', '1be3842ece0b6fbab575bc32ea7737f5', '33b678e54aa9d52369452ee5719e4142', 0, 1.00, 153.00, 0.00, 0.00, 153.00, 0, '2021-07-05 20:19:55', '2021-07-05'),
('93a323cfc93a5ed58db29297a1ab1a63', '66d3e0c67a9b460629f98d6421879ed2', '76cc0d76bec6a6e8233202afc8bdb688', '1be3842ece0b6fbab575bc32ea7737f5', '2604b026f292e1c71f048e279cc1e9d3', 0, 1.00, 193.00, 0.00, 0.00, 193.00, 0, '2021-07-05 20:19:55', '2021-07-05'),
('62c23b07eba5585205cb114f4ed19a61', '28550eae3a20c15bb34caa4cd35660b0', '76cc0d76bec6a6e8233202afc8bdb688', '1be3842ece0b6fbab575bc32ea7737f5', 'cadebc2167d7d12a1ded701f34e94c4f', 0, 5.00, 210.00, 0.00, 0.00, 1050.00, 0, '2021-07-05 20:19:55', '2021-07-05'),
('c3b8da2cd3ee43396321df358ef9b5f9', '28550eae3a20c15bb34caa4cd35660b0', '76cc0d76bec6a6e8233202afc8bdb688', '1be3842ece0b6fbab575bc32ea7737f5', 'a67b03b27e99c47e07fb77f422c916af', 0, 5.00, 117.00, 0.00, 0.00, 585.00, 0, '2021-07-05 20:19:55', '2021-07-05'),
('4a1178e17b755997b855c6853294dcc8', '7c69e22154d9fcc9be5c791602cfb071', '76cc0d76bec6a6e8233202afc8bdb688', 'baa661154ee9582abf982570b201298e', '5f8df025fe3c156d9ba20ec3d87ddb6d', 0, 2.00, 155.00, 0.00, 0.00, 310.00, 1, '2021-07-14 05:18:56', '2021-07-05'),
('3759851b7d8d88c207ee87f521d1b0dd', 'fd9557966d6af2e9bbafcf489a586419', '76cc0d76bec6a6e8233202afc8bdb688', 'fb85aee11e7190e586d2422f24a604e6', 'e42b5938a9f505fc3733d5d1f4d86b75', 0, 4.00, 74.00, 0.00, 0.00, 296.00, 1, '2021-07-14 05:18:56', '2021-07-05'),
('dbd36601b8f56637f6ab0a9a9c11e977', '', '76cc0d76bec6a6e8233202afc8bdb688', 'baa661154ee9582abf982570b201298e', '816ee7fa520e222c32e7b6863defd370', 0, 2.00, 245.00, 0.00, 0.00, 490.00, 6, '2021-07-14 05:42:22', '2021-07-05'),
('c8a2096bf00fe4c8a7b3bfd96ecc2765', '3853627993b48755ab3598a7859bd23c', '76cc0d76bec6a6e8233202afc8bdb688', 'baa661154ee9582abf982570b201298e', '816ee7fa520e222c32e7b6863defd370', 1, 2.00, 3.00, 0.00, 0.00, 6.00, 0, '2021-07-05 21:33:27', '2021-07-05'),
('b8f7e4b5eaba5329ee34fd20796a1185', '5d999e75213a8233527d86e81703163a', '76cc0d76bec6a6e8233202afc8bdb688', 'fb85aee11e7190e586d2422f24a604e6', 'e42b5938a9f505fc3733d5d1f4d86b75', 0, 2.00, 74.00, 0.00, 0.00, 148.00, 0, '2021-07-05 21:33:27', '2021-07-05'),
('2f65f9967cabcb642fab44aa47d81033', '4414803498917173f8664434a796a11f', '76cc0d76bec6a6e8233202afc8bdb688', 'fb85aee11e7190e586d2422f24a604e6', 'd7578c13b1ac91dc2d1379821f9e4fb1', 0, 1.00, 74.00, 0.00, 0.00, 74.00, 0, '2021-07-05 21:33:27', '2021-07-05'),
('a7e4794ec1231d9b0bac6dca33fb9fd6', '4414803498917173f8664434a796a11f', '76cc0d76bec6a6e8233202afc8bdb688', 'fb85aee11e7190e586d2422f24a604e6', 'f39504e1768f6205c43f135a0e9e8b55', 0, 1.00, 60.00, 0.00, 0.00, 60.00, 0, '2021-07-05 21:33:27', '2021-07-05'),
('619bddc4faed3c4832f13f9a753d2cf5', '6247b90184618a0798a797a85a0b0122', '76cc0d76bec6a6e8233202afc8bdb688', 'fb85aee11e7190e586d2422f24a604e6', 'e42b5938a9f505fc3733d5d1f4d86b75', 0, 1.00, 74.00, 0.00, 0.00, 74.00, 0, '2021-07-05 21:33:27', '2021-07-05'),
('24117f60e29a6a214a56e6cde397279d', '', '76cc0d76bec6a6e8233202afc8bdb688', '1be3842ece0b6fbab575bc32ea7737f5', 'cadebc2167d7d12a1ded701f34e94c4f', 0, 10.00, 210.00, 0.00, 0.00, 2100.00, 6, '2021-07-14 05:42:22', '2021-07-05'),
('9be303d9e44f28300a92cb955dcdee84', 'e03132ca17b16df18225aa9f43267b11', '76cc0d76bec6a6e8233202afc8bdb688', '1be3842ece0b6fbab575bc32ea7737f5', 'cadebc2167d7d12a1ded701f34e94c4f', 0, 10.00, 210.00, 3.00, 30.00, 2100.00, 1, '2021-07-14 05:18:56', '2021-07-05'),
('d32af12b5e14ef3ccb8a2f199dbaa7a7', '6f906efc0a630ca57cedf5ae2ec22f5a', '76cc0d76bec6a6e8233202afc8bdb688', 'baa661154ee9582abf982570b201298e', '7bdc3282923e1d6c0d49fb3ffa19264c', 0, 1.00, 223.00, 0.00, 0.00, 223.00, 0, '2021-07-05 22:49:01', '2021-07-05'),
('c570273406bad0b075b1fbb799e3cc82', '6f906efc0a630ca57cedf5ae2ec22f5a', '76cc0d76bec6a6e8233202afc8bdb688', 'baa661154ee9582abf982570b201298e', '5f8df025fe3c156d9ba20ec3d87ddb6d', 0, 1.00, 155.00, 0.00, 0.00, 155.00, 0, '2021-07-05 22:49:01', '2021-07-05'),
('818ca607acef24d38f95c2e8752b428a', '668adb62d9f8818d620708dd549d6597', '76cc0d76bec6a6e8233202afc8bdb688', 'fb85aee11e7190e586d2422f24a604e6', 'e42b5938a9f505fc3733d5d1f4d86b75', 0, 1.00, 74.00, 0.00, 0.00, 74.00, 0, '2021-07-05 22:49:01', '2021-07-05'),
('3bc6894a98b58c944868a4d6c3193495', '7b77bc3a25db1f6f6a995d86e352b054', '76cc0d76bec6a6e8233202afc8bdb688', 'baa661154ee9582abf982570b201298e', '4be27f694c872972dce6813f3d30498a', 0, 1.00, 135.00, 0.00, 0.00, 135.00, 0, '2021-07-05 22:49:01', '2021-07-05'),
('143abb1e2b0918f7f0a187a775a27318', '7b77bc3a25db1f6f6a995d86e352b054', '76cc0d76bec6a6e8233202afc8bdb688', 'baa661154ee9582abf982570b201298e', 'ec6d2557a790bf623c2b9c32e0291a62', 0, 1.00, 175.00, 0.00, 0.00, 175.00, 0, '2021-07-05 22:49:01', '2021-07-05'),
('eb9ff4bcb74f4af082b4b7374bc3d144', '274353ebc4181750e7f596d4ffdbb211', '76cc0d76bec6a6e8233202afc8bdb688', 'baa661154ee9582abf982570b201298e', 'd30da45f5933bf9e7082c58964ef8d48', 0, 1.00, 140.00, 0.00, 0.00, 140.00, 0, '2021-07-05 22:49:01', '2021-07-05'),
('015ea685dbf164496671fd6bee266cfc', '274353ebc4181750e7f596d4ffdbb211', '76cc0d76bec6a6e8233202afc8bdb688', 'baa661154ee9582abf982570b201298e', '7bdc3282923e1d6c0d49fb3ffa19264c', 0, 1.00, 223.00, 0.00, 0.00, 223.00, 0, '2021-07-05 22:49:01', '2021-07-05'),
('628ef6da7c3437fef7838c00f637344e', '274353ebc4181750e7f596d4ffdbb211', '76cc0d76bec6a6e8233202afc8bdb688', 'baa661154ee9582abf982570b201298e', '816ee7fa520e222c32e7b6863defd370', 1, 4.00, 3.00, 0.00, 0.00, 12.00, 0, '2021-07-05 22:49:01', '2021-07-05'),
('0f8a4209eeb03a33a3c1024e2fe0f0ea', 'baac28584c56c1a71937a4e20ca7ad36', '76cc0d76bec6a6e8233202afc8bdb688', 'fb85aee11e7190e586d2422f24a604e6', 'f39504e1768f6205c43f135a0e9e8b55', 0, 1.00, 60.00, 0.00, 0.00, 60.00, 1, '2021-07-14 05:18:56', '2021-07-05'),
('54d359961d6750861118e58e5c14af81', 'baac28584c56c1a71937a4e20ca7ad36', '76cc0d76bec6a6e8233202afc8bdb688', 'fb85aee11e7190e586d2422f24a604e6', 'd7578c13b1ac91dc2d1379821f9e4fb1', 0, 1.00, 74.00, 0.00, 0.00, 74.00, 1, '2021-07-14 05:18:56', '2021-07-05'),
('15a3d2b3dd3193dd5384518b266f9c06', 'baac28584c56c1a71937a4e20ca7ad36', '76cc0d76bec6a6e8233202afc8bdb688', 'fb85aee11e7190e586d2422f24a604e6', 'e42b5938a9f505fc3733d5d1f4d86b75', 0, 1.00, 74.00, 0.00, 0.00, 74.00, 1, '2021-07-14 05:18:56', '2021-07-05'),
('6a61e9fb92ea87dbe7507ed78f0eef12', 'b2c37353d6bf2de5c42a3c81f0a63840', '76cc0d76bec6a6e8233202afc8bdb688', 'baa661154ee9582abf982570b201298e', '7bdc3282923e1d6c0d49fb3ffa19264c', 0, 1.00, 223.00, 0.00, 0.00, 223.00, 1, '2021-07-14 05:18:56', '2021-07-05'),
('34ef7cb7d879fd981a5ee95c940244ae', 'a529f7e145fff3d2e4d276cb2ce95b76', '76cc0d76bec6a6e8233202afc8bdb688', '1be3842ece0b6fbab575bc32ea7737f5', 'cadebc2167d7d12a1ded701f34e94c4f', 0, 1.00, 210.00, 0.00, 0.00, 210.00, 1, '2021-07-14 05:18:56', '2021-07-05'),
('54acb2b2ddd5feefda963af948374c3d', '8c8632738ab28d5cd3e1ee593ed8a541', '76cc0d76bec6a6e8233202afc8bdb688', 'baa661154ee9582abf982570b201298e', '5f8df025fe3c156d9ba20ec3d87ddb6d', 0, 1.00, 155.00, 0.00, 0.00, 155.00, 1, '2021-07-14 05:18:56', '2021-07-05'),
('95ec2ead13ba1b26fb1abff922f48565', 'ec30fc416e6fb2e3589e9b674fb92890', '6db9e08e4295925697af15059da4e995', 'fb85aee11e7190e586d2422f24a604e6', 'd7578c13b1ac91dc2d1379821f9e4fb1', 0, 10.00, 74.00, 0.00, 0.00, 740.00, 1, '2021-07-14 05:18:56', '2021-07-05'),
('acb26c33a4d3510d4e5e9b202f5a150d', 'ec30fc416e6fb2e3589e9b674fb92890', '6db9e08e4295925697af15059da4e995', '1be3842ece0b6fbab575bc32ea7737f5', '2d193486b66012bc87df5856871c9301', 0, 5.00, 213.00, 0.00, 0.00, 1065.00, 1, '2021-07-14 05:18:56', '2021-07-05'),
('591f75bfc4d25c1afb785b5e890745e4', '1d886d5aae62e0cd594a4b004619ce7c', '6db9e08e4295925697af15059da4e995', 'baa661154ee9582abf982570b201298e', '5f8df025fe3c156d9ba20ec3d87ddb6d', 0, 2.00, 155.00, 0.00, 0.00, 310.00, 0, '2021-07-06 13:22:49', '2021-07-05'),
('ce7d9b395b916b910221d0307a2246cc', '1d886d5aae62e0cd594a4b004619ce7c', '6db9e08e4295925697af15059da4e995', 'fb85aee11e7190e586d2422f24a604e6', 'f39504e1768f6205c43f135a0e9e8b55', 0, 20.00, 60.00, 0.00, 0.00, 1200.00, 0, '2021-07-06 13:22:49', '2021-07-05'),
('344fbe1059a501732ce7e3678770fed7', '85a91f6066cb6abc2212f433a1466e80', '76cc0d76bec6a6e8233202afc8bdb688', 'fb85aee11e7190e586d2422f24a604e6', 'f39504e1768f6205c43f135a0e9e8b55', 0, 1.00, 60.00, 0.00, 0.00, 60.00, 1, '2021-07-14 05:18:56', '2021-07-06'),
('fe08a7bd297967a58b668e17c22104a8', 'b3911b1d62127ab547265477e20ebd3f', '76cc0d76bec6a6e8233202afc8bdb688', 'fb85aee11e7190e586d2422f24a604e6', 'f39504e1768f6205c43f135a0e9e8b55', 0, 1.00, 60.00, 0.00, 0.00, 60.00, 1, '2021-07-14 05:18:56', '2021-07-06'),
('6fd7424f0ee4f2f8af377456b2528889', 'cd84abbaf760545e66c5de704b3f2058', '76cc0d76bec6a6e8233202afc8bdb688', 'fb85aee11e7190e586d2422f24a604e6', 'f39504e1768f6205c43f135a0e9e8b55', 0, 1.00, 60.00, 0.00, 0.00, 60.00, 1, '2021-07-14 05:18:56', '2021-07-06'),
('238dea901af442abde6172296c5d6a99', '061f135e5b545633937339f2e4a9df6d', '76cc0d76bec6a6e8233202afc8bdb688', 'fb85aee11e7190e586d2422f24a604e6', 'f39504e1768f6205c43f135a0e9e8b55', 0, 1.00, 60.00, 0.00, 0.00, 60.00, 0, '2021-07-06 22:07:16', '2021-07-06'),
('b925eb669ba14ccbd33737d06b9cdde7', '5b11917bd9f7aa77b6bfdc86eba78f67', '76cc0d76bec6a6e8233202afc8bdb688', 'fb85aee11e7190e586d2422f24a604e6', 'f39504e1768f6205c43f135a0e9e8b55', 0, 1.00, 60.00, 0.00, 0.00, 60.00, 0, '2021-07-06 22:10:16', '2021-07-06'),
('69eb440f30083beded06088dc6fef698', 'bc8e94acf47bfc26c0d7da56908e7a69', '76cc0d76bec6a6e8233202afc8bdb688', 'fb85aee11e7190e586d2422f24a604e6', 'f39504e1768f6205c43f135a0e9e8b55', 0, 1.00, 60.00, 0.00, 0.00, 60.00, 1, '2021-07-14 05:18:56', '2021-07-06'),
('e2fc4862fdcd5a27ab7d5fb8ab7bdc01', 'e9218aaafdbab2c3b58dfa7b3227460f', '76cc0d76bec6a6e8233202afc8bdb688', 'fb85aee11e7190e586d2422f24a604e6', 'f39504e1768f6205c43f135a0e9e8b55', 0, 1.00, 60.00, 0.00, 0.00, 60.00, 1, '2021-07-14 05:18:56', '2021-07-06'),
('46d9f885adad08e06985a532c799aa6e', '8be41ab263798775bcd366d272132b89', '76cc0d76bec6a6e8233202afc8bdb688', 'fb85aee11e7190e586d2422f24a604e6', 'f39504e1768f6205c43f135a0e9e8b55', 0, 1.00, 60.00, 0.00, 0.00, 60.00, 1, '2021-07-14 05:18:56', '2021-07-06'),
('86d571a29da6cff5c72f6c4a4396a835', 'a226370be7a1b37238a8ea8bc6ace91e', '6db9e08e4295925697af15059da4e995', 'fb85aee11e7190e586d2422f24a604e6', 'd7578c13b1ac91dc2d1379821f9e4fb1', 0, 2.00, 74.00, 0.00, 0.00, 148.00, 1, '2021-07-14 05:18:56', '2021-07-06'),
('c48f85c29a0bdc667e1d57b39e90a2ab', 'e1d46c7ebf3c26980a549c5fe815578c', '6db9e08e4295925697af15059da4e995', 'fb85aee11e7190e586d2422f24a604e6', 'f39504e1768f6205c43f135a0e9e8b55', 0, 2.00, 60.00, 0.00, 0.00, 120.00, 1, '2021-07-14 05:18:56', '2021-07-06'),
('2f7f7d4d0cf4af46e57ecdcc35b4f8fe', 'f9bdcafa79f6d58661c02195f9b09e69', '6db9e08e4295925697af15059da4e995', 'fb85aee11e7190e586d2422f24a604e6', 'd7578c13b1ac91dc2d1379821f9e4fb1', 0, 2.00, 74.00, 0.00, 0.00, 148.00, 1, '2021-07-14 05:18:56', '2021-07-06'),
('adb7eb834b6f93653f193cd399f8bc02', '718d77ec41fc85a2cb5a800f8f955a56', '6db9e08e4295925697af15059da4e995', 'fb85aee11e7190e586d2422f24a604e6', 'd7578c13b1ac91dc2d1379821f9e4fb1', 0, 12.00, 74.00, 0.00, 0.00, 888.00, 0, '2021-07-07 04:10:36', '2021-07-06'),
('96b293eeccc83d9c1c7c7e89adbb1c54', '798e78ec964f013768ebab9b8d7492ef', '6db9e08e4295925697af15059da4e995', 'fb85aee11e7190e586d2422f24a604e6', 'd7578c13b1ac91dc2d1379821f9e4fb1', 0, 2.00, 74.00, 0.00, 0.00, 148.00, 0, '2021-07-07 04:13:22', '2021-07-06'),
('71600488373665ea8ec2cb53a67cede2', '15ad6ae9f98fec5dee0a045dae91b3d1', '6db9e08e4295925697af15059da4e995', 'fb85aee11e7190e586d2422f24a604e6', 'd7578c13b1ac91dc2d1379821f9e4fb1', 0, 5.00, 74.00, 0.00, 0.00, 370.00, 0, '2021-07-07 04:13:21', '2021-07-06'),
('5bb5bfbdb6c20999fc345a0f3baf64c3', '15ad6ae9f98fec5dee0a045dae91b3d1', '6db9e08e4295925697af15059da4e995', 'baa661154ee9582abf982570b201298e', '796530e91c2c51ae39014a1a4b504db4', 0, 2.00, 70.00, 0.00, 0.00, 140.00, 0, '2021-07-07 04:13:21', '2021-07-06'),
('fd23d8e52234902bdd010ce725db489c', '8cc2fead4a8fefad50380561d75c60d4', '76cc0d76bec6a6e8233202afc8bdb688', 'fb85aee11e7190e586d2422f24a604e6', 'd7578c13b1ac91dc2d1379821f9e4fb1', 0, 5.00, 74.00, 0.00, 0.00, 370.00, 1, '2021-07-14 05:18:56', '2021-07-06'),
('8c14379b194305ce104ec17f6ed95019', '8cc2fead4a8fefad50380561d75c60d4', '76cc0d76bec6a6e8233202afc8bdb688', 'baa661154ee9582abf982570b201298e', '796530e91c2c51ae39014a1a4b504db4', 0, 2.00, 70.00, 0.00, 0.00, 140.00, 1, '2021-07-14 05:18:56', '2021-07-06'),
('7657c4ed415b1a238456f45ba216eb31', '86166cddca9af953429c97ce10e6b8bb', '76cc0d76bec6a6e8233202afc8bdb688', 'baa661154ee9582abf982570b201298e', '4be27f694c872972dce6813f3d30498a', 0, 1.00, 135.00, 0.00, 0.00, 135.00, 1, '2021-07-14 05:18:56', '2021-07-06'),
('be955f0a56b38a67d1e7995f5efdbe90', '40e698743951b84a6a809e5c04826c33', '76cc0d76bec6a6e8233202afc8bdb688', 'fb85aee11e7190e586d2422f24a604e6', 'f39504e1768f6205c43f135a0e9e8b55', 0, 1.00, 60.00, 0.00, 0.00, 60.00, 0, '2021-07-07 02:15:31', '2021-07-06'),
('c40ce10b95e5f94b48e75383701eddf6', '', '76cc0d76bec6a6e8233202afc8bdb688', '1be3842ece0b6fbab575bc32ea7737f5', 'cadebc2167d7d12a1ded701f34e94c4f', 0, 10.00, 210.00, 10.00, 100.00, 2100.00, 6, '2021-07-14 05:42:22', '2021-07-06'),
('d494e2cfe113052703d1fdd9ac819c16', '757d19429ff2624138f67a39a5b31f75', '76cc0d76bec6a6e8233202afc8bdb688', '1be3842ece0b6fbab575bc32ea7737f5', 'cadebc2167d7d12a1ded701f34e94c4f', 0, 10.00, 210.00, 1.00, 10.00, 2100.00, 0, '2021-07-07 04:13:24', '2021-07-06'),
('9e0f6e662f84a9810dc2fa182293ad61', '757d19429ff2624138f67a39a5b31f75', '76cc0d76bec6a6e8233202afc8bdb688', '1be3842ece0b6fbab575bc32ea7737f5', '33b678e54aa9d52369452ee5719e4142', 0, 9.00, 155.00, 0.00, 0.00, 1395.00, 0, '2021-07-07 04:13:24', '2021-07-06'),
('36a507437c664dd152216247093b503f', '', '6db9e08e4295925697af15059da4e995', '1be3842ece0b6fbab575bc32ea7737f5', 'cadebc2167d7d12a1ded701f34e94c4f', 0, 1.00, 210.00, 0.00, 0.00, 210.00, 6, '2021-07-14 05:42:22', '2021-07-06'),
('9f8163c0e58f4250dadab9d76056c572', '', '6db9e08e4295925697af15059da4e995', '1be3842ece0b6fbab575bc32ea7737f5', '2d193486b66012bc87df5856871c9301', 1, 2.00, 0.00, 0.00, 0.00, 0.00, 6, '2021-07-14 05:42:22', '2021-07-06'),
('b83f6a4dd918fdfd1c20fea24b641a0d', '', '6db9e08e4295925697af15059da4e995', '1be3842ece0b6fbab575bc32ea7737f5', '2d193486b66012bc87df5856871c9301', 0, 1.00, 213.00, 0.00, 0.00, 213.00, 6, '2021-07-14 05:42:22', '2021-07-06'),
('b0d705bf44a29a3c364f5eafcff9c373', '', '6db9e08e4295925697af15059da4e995', '1be3842ece0b6fbab575bc32ea7737f5', '2d193486b66012bc87df5856871c9301', 1, 1.00, 0.00, 0.00, 0.00, 0.00, 6, '2021-07-14 05:42:22', '2021-07-06'),
('5850ac57018e966b148082eab98e9e8b', '', '6db9e08e4295925697af15059da4e995', 'baa661154ee9582abf982570b201298e', '252c4319c52aef3140e5cfd009808e42', 1, 100.00, 5.00, 0.00, 0.00, 500.00, 6, '2021-07-14 05:42:22', '2021-07-06'),
('af2a213d4359d2bd9b0c6c5c7e0bb1b9', '', '6db9e08e4295925697af15059da4e995', 'baa661154ee9582abf982570b201298e', 'cd7061b96595b208813ed8da742eac4e', 0, 2.00, 245.00, 0.00, 0.00, 490.00, 6, '2021-07-14 05:42:22', '2021-07-06'),
('945ecbfbf520ecb11fc2a803f13b8dd9', '', '6db9e08e4295925697af15059da4e995', 'baa661154ee9582abf982570b201298e', 'd98c6cf4dcc3c742fbad1f7fc667ca04', 0, 5.00, 0.00, 0.00, 0.00, 0.00, 6, '2021-07-14 05:42:22', '2021-07-06'),
('29c494e4ee7179eb316487fc29e7069f', '', '6db9e08e4295925697af15059da4e995', 'baa661154ee9582abf982570b201298e', '6ee24ceafde754bea8287ec102eb83e1', 0, 1.00, 245.00, 0.00, 0.00, 245.00, 6, '2021-07-14 05:42:22', '2021-07-06'),
('732cfa7d3fcdfc78bbf03b90262d7240', '', '6db9e08e4295925697af15059da4e995', 'baa661154ee9582abf982570b201298e', 'f301d99d467dcd68e2c68de93bb728e3', 0, 5.00, 0.00, 0.00, 0.00, 0.00, 6, '2021-07-14 05:42:22', '2021-07-06'),
('16673d7d7a1d66eea434e8953914ca9c', '', '6db9e08e4295925697af15059da4e995', 'baa661154ee9582abf982570b201298e', '3fb13f78f8e5b00068798adffb5768c0', 0, 1.00, 245.00, 0.00, 0.00, 245.00, 6, '2021-07-14 05:42:22', '2021-07-06'),
('37a801881bd9e44e4fe6fba0968fa763', '', '6db9e08e4295925697af15059da4e995', 'baa661154ee9582abf982570b201298e', '3fb13f78f8e5b00068798adffb5768c0', 1, 5.00, 3.00, 0.00, 0.00, 15.00, 6, '2021-07-14 05:42:22', '2021-07-06'),
('3b0294d73b4906a3107fa53519ff906e', '', '6db9e08e4295925697af15059da4e995', 'baa661154ee9582abf982570b201298e', '3fb13f78f8e5b00068798adffb5768c0', 1, 5.00, 3.00, 0.00, 0.00, 15.00, 6, '2021-07-14 05:42:22', '2021-07-06'),
('c1ea115e0a48efda8c502fd5d41a27d0', '', '6db9e08e4295925697af15059da4e995', 'baa661154ee9582abf982570b201298e', 'ad332fc52ce372a82564a70e6770b64c', 0, 2.00, 70.00, 0.00, 0.00, 140.00, 6, '2021-07-14 05:42:22', '2021-07-06'),
('e358efd0de7f78b17c76a0fd8c163de5', '', '6db9e08e4295925697af15059da4e995', 'baa661154ee9582abf982570b201298e', 'ad332fc52ce372a82564a70e6770b64c', 0, 1.00, 75.00, 0.00, 0.00, 75.00, 6, '2021-07-14 05:42:22', '2021-07-06'),
('a613fb97cfd7326975f16e29b92e7625', '4844ffa8323017dbfab270439c8ba440', '6db9e08e4295925697af15059da4e995', 'baa661154ee9582abf982570b201298e', '6d90c30cc59e39d6b01ab70d49406830', 0, 1.00, 75.00, 0.00, 0.00, 75.00, 0, '2021-07-07 05:54:35', '2021-07-06'),
('fabb467d37d3cdd06db7f04eb38b14b9', '328c70f99cdb3875b5065ccec0f87186', '76cc0d76bec6a6e8233202afc8bdb688', 'd583ed2bf0381b082922ec1b7f6abf70', 'df3cbf191e1763939617de8d0ecce8cf', 0, 1.00, 50.00, 0.00, 0.00, 50.00, 0, '2021-07-07 06:38:40', '2021-07-06'),
('5fc3b47d59cf7b28d0bb254b6c0145f6', '9c6e4e5e5cf5b8d6f0a20c86bc8e0872', '76cc0d76bec6a6e8233202afc8bdb688', 'baa661154ee9582abf982570b201298e', 'd5e3c3ca2fa1af39e184906818d7dab0', 1, 6.00, 2.50, 0.00, 0.00, 15.00, 1, '2021-07-14 05:18:56', '2021-07-07'),
('9c140ef71834db3e50dda05bf7d1471e', 'ff4be58cc56be59aae875c51e7c7331e', '76cc0d76bec6a6e8233202afc8bdb688', '1be3842ece0b6fbab575bc32ea7737f5', '26e6566d8847bdeae62487c1b2a6bef5', 0, 1.00, 117.00, 0.00, 0.00, 117.00, 1, '2021-07-14 05:18:56', '2021-07-07'),
('916109f32ca09c7ae7b3b49295f7d127', 'ff4be58cc56be59aae875c51e7c7331e', '76cc0d76bec6a6e8233202afc8bdb688', '1be3842ece0b6fbab575bc32ea7737f5', '36a5e3eff091084750b0824d53aca151', 0, 1.00, 210.00, 0.00, 0.00, 210.00, 1, '2021-07-14 05:18:56', '2021-07-07'),
('627ad5e340bc00dc92b62ebcd03fc41e', 'ff4be58cc56be59aae875c51e7c7331e', '76cc0d76bec6a6e8233202afc8bdb688', 'd583ed2bf0381b082922ec1b7f6abf70', '8be20f4f18f92c2dda918ef4daa95ea8', 0, 1.00, 50.00, 0.00, 0.00, 50.00, 1, '2021-07-14 05:18:56', '2021-07-07'),
('f083f2b731ffcfafd31a2d4d1f84553c', 'ff4be58cc56be59aae875c51e7c7331e', '76cc0d76bec6a6e8233202afc8bdb688', 'd583ed2bf0381b082922ec1b7f6abf70', '88e004d005e0d3abc77fefe03422bc3c', 0, 1.00, 26.00, 0.00, 0.00, 26.00, 1, '2021-07-14 05:18:56', '2021-07-07'),
('f9226ac81eacbe8494e7bab3387c88c9', '072c8ad3db29bbfbd1806affa69b4e8d', '76cc0d76bec6a6e8233202afc8bdb688', '1be3842ece0b6fbab575bc32ea7737f5', '26e6566d8847bdeae62487c1b2a6bef5', 0, 1.00, 117.00, 0.00, 0.00, 117.00, 1, '2021-07-14 05:18:56', '2021-07-07'),
('9204d10d25cfbae656e02bf01cd08b72', 'f578da0cb9622f20f3d091a325bb6468', '76cc0d76bec6a6e8233202afc8bdb688', '1be3842ece0b6fbab575bc32ea7737f5', '36a5e3eff091084750b0824d53aca151', 1, 10.00, 2.50, 0.00, 0.00, 25.00, 1, '2021-07-14 05:18:56', '2021-07-07'),
('89e5aa0d7d4ce9083345c06a53f7a98a', 'b94f3fadfb5347f4ae45f06cbe1ac6f6', '76cc0d76bec6a6e8233202afc8bdb688', '1be3842ece0b6fbab575bc32ea7737f5', '26e6566d8847bdeae62487c1b2a6bef5', 0, 2.00, 117.00, 0.00, 0.00, 234.00, 1, '2021-07-14 05:18:56', '2021-07-07'),
('c12db9b88e3d8948da7b7c49c01555a1', '9cd78205c556aa8c8c53707f7da7ec3d', '76cc0d76bec6a6e8233202afc8bdb688', 'fb85aee11e7190e586d2422f24a604e6', 'e42b5938a9f505fc3733d5d1f4d86b75', 0, 2.00, 74.00, 0.00, 0.00, 148.00, 1, '2021-07-14 05:18:56', '2021-07-07'),
('2389da92dcde4f5e5cb6a08c52d74f04', '', '76cc0d76bec6a6e8233202afc8bdb688', 'baa661154ee9582abf982570b201298e', '9fc21aa42ea2042018f2f6bcdf4b95e3', 0, 1.00, 165.00, 0.00, 0.00, 165.00, 6, '2021-07-14 05:42:22', '2021-07-07'),
('9f0db5636dc8b9568d76f72a1cea2984', '4d259086bf5f17d239f8d57b8efa9ad8', '76cc0d76bec6a6e8233202afc8bdb688', '1be3842ece0b6fbab575bc32ea7737f5', '36a5e3eff091084750b0824d53aca151', 0, 8.00, 210.00, 0.00, 0.00, 1680.00, 1, '2021-07-14 05:18:56', '2021-07-07'),
('85eca73692bb93a7d6078f6b72f6df72', '5f7d3ab1227bd3f3d187bbfb3bf13f10', '76cc0d76bec6a6e8233202afc8bdb688', '1be3842ece0b6fbab575bc32ea7737f5', '8fd0c3ba6c8b0e7280855a9bc4289f43', 0, 1.00, 216.00, 0.00, 0.00, 216.00, 1, '2021-07-14 05:18:56', '2021-07-07'),
('f4d2a2c6ad9503cdf07c2c601eac1209', '760b4148b2794a19d00c0d4e7f758349', '76cc0d76bec6a6e8233202afc8bdb688', 'baa661154ee9582abf982570b201298e', '9fc21aa42ea2042018f2f6bcdf4b95e3', 0, 1.00, 165.00, 0.00, 0.00, 165.00, 1, '2021-07-14 05:18:56', '2021-07-07'),
('15911f0fea467223c58d87099d9ffcad', 'a805da245fbfc12d964be0edaf1899cb', '76cc0d76bec6a6e8233202afc8bdb688', 'baa661154ee9582abf982570b201298e', 'd30da45f5933bf9e7082c58964ef8d48', 0, 1.00, 140.00, 0.00, 0.00, 140.00, 1, '2021-07-14 05:18:56', '2021-07-07'),
('fe5556bdf09032d093179a34c20b6f6a', 'fcd55b78093937cd0f54490dd7608e2f', '76cc0d76bec6a6e8233202afc8bdb688', '1be3842ece0b6fbab575bc32ea7737f5', '26e6566d8847bdeae62487c1b2a6bef5', 0, 1.00, 117.00, 0.00, 0.00, 117.00, 1, '2021-07-14 05:18:56', '2021-07-07'),
('9307296259e4755ae4589d802b271f31', '88aa2b985634944f6ddb3789aee5d15c', '76cc0d76bec6a6e8233202afc8bdb688', 'baa661154ee9582abf982570b201298e', '9567ed170208b7d3cbefa1fc53b7363f', 0, 1.00, 170.00, 0.00, 0.00, 170.00, 1, '2021-07-14 05:18:56', '2021-07-07'),
('e102dc6073bfcc282e9f44800ba0ecaf', '33cbdacb237c5e84d9964d408aa9a3b1', '76cc0d76bec6a6e8233202afc8bdb688', 'fb85aee11e7190e586d2422f24a604e6', 'e42b5938a9f505fc3733d5d1f4d86b75', 0, 1.00, 74.00, 0.00, 0.00, 74.00, 1, '2021-07-14 05:18:56', '2021-07-07'),
('1da388f79a8550e3171286133fb6e361', '33cbdacb237c5e84d9964d408aa9a3b1', '76cc0d76bec6a6e8233202afc8bdb688', 'fb85aee11e7190e586d2422f24a604e6', 'f39504e1768f6205c43f135a0e9e8b55', 0, 1.00, 60.00, 0.00, 0.00, 60.00, 1, '2021-07-14 05:18:56', '2021-07-07'),
('4a4e1dc12c62db2c14882cb1d8f7544a', '33cbdacb237c5e84d9964d408aa9a3b1', '76cc0d76bec6a6e8233202afc8bdb688', 'fb85aee11e7190e586d2422f24a604e6', 'd7578c13b1ac91dc2d1379821f9e4fb1', 0, 1.00, 74.00, 0.00, 0.00, 74.00, 1, '2021-07-14 05:18:56', '2021-07-07'),
('c4c51fea4605478a5947f6b18a9e400b', '0b0be122ed8acd81e61cf2eb7200fd3d', '76cc0d76bec6a6e8233202afc8bdb688', '1be3842ece0b6fbab575bc32ea7737f5', '36a5e3eff091084750b0824d53aca151', 0, 10.00, 210.00, 3.00, 30.00, 2100.00, 1, '2021-07-14 05:18:56', '2021-07-07'),
('4bba71537b586cf48659e5653703e1e8', '48eede62b17ba133f1f565ea292b43ef', '76cc0d76bec6a6e8233202afc8bdb688', 'd583ed2bf0381b082922ec1b7f6abf70', 'df3cbf191e1763939617de8d0ecce8cf', 0, 1.00, 50.00, 0.00, 0.00, 50.00, 1, '2021-07-14 05:18:56', '2021-07-07'),
('a4b69d607c11b714a997937161f860d9', 'a89e13b8cfbda790aa654ef6b4a06b57', '76cc0d76bec6a6e8233202afc8bdb688', 'baa661154ee9582abf982570b201298e', '9fc21aa42ea2042018f2f6bcdf4b95e3', 0, 1.00, 165.00, 0.00, 0.00, 165.00, 1, '2021-07-14 05:18:56', '2021-07-07'),
('95aab2e885cfdbbd574ae1d6475636e3', '', '76cc0d76bec6a6e8233202afc8bdb688', 'baa661154ee9582abf982570b201298e', '15c0d0f968713bbf102ee0be564b709c', 1, 5.00, 3.00, 0.00, 0.00, 15.00, 6, '2021-07-14 05:42:22', '2021-07-07'),
('06aadd94f562d45e7508a855c558e4c2', '', '76cc0d76bec6a6e8233202afc8bdb688', 'baa661154ee9582abf982570b201298e', '15c0d0f968713bbf102ee0be564b709c', 1, 5.00, 3.00, 0.00, 0.00, 15.00, 6, '2021-07-14 05:42:22', '2021-07-07'),
('dc95aac444131f9d52d2477292ea50b1', '7bc31f832dadd36afd9319696ad251e2', '76cc0d76bec6a6e8233202afc8bdb688', 'baa661154ee9582abf982570b201298e', '15c0d0f968713bbf102ee0be564b709c', 1, 5.00, 3.00, 0.00, 0.00, 15.00, 1, '2021-07-14 05:18:56', '2021-07-07'),
('079d758d76aa873781e9c75647bda259', '7bc31f832dadd36afd9319696ad251e2', '76cc0d76bec6a6e8233202afc8bdb688', 'baa661154ee9582abf982570b201298e', '4ba8477673d917d5fa8660a40025222b', 1, 5.00, 2.50, 0.00, 0.00, 12.50, 1, '2021-07-14 05:18:56', '2021-07-07'),
('9a228c17932f94243f34eab6d10144ec', '7b055fb5ff49ebdeda1ceebfefb79585', '76cc0d76bec6a6e8233202afc8bdb688', 'baa661154ee9582abf982570b201298e', '15c0d0f968713bbf102ee0be564b709c', 1, 10.00, 3.00, 0.00, 0.00, 30.00, 1, '2021-07-14 05:18:56', '2021-07-07'),
('116fdf77e64532b77c96fd68ea998c16', '68f5ae5e749d5e636d6ddedfa3b4117f', '76cc0d76bec6a6e8233202afc8bdb688', '1be3842ece0b6fbab575bc32ea7737f5', '26e6566d8847bdeae62487c1b2a6bef5', 0, 1.00, 117.00, 0.00, 0.00, 117.00, 1, '2021-07-14 05:18:56', '2021-07-07'),
('909842909a72c332892ed7cc1e31daf4', '95e6c017dcee841e7f1f3350801bb545', '76cc0d76bec6a6e8233202afc8bdb688', '1be3842ece0b6fbab575bc32ea7737f5', '36a5e3eff091084750b0824d53aca151', 0, 2.00, 210.00, 0.00, 0.00, 420.00, 1, '2021-07-14 05:18:56', '2021-07-07'),
('7f96f35a9cf731491ba09b83bc337175', '95e6c017dcee841e7f1f3350801bb545', '76cc0d76bec6a6e8233202afc8bdb688', '1be3842ece0b6fbab575bc32ea7737f5', '8fd0c3ba6c8b0e7280855a9bc4289f43', 0, 1.00, 216.00, 0.00, 0.00, 216.00, 1, '2021-07-14 05:18:56', '2021-07-07'),
('9aa7a0ea56f02cdfae4aa920c33ed9a9', '9335adc9ee4f3c2d36a520cc2e6358f4', '76cc0d76bec6a6e8233202afc8bdb688', 'baa661154ee9582abf982570b201298e', '9fc21aa42ea2042018f2f6bcdf4b95e3', 0, 1.00, 165.00, 0.00, 0.00, 165.00, 1, '2021-07-14 05:18:56', '2021-07-07'),
('fc7260ba5400972b9f4edc4630fc445a', '66702b551830386cc3d274a39bc7159e', '76cc0d76bec6a6e8233202afc8bdb688', 'fb85aee11e7190e586d2422f24a604e6', 'f39504e1768f6205c43f135a0e9e8b55', 0, 2.00, 60.00, 0.00, 0.00, 120.00, 1, '2021-07-14 05:18:56', '2021-07-07'),
('7b0b9399f7a654c4d381483e0099e908', '66702b551830386cc3d274a39bc7159e', '76cc0d76bec6a6e8233202afc8bdb688', 'fb85aee11e7190e586d2422f24a604e6', 'd7578c13b1ac91dc2d1379821f9e4fb1', 0, 1.00, 74.00, 0.00, 0.00, 74.00, 1, '2021-07-14 05:18:56', '2021-07-07'),
('2dda6be0e10ef4a3c3c95ced3e3b63b9', '3097cc47c9a02dfe33b91946f00161f1', '76cc0d76bec6a6e8233202afc8bdb688', 'd583ed2bf0381b082922ec1b7f6abf70', '8be20f4f18f92c2dda918ef4daa95ea8', 0, 1.00, 50.00, 0.00, 0.00, 50.00, 1, '2021-07-14 05:18:56', '2021-07-07'),
('185e757735c8ecf9c04c446cc5ed67f3', '921fe25a717883c79ea7d93c4b27a5bb', '76cc0d76bec6a6e8233202afc8bdb688', '1be3842ece0b6fbab575bc32ea7737f5', '36a5e3eff091084750b0824d53aca151', 0, 1.00, 210.00, 0.00, 0.00, 210.00, 1, '2021-07-14 05:18:56', '2021-07-07'),
('13070f59f5b5e07374236206c9bfa8d6', 'c4db33bcc1d7d9a5d189a1c2b641ca57', '76cc0d76bec6a6e8233202afc8bdb688', 'baa661154ee9582abf982570b201298e', 'ec6d2557a790bf623c2b9c32e0291a62', 0, 3.00, 175.00, 0.00, 0.00, 525.00, 1, '2021-07-14 05:18:56', '2021-07-07'),
('caa951a1f5199cd7dd29ec27c4848d5a', '543b86fb2b72e32b032fbd04a3aed7f6', '76cc0d76bec6a6e8233202afc8bdb688', '1be3842ece0b6fbab575bc32ea7737f5', '26e6566d8847bdeae62487c1b2a6bef5', 0, 1.00, 117.00, 0.00, 0.00, 117.00, 1, '2021-07-14 05:18:56', '2021-07-07'),
('7875ca756523915ee8e5f65b5b9450d4', '8cc2e178f0ec4c95dd06e0f14b2beb20', '76cc0d76bec6a6e8233202afc8bdb688', 'baa661154ee9582abf982570b201298e', '57027c3685ed14d169d91cd18bf69111', 0, 1.00, 180.00, 0.00, 0.00, 180.00, 1, '2021-07-14 05:18:56', '2021-07-07'),
('356c02259127bb688911b8f8e846a0cb', '18f9c3ecb134af2b49005cad690c02aa', '76cc0d76bec6a6e8233202afc8bdb688', 'baa661154ee9582abf982570b201298e', 'df9466b5ce80645800085a22eabe89c3', 0, 1.00, 220.00, 0.00, 0.00, 220.00, 1, '2021-07-14 05:18:56', '2021-07-07'),
('335a42107b62d926e9daa0ac1a2b45fd', 'c8bc3bb19c4f67aa68520b91e8bc03ef', '76cc0d76bec6a6e8233202afc8bdb688', '1be3842ece0b6fbab575bc32ea7737f5', '26e6566d8847bdeae62487c1b2a6bef5', 0, 6.00, 117.00, 0.00, 0.00, 702.00, 1, '2021-07-14 05:18:56', '2021-07-07'),
('42e641bbc626922f7fde43a40c15f1f1', 'e79ee0004fc9559e2013feb2d23d2ff2', '76cc0d76bec6a6e8233202afc8bdb688', 'baa661154ee9582abf982570b201298e', 'df9466b5ce80645800085a22eabe89c3', 0, 2.00, 220.00, 0.00, 0.00, 440.00, 1, '2021-07-14 05:18:56', '2021-07-07'),
('a3d73d049b26eee9b1684b421e0ae24e', '0b908bae5ecf17f23db6f99f873f7220', '76cc0d76bec6a6e8233202afc8bdb688', 'fb85aee11e7190e586d2422f24a604e6', 'e42b5938a9f505fc3733d5d1f4d86b75', 0, 1.00, 74.00, 0.00, 0.00, 74.00, 1, '2021-07-14 05:18:56', '2021-07-07'),
('ab63e9a9f46d59f428742040e11da3fb', 'a13ad23ff03309b9b561dc7eeddcec11', '76cc0d76bec6a6e8233202afc8bdb688', 'fb85aee11e7190e586d2422f24a604e6', 'e42b5938a9f505fc3733d5d1f4d86b75', 0, 2.00, 74.00, 0.00, 0.00, 148.00, 1, '2021-07-14 05:18:56', '2021-07-07'),
('5a79f3d61adef33811cdb2c2fb2fa889', '10b62696b9f48401218f00972d6832c7', '76cc0d76bec6a6e8233202afc8bdb688', 'baa661154ee9582abf982570b201298e', '1e9094269a9a451422cb769c6d80b91b', 0, 1.00, 158.00, 0.00, 0.00, 158.00, 1, '2021-07-14 05:18:56', '2021-07-07'),
('985eb3b9300c59ae7179cd257bd244e0', '10b62696b9f48401218f00972d6832c7', '76cc0d76bec6a6e8233202afc8bdb688', 'baa661154ee9582abf982570b201298e', '4be27f694c872972dce6813f3d30498a', 0, 1.00, 140.00, 0.00, 0.00, 140.00, 1, '2021-07-14 05:18:56', '2021-07-07'),
('e7cb3dba72e4eb57e610dc66db44e11d', 'c480f251add1506a5c0dfc89654189de', '76cc0d76bec6a6e8233202afc8bdb688', 'fb85aee11e7190e586d2422f24a604e6', 'e42b5938a9f505fc3733d5d1f4d86b75', 0, 1.00, 74.00, 0.00, 0.00, 74.00, 1, '2021-07-14 05:18:56', '2021-07-07'),
('39ffc71a7f7419167e04fd579b0972e8', 'cf80feece53fb51baeaf1491b43c90d3', '76cc0d76bec6a6e8233202afc8bdb688', 'fb85aee11e7190e586d2422f24a604e6', 'e42b5938a9f505fc3733d5d1f4d86b75', 0, 2.00, 74.00, 0.00, 0.00, 148.00, 1, '2021-07-14 05:18:56', '2021-07-07'),
('0050f887ae23b6e828544644ecfe04f6', 'f1c4a3ae6fb5ba5e5cc49c8ef82fa303', '76cc0d76bec6a6e8233202afc8bdb688', 'fb85aee11e7190e586d2422f24a604e6', 'd7578c13b1ac91dc2d1379821f9e4fb1', 0, 1.00, 74.00, 0.00, 0.00, 74.00, 1, '2021-07-14 05:18:56', '2021-07-07'),
('ec4ede24fb74c18489e731846d671949', '7b99b45bf836cd61d54325798918ab03', '76cc0d76bec6a6e8233202afc8bdb688', 'baa661154ee9582abf982570b201298e', '1e9094269a9a451422cb769c6d80b91b', 0, 2.00, 158.00, 0.00, 0.00, 316.00, 1, '2021-07-14 05:18:56', '2021-07-07'),
('5e8cf6d8d79fe0cb36a5b97174fece2e', '7b99b45bf836cd61d54325798918ab03', '76cc0d76bec6a6e8233202afc8bdb688', 'baa661154ee9582abf982570b201298e', 'ec6d2557a790bf623c2b9c32e0291a62', 0, 2.00, 180.00, 0.00, 0.00, 360.00, 1, '2021-07-14 05:18:56', '2021-07-07'),
('f4256690250ab0010a843496514e18eb', '0d028c220d4caaf9fc8d32b7d94acf5d', '76cc0d76bec6a6e8233202afc8bdb688', '1be3842ece0b6fbab575bc32ea7737f5', '36a5e3eff091084750b0824d53aca151', 0, 2.00, 210.00, 0.00, 0.00, 420.00, 1, '2021-07-14 05:18:56', '2021-07-07'),
('e38292746b941705889e8c1fe50b4c5c', 'edbb6e070856084d4d611b637fe3cb71', '76cc0d76bec6a6e8233202afc8bdb688', 'baa661154ee9582abf982570b201298e', '4be27f694c872972dce6813f3d30498a', 0, 1.00, 140.00, 0.00, 0.00, 140.00, 1, '2021-07-14 05:18:56', '2021-07-07'),
('7a65ddd41949f9de5cb6c34a6110ef8d', '112f39cfc73e555f2bc2d531b8b9a22f', '76cc0d76bec6a6e8233202afc8bdb688', 'baa661154ee9582abf982570b201298e', '15c0d0f968713bbf102ee0be564b709c', 1, 6.00, 3.00, 0.00, 0.00, 18.00, 1, '2021-07-14 05:18:56', '2021-07-07'),
('48d1fcb91e2fa42967cbcc4236074963', '112f39cfc73e555f2bc2d531b8b9a22f', '76cc0d76bec6a6e8233202afc8bdb688', 'baa661154ee9582abf982570b201298e', 'd5e3c3ca2fa1af39e184906818d7dab0', 1, 6.00, 2.50, 0.00, 0.00, 15.00, 1, '2021-07-14 05:18:56', '2021-07-07'),
('2c617c8567eb6f1cdda5fe59a712eed8', 'f29c97112a77d59429e6688a24a93e13', '76cc0d76bec6a6e8233202afc8bdb688', 'baa661154ee9582abf982570b201298e', '3fb13f78f8e5b00068798adffb5768c0', 1, 6.00, 3.00, 0.00, 0.00, 18.00, 1, '2021-07-14 05:18:56', '2021-07-07'),
('dd7b240adb2501f790a20c005a595d13', 'f29c97112a77d59429e6688a24a93e13', '76cc0d76bec6a6e8233202afc8bdb688', 'baa661154ee9582abf982570b201298e', '57027c3685ed14d169d91cd18bf69111', 0, 1.00, 180.00, 0.00, 0.00, 180.00, 1, '2021-07-14 05:18:56', '2021-07-07'),
('b8330e34ab4774fe596d9e959e49901e', 'f29c97112a77d59429e6688a24a93e13', '76cc0d76bec6a6e8233202afc8bdb688', 'baa661154ee9582abf982570b201298e', '4be27f694c872972dce6813f3d30498a', 0, 1.00, 140.00, 0.00, 0.00, 140.00, 1, '2021-07-14 05:18:56', '2021-07-07'),
('dea90bbd2f01123b7ca5b7913c540a5e', 'f29c97112a77d59429e6688a24a93e13', '76cc0d76bec6a6e8233202afc8bdb688', 'baa661154ee9582abf982570b201298e', 'd5e3c3ca2fa1af39e184906818d7dab0', 1, 10.00, 2.50, 0.00, 0.00, 25.00, 1, '2021-07-14 05:18:56', '2021-07-07'),
('d5fc502c761969df9a05aaba3d6fdbc1', 'f29c97112a77d59429e6688a24a93e13', '76cc0d76bec6a6e8233202afc8bdb688', 'd583ed2bf0381b082922ec1b7f6abf70', '8be20f4f18f92c2dda918ef4daa95ea8', 0, 2.00, 50.00, 0.00, 0.00, 100.00, 1, '2021-07-14 05:18:56', '2021-07-07'),
('9dc3a79b739f457dba595b109b328768', 'f29c97112a77d59429e6688a24a93e13', '76cc0d76bec6a6e8233202afc8bdb688', 'baa661154ee9582abf982570b201298e', '99c81349fc11e2cf2ed9e71e3bfd07f7', 0, 1.00, 245.00, 0.00, 0.00, 245.00, 1, '2021-07-14 05:18:56', '2021-07-07'),
('fee5db4055e3ae144e37a060be9f5ae4', 'f29c97112a77d59429e6688a24a93e13', '76cc0d76bec6a6e8233202afc8bdb688', 'baa661154ee9582abf982570b201298e', '6fe4b69479dfa8c6c3b56da53059d8bb', 0, 1.00, 224.00, 0.00, 0.00, 224.00, 1, '2021-07-14 05:18:56', '2021-07-07'),
('96de35aaeba3f9bc029ac0667531496c', 'f29c97112a77d59429e6688a24a93e13', '76cc0d76bec6a6e8233202afc8bdb688', 'baa661154ee9582abf982570b201298e', 'ec6d2557a790bf623c2b9c32e0291a62', 0, 1.00, 180.00, 0.00, 0.00, 180.00, 1, '2021-07-14 05:18:56', '2021-07-07'),
('9baed48d742c56f6989a5a3257a796f5', 'f29c97112a77d59429e6688a24a93e13', '76cc0d76bec6a6e8233202afc8bdb688', 'baa661154ee9582abf982570b201298e', '4be27f694c872972dce6813f3d30498a', 0, 1.00, 140.00, 0.00, 0.00, 140.00, 1, '2021-07-14 05:18:56', '2021-07-07'),
('b77ef5708f7e34312909a93b9d99afcd', 'f29c97112a77d59429e6688a24a93e13', '76cc0d76bec6a6e8233202afc8bdb688', 'baa661154ee9582abf982570b201298e', 'd5e3c3ca2fa1af39e184906818d7dab0', 1, 8.00, 2.50, 0.00, 0.00, 20.00, 1, '2021-07-14 05:18:56', '2021-07-07'),
('9e1c7848303402857c20e8558c729be2', '47d8239274ad2fdb0435f787ad83480d', '76cc0d76bec6a6e8233202afc8bdb688', '1be3842ece0b6fbab575bc32ea7737f5', '8fd0c3ba6c8b0e7280855a9bc4289f43', 0, 1.00, 216.00, 0.00, 0.00, 216.00, 1, '2021-07-14 05:18:56', '2021-07-08'),
('ad67972b4590c6bb99d7646ffc44f29d', '8918c236bd6f3051f8f70a221cdf1c8c', '76cc0d76bec6a6e8233202afc8bdb688', 'baa661154ee9582abf982570b201298e', '15c0d0f968713bbf102ee0be564b709c', 1, 55.00, 3.00, 0.00, 0.00, 165.00, 1, '2021-07-14 05:18:56', '2021-07-08'),
('446254671e20e831d5db62713b9cbe94', 'fcbf6f66e4f393d0cad3be5fed5bfcdf', '76cc0d76bec6a6e8233202afc8bdb688', 'baa661154ee9582abf982570b201298e', '4be27f694c872972dce6813f3d30498a', 0, 1.00, 140.00, 0.00, 0.00, 140.00, 1, '2021-07-14 05:18:56', '2021-07-08'),
('990457c33b24625f44c85e16b211efe4', '7eb161f0309c9f774fc8b64577b1e633', '76cc0d76bec6a6e8233202afc8bdb688', 'fb85aee11e7190e586d2422f24a604e6', 'c2ca56faa87067619d5417f56c6e1d4d', 0, 1.00, 20.00, 0.00, 0.00, 20.00, 1, '2021-07-14 05:18:56', '2021-07-08'),
('0df04e72206365fd0eeb8e7cc759cf7e', '87dc282e97ce1a08e6e8dfa29d57f480', '76cc0d76bec6a6e8233202afc8bdb688', 'd583ed2bf0381b082922ec1b7f6abf70', '49315777eca0ab4fb7d6a46951e40d62', 0, 1.00, 12.00, 0.00, 0.00, 12.00, 1, '2021-07-14 05:18:56', '2021-07-08'),
('f0b54f562ae52f14843e12440c229874', 'c3b538270548a2e55a647528f5908721', '76cc0d76bec6a6e8233202afc8bdb688', 'baa661154ee9582abf982570b201298e', '6d90c30cc59e39d6b01ab70d49406830', 0, 1.00, 75.00, 0.00, 0.00, 75.00, 1, '2021-07-14 05:18:56', '2021-07-08'),
('112262056c9bda2ccc2035f925188a08', '095dcfc955c71bc10f726c396cc150df', '76cc0d76bec6a6e8233202afc8bdb688', '1be3842ece0b6fbab575bc32ea7737f5', '36a5e3eff091084750b0824d53aca151', 0, 7.00, 210.00, 0.00, 0.00, 1470.00, 1, '2021-07-14 05:18:56', '2021-07-09'),
('3b0ecffcbf03a3bc19adfff91d37ddbe', '095dcfc955c71bc10f726c396cc150df', '76cc0d76bec6a6e8233202afc8bdb688', '1be3842ece0b6fbab575bc32ea7737f5', '26e6566d8847bdeae62487c1b2a6bef5', 0, 7.00, 117.00, 0.00, 0.00, 819.00, 1, '2021-07-14 05:18:56', '2021-07-09'),
('12ac53d1bab9d7a4baf3780a8e80067c', 'e32dc41a3b29f041a51467df526b5060', '76cc0d76bec6a6e8233202afc8bdb688', 'd583ed2bf0381b082922ec1b7f6abf70', '42cc855e60df2aaa57837a36f2c2e876', 0, 1.00, 55.00, 0.00, 0.00, 55.00, 1, '2021-07-14 05:18:56', '2021-07-09'),
('d4964d1499be48aeb6c0f450c356c433', '43d538524ace0f6284c785befdb2646e', '76cc0d76bec6a6e8233202afc8bdb688', 'fb85aee11e7190e586d2422f24a604e6', 'e42b5938a9f505fc3733d5d1f4d86b75', 0, 4.00, 74.00, 0.00, 0.00, 296.00, 1, '2021-07-14 05:18:56', '2021-07-09'),
('b580984be88e241c5d117bbb3039bd86', '43d538524ace0f6284c785befdb2646e', '76cc0d76bec6a6e8233202afc8bdb688', 'fb85aee11e7190e586d2422f24a604e6', 'f39504e1768f6205c43f135a0e9e8b55', 0, 1.00, 60.00, 0.00, 0.00, 60.00, 1, '2021-07-14 05:18:56', '2021-07-09'),
('764e318c1894ef3eeb9b7df8cf3047f8', 'dc41bf101e88df759281ad77f59d7eb3', '76cc0d76bec6a6e8233202afc8bdb688', 'baa661154ee9582abf982570b201298e', 'eb1acc4da2919d2881b64518ac215392', 1, 5.00, 5.00, 0.00, 0.00, 25.00, 1, '2021-07-14 05:18:56', '2021-07-09'),
('256fb7194110811f4073a52c6f8c8a13', '181982cf27d942aec94b811a19fb1a5a', 'fac9173ebc681c18e432158195adb3b4', 'fb85aee11e7190e586d2422f24a604e6', 'f39504e1768f6205c43f135a0e9e8b55', 0, 22.00, 60.00, 0.00, 0.00, 1320.00, 1, '2021-07-09 23:33:49', '2021-07-09'),
('d43bfb2ee843c06195d32530b05c0643', '181982cf27d942aec94b811a19fb1a5a', 'fac9173ebc681c18e432158195adb3b4', 'fb85aee11e7190e586d2422f24a604e6', 'd7578c13b1ac91dc2d1379821f9e4fb1', 0, 46.00, 74.00, 0.00, 0.00, 3404.00, 1, '2021-07-09 23:33:49', '2021-07-09'),
('d0e07f89020a43d55a5163a717cac34f', '181982cf27d942aec94b811a19fb1a5a', 'fac9173ebc681c18e432158195adb3b4', 'fb85aee11e7190e586d2422f24a604e6', 'e42b5938a9f505fc3733d5d1f4d86b75', 0, 43.00, 74.00, 0.00, 0.00, 3182.00, 1, '2021-07-09 23:33:49', '2021-07-09'),
('fcf52e7b1321564b9b4d670d7d5d363a', '181982cf27d942aec94b811a19fb1a5a', 'fac9173ebc681c18e432158195adb3b4', 'fb85aee11e7190e586d2422f24a604e6', '83d548b152a44995e5a4d878d73428a0', 0, 5.00, 68.00, 0.00, 0.00, 340.00, 1, '2021-07-09 23:33:49', '2021-07-09'),
('86723ddb48eac740fdfbaae71907b19a', '181982cf27d942aec94b811a19fb1a5a', 'fac9173ebc681c18e432158195adb3b4', 'fb85aee11e7190e586d2422f24a604e6', 'c2ca56faa87067619d5417f56c6e1d4d', 0, 14.00, 20.00, 0.00, 0.00, 280.00, 1, '2021-07-09 23:33:49', '2021-07-09'),
('f3730b61b0b10d631bd64de4cc99264b', '181982cf27d942aec94b811a19fb1a5a', 'fac9173ebc681c18e432158195adb3b4', 'fb85aee11e7190e586d2422f24a604e6', '9969f7a5c6032acbfc8d6631b04b4941', 0, 2.00, 20.00, 0.00, 0.00, 40.00, 1, '2021-07-09 23:33:49', '2021-07-09'),
('f51a20b7a1025dd62d9d8daaeaeec21a', '181982cf27d942aec94b811a19fb1a5a', 'fac9173ebc681c18e432158195adb3b4', 'fb85aee11e7190e586d2422f24a604e6', '532cc0b3709ba52694d3694272370552', 0, 3.00, 30.00, 0.00, 0.00, 90.00, 1, '2021-07-09 23:33:49', '2021-07-09'),
('9c1eb9598401ee5442e9962d4d6a5776', '181982cf27d942aec94b811a19fb1a5a', 'fac9173ebc681c18e432158195adb3b4', 'fb85aee11e7190e586d2422f24a604e6', '41af66ca7433384290782621a3b22afb', 0, 5.00, 60.00, 0.00, 0.00, 300.00, 1, '2021-07-09 23:33:49', '2021-07-09'),
('6ca006c58496719962c493639e6219af', '181982cf27d942aec94b811a19fb1a5a', 'fac9173ebc681c18e432158195adb3b4', 'fb85aee11e7190e586d2422f24a604e6', '63471534d1cf922d62716dccc76ea1cb', 0, 2.00, 25.00, 0.00, 0.00, 50.00, 1, '2021-07-09 23:33:49', '2021-07-09'),
('ab1d198d440c33a9482dae20400930e9', '181982cf27d942aec94b811a19fb1a5a', 'fac9173ebc681c18e432158195adb3b4', 'fb85aee11e7190e586d2422f24a604e6', 'e27a1cdfcec5e74a56cfa4d00907cf2c', 0, 2.00, 50.00, 0.00, 0.00, 100.00, 1, '2021-07-09 23:33:49', '2021-07-09'),
('e9c7328a0c54948d367c467aa9cf7c07', '7d74b33f855eda091424e52d62a9f895', '76cc0d76bec6a6e8233202afc8bdb688', 'baa661154ee9582abf982570b201298e', '1e9094269a9a451422cb769c6d80b91b', 0, 1.00, 158.00, 0.00, 0.00, 158.00, 1, '2021-07-14 05:18:56', '2021-07-10'),
('95f73d64fa75544f879e826591a4cfbf', '', '76cc0d76bec6a6e8233202afc8bdb688', '1be3842ece0b6fbab575bc32ea7737f5', '26e6566d8847bdeae62487c1b2a6bef5', 0, 2.00, 117.00, 0.00, 0.00, 234.00, 6, '2021-07-14 05:42:22', '2021-07-10'),
('f7f44ebeb2325fcb8632a1e193d9c4b6', '9ea76f361cbd17686bf774b434566e71', '76cc0d76bec6a6e8233202afc8bdb688', '1be3842ece0b6fbab575bc32ea7737f5', '2d193486b66012bc87df5856871c9301', 0, 2.00, 213.00, 0.00, 0.00, 426.00, 1, '2021-07-14 05:18:56', '2021-07-10'),
('184a63a80a03a12223cfeab718e01d60', '9ea76f361cbd17686bf774b434566e71', '76cc0d76bec6a6e8233202afc8bdb688', '1be3842ece0b6fbab575bc32ea7737f5', '26e6566d8847bdeae62487c1b2a6bef5', 0, 3.00, 117.00, 0.00, 0.00, 351.00, 1, '2021-07-14 05:18:56', '2021-07-10'),
('4aec46b2d7d0e66be3e975192db12698', '9ea76f361cbd17686bf774b434566e71', '76cc0d76bec6a6e8233202afc8bdb688', '1be3842ece0b6fbab575bc32ea7737f5', '8fd0c3ba6c8b0e7280855a9bc4289f43', 0, 1.00, 216.00, 0.00, 0.00, 216.00, 1, '2021-07-14 05:18:56', '2021-07-10'),
('904fc2bad9db036c3ff5dc0a2761aa88', '8b96dd29239c45fd6c7fb9bee741ea65', '76cc0d76bec6a6e8233202afc8bdb688', 'baa661154ee9582abf982570b201298e', '5e36c5dac6a16841ce52ffc66ba989cc', 0, 1.00, 175.00, 0.00, 0.00, 175.00, 1, '2021-07-14 05:18:56', '2021-07-10');
INSERT INTO `detalle_factura` (`codigo_detalle`, `codigo_factura`, `codigo_usuario`, `codigo_categoria`, `codigo_producto`, `tipo`, `cantidad`, `precio`, `descuento`, `general`, `subtotal`, `estado`, `hora`, `fecha`) VALUES
('fa74c2302fe20be285b7322ec878cce4', '8b96dd29239c45fd6c7fb9bee741ea65', '76cc0d76bec6a6e8233202afc8bdb688', 'd583ed2bf0381b082922ec1b7f6abf70', '24c6d0e9cfd1ae282db6b16461fdc8e8', 0, 1.00, 200.00, 0.00, 0.00, 200.00, 1, '2021-07-14 05:18:56', '2021-07-10'),
('561a1145c9c635adb32bee00419a339c', '79048d79063e55c838588baebf7bd1ea', '76cc0d76bec6a6e8233202afc8bdb688', 'baa661154ee9582abf982570b201298e', '1e9094269a9a451422cb769c6d80b91b', 0, 3.00, 158.00, 0.00, 0.00, 474.00, 1, '2021-07-14 05:18:56', '2021-07-10'),
('53f1129708453347ef9129a217c3442d', '79048d79063e55c838588baebf7bd1ea', '76cc0d76bec6a6e8233202afc8bdb688', 'baa661154ee9582abf982570b201298e', 'ec6d2557a790bf623c2b9c32e0291a62', 0, 2.00, 180.00, 0.00, 0.00, 360.00, 1, '2021-07-14 05:18:56', '2021-07-10'),
('d77eed583c7da132aed15b9d6d38c8d2', '79048d79063e55c838588baebf7bd1ea', '76cc0d76bec6a6e8233202afc8bdb688', 'baa661154ee9582abf982570b201298e', 'df9466b5ce80645800085a22eabe89c3', 0, 1.00, 220.00, 0.00, 0.00, 220.00, 1, '2021-07-14 05:18:56', '2021-07-10'),
('e4f1aeadea14e38281b18ebdf8d1e7af', '79048d79063e55c838588baebf7bd1ea', '76cc0d76bec6a6e8233202afc8bdb688', 'baa661154ee9582abf982570b201298e', '99c81349fc11e2cf2ed9e71e3bfd07f7', 1, 5.00, 3.00, 0.00, 0.00, 15.00, 1, '2021-07-14 05:18:56', '2021-07-10'),
('c25b9085e334fd28de6667a406a36bfc', 'b3ec84c7987a4f9004e97d6bd15a282f', '76cc0d76bec6a6e8233202afc8bdb688', 'fb85aee11e7190e586d2422f24a604e6', 'e42b5938a9f505fc3733d5d1f4d86b75', 0, 3.00, 74.00, 0.00, 0.00, 222.00, 1, '2021-07-14 05:18:56', '2021-07-10'),
('d8a3bb9b69b15ae6deaa476c17ce6dd7', 'fdf14852e5795580f2d91d7e23ebe0ae', '76cc0d76bec6a6e8233202afc8bdb688', 'fb85aee11e7190e586d2422f24a604e6', 'd7578c13b1ac91dc2d1379821f9e4fb1', 0, 1.00, 74.00, 0.00, 0.00, 74.00, 1, '2021-07-14 05:18:56', '2021-07-10'),
('d964dd644e87b5f7253bcf9c3ea300b6', 'fdf14852e5795580f2d91d7e23ebe0ae', '76cc0d76bec6a6e8233202afc8bdb688', 'fb85aee11e7190e586d2422f24a604e6', 'e42b5938a9f505fc3733d5d1f4d86b75', 0, 1.00, 74.00, 0.00, 0.00, 74.00, 1, '2021-07-14 05:18:56', '2021-07-10'),
('9ddcfc098b9678998f613b2fb2231d44', 'e88b1bd46a396b450d9cea16ea8e684e', '76cc0d76bec6a6e8233202afc8bdb688', 'd583ed2bf0381b082922ec1b7f6abf70', '8be20f4f18f92c2dda918ef4daa95ea8', 0, 1.00, 50.00, 0.00, 0.00, 50.00, 1, '2021-07-14 05:18:56', '2021-07-10'),
('e4c04c9b5e649a00d0211f6b05daa0f3', '11046e123be97d2c8d135e46db44bd35', '76cc0d76bec6a6e8233202afc8bdb688', 'baa661154ee9582abf982570b201298e', 'eb1acc4da2919d2881b64518ac215392', 1, 6.00, 5.00, 0.00, 0.00, 30.00, 1, '2021-07-14 05:18:56', '2021-07-12'),
('2a91e66c4e2aaa32490738255123d5f5', 'b263fdcb55f06a013ef64c947b2e38ac', '76cc0d76bec6a6e8233202afc8bdb688', 'baa661154ee9582abf982570b201298e', '1e9094269a9a451422cb769c6d80b91b', 0, 1.00, 158.00, 0.00, 0.00, 158.00, 1, '2021-07-14 05:18:56', '2021-07-12'),
('f87c2c672ccab94818bfe4ad12da7450', '006f5ef6e6b8c1f71f4f3dc677f74bf9', '76cc0d76bec6a6e8233202afc8bdb688', 'fb85aee11e7190e586d2422f24a604e6', 'd7578c13b1ac91dc2d1379821f9e4fb1', 0, 2.00, 74.00, 0.00, 0.00, 148.00, 1, '2021-07-14 05:18:56', '2021-07-12'),
('b9453943257c383e324c1efffbecbd34', '006f5ef6e6b8c1f71f4f3dc677f74bf9', '76cc0d76bec6a6e8233202afc8bdb688', 'fb85aee11e7190e586d2422f24a604e6', 'e42b5938a9f505fc3733d5d1f4d86b75', 0, 1.00, 74.00, 0.00, 0.00, 74.00, 1, '2021-07-14 05:18:56', '2021-07-12'),
('8a94bd58b7f584f3aadc5c2832290a12', '006f5ef6e6b8c1f71f4f3dc677f74bf9', '76cc0d76bec6a6e8233202afc8bdb688', 'fb85aee11e7190e586d2422f24a604e6', 'f39504e1768f6205c43f135a0e9e8b55', 0, 1.00, 60.00, 0.00, 0.00, 60.00, 1, '2021-07-14 05:18:56', '2021-07-12'),
('764bda902ba281eccb5af5ae33ddf13d', 'a3318ebaec9a3b32e9f19d12b45b3bc3', '76cc0d76bec6a6e8233202afc8bdb688', '1be3842ece0b6fbab575bc32ea7737f5', '36a5e3eff091084750b0824d53aca151', 0, 1.00, 210.00, 0.00, 0.00, 210.00, 1, '2021-07-14 05:18:56', '2021-07-12'),
('3138f08851d1a4c23ca4e9c35627ea4a', '16b1fac400e6501d8a773aa739385d49', '76cc0d76bec6a6e8233202afc8bdb688', '1be3842ece0b6fbab575bc32ea7737f5', '36a5e3eff091084750b0824d53aca151', 0, 1.00, 210.00, 0.00, 0.00, 210.00, 1, '2021-07-14 05:18:56', '2021-07-12'),
('f95d8357ab101f01c75411b2a5bca292', '16b1fac400e6501d8a773aa739385d49', '76cc0d76bec6a6e8233202afc8bdb688', '1be3842ece0b6fbab575bc32ea7737f5', '26e6566d8847bdeae62487c1b2a6bef5', 0, 1.00, 117.00, 0.00, 0.00, 117.00, 1, '2021-07-14 05:18:56', '2021-07-12'),
('c0e6e99da822526e7d7abfd0e8743946', 'ff0525cfc38c4c4a52f990c01f803d7e', '76cc0d76bec6a6e8233202afc8bdb688', '1be3842ece0b6fbab575bc32ea7737f5', '69f076d5498c2fa22c0750920a704449', 0, 30.00, 216.00, 0.00, 0.00, 6480.00, 1, '2021-07-14 05:18:56', '2021-07-12'),
('7c1d9513e78028ac69660291584079e0', 'ff0525cfc38c4c4a52f990c01f803d7e', '76cc0d76bec6a6e8233202afc8bdb688', 'd583ed2bf0381b082922ec1b7f6abf70', '8be20f4f18f92c2dda918ef4daa95ea8', 0, 12.00, 50.00, 0.00, 0.00, 600.00, 1, '2021-07-14 05:18:56', '2021-07-12'),
('36a409ca4da09ec5a34e3ecedee2fec1', '', '76cc0d76bec6a6e8233202afc8bdb688', 'baa661154ee9582abf982570b201298e', 'df9466b5ce80645800085a22eabe89c3', 0, 2.00, 220.00, 0.00, 0.00, 440.00, 6, '2021-07-14 05:42:22', '2021-07-12'),
('b92c6875d97f5b566d58c76f05cfc596', 'ff0525cfc38c4c4a52f990c01f803d7e', '76cc0d76bec6a6e8233202afc8bdb688', 'baa661154ee9582abf982570b201298e', '6fe4b69479dfa8c6c3b56da53059d8bb', 0, 1.00, 224.00, 0.00, 0.00, 224.00, 1, '2021-07-14 05:18:56', '2021-07-12'),
('5e5f1de144e0ee4a71b87ae06031ffb0', 'ff0525cfc38c4c4a52f990c01f803d7e', '76cc0d76bec6a6e8233202afc8bdb688', 'baa661154ee9582abf982570b201298e', 'df9466b5ce80645800085a22eabe89c3', 0, 1.00, 220.00, 0.00, 0.00, 220.00, 1, '2021-07-14 05:18:56', '2021-07-12'),
('0a63a49483b2407f1f656325433c1a3a', 'ff0525cfc38c4c4a52f990c01f803d7e', '76cc0d76bec6a6e8233202afc8bdb688', 'd583ed2bf0381b082922ec1b7f6abf70', '42b1c20160989a4dbedc1d827f80b774', 0, 5.00, 8.00, 0.00, 0.00, 40.00, 1, '2021-07-14 05:18:56', '2021-07-12'),
('f2ac6c5e19d8172c0dd4eee948da074f', '', '76cc0d76bec6a6e8233202afc8bdb688', '1be3842ece0b6fbab575bc32ea7737f5', '36a5e3eff091084750b0824d53aca151', 0, 8.00, 210.00, 1.00, 8.00, 1680.00, 6, '2021-07-14 05:42:22', '2021-07-12'),
('04c3ce25ca2aaa4c06a03f8f64a62228', '', '76cc0d76bec6a6e8233202afc8bdb688', '1be3842ece0b6fbab575bc32ea7737f5', '26e6566d8847bdeae62487c1b2a6bef5', 0, 11.00, 117.00, 1.00, 11.00, 1287.00, 6, '2021-07-14 05:42:22', '2021-07-12'),
('293c4f64a71806875bbe723f7a52168a', '04d27b855a4441860f77417e8ea1a0c5', '76cc0d76bec6a6e8233202afc8bdb688', '1be3842ece0b6fbab575bc32ea7737f5', '36a5e3eff091084750b0824d53aca151', 0, 8.00, 210.00, 1.00, 8.00, 1680.00, 1, '2021-07-14 05:18:56', '2021-07-12'),
('c9e87011b152d1302b54d8df69d48e9d', '04d27b855a4441860f77417e8ea1a0c5', '76cc0d76bec6a6e8233202afc8bdb688', '1be3842ece0b6fbab575bc32ea7737f5', '26e6566d8847bdeae62487c1b2a6bef5', 0, 11.00, 117.00, 1.00, 11.00, 1287.00, 1, '2021-07-14 05:18:56', '2021-07-12'),
('f5602cfa850967baac13062784e0d65c', 'ae6911f1a8be5a4102dcd27e4c3b1d1e', '76cc0d76bec6a6e8233202afc8bdb688', 'baa661154ee9582abf982570b201298e', '4be27f694c872972dce6813f3d30498a', 0, 2.00, 140.00, 0.00, 0.00, 280.00, 1, '2021-07-14 05:18:56', '2021-07-12'),
('3b291311b98fbec7490a923d8d85d6ae', 'ae6911f1a8be5a4102dcd27e4c3b1d1e', '76cc0d76bec6a6e8233202afc8bdb688', '1be3842ece0b6fbab575bc32ea7737f5', '26e6566d8847bdeae62487c1b2a6bef5', 0, 1.00, 117.00, 0.00, 0.00, 117.00, 1, '2021-07-14 05:18:56', '2021-07-12'),
('77ab28f1d41594e4d8747b32990458f6', '468d46f37b1a85f6862ebaedd22ad1cd', '76cc0d76bec6a6e8233202afc8bdb688', 'baa661154ee9582abf982570b201298e', 'd5e3c3ca2fa1af39e184906818d7dab0', 1, 4.00, 2.50, 0.00, 0.00, 10.00, 1, '2021-07-14 05:18:56', '2021-07-12'),
('9b49d55ea0c8183933752f47b6c69114', '468d46f37b1a85f6862ebaedd22ad1cd', '76cc0d76bec6a6e8233202afc8bdb688', 'd583ed2bf0381b082922ec1b7f6abf70', '22687cc4300d5ed56df6453ab930d44c', 0, 1.00, 25.00, 0.00, 0.00, 25.00, 1, '2021-07-14 05:18:56', '2021-07-12'),
('43f8f323001f6850a6bf4ac291b70851', 'cb077dc8e97e1ab030e5f69a87c1d3cd', '76cc0d76bec6a6e8233202afc8bdb688', '1be3842ece0b6fbab575bc32ea7737f5', '26e6566d8847bdeae62487c1b2a6bef5', 0, 1.00, 117.00, 0.00, 0.00, 117.00, 1, '2021-07-14 05:18:56', '2021-07-12'),
('f694294aa8332a5dc9673d9248c74161', 'cb077dc8e97e1ab030e5f69a87c1d3cd', '76cc0d76bec6a6e8233202afc8bdb688', '1be3842ece0b6fbab575bc32ea7737f5', '69f076d5498c2fa22c0750920a704449', 0, 1.00, 216.00, 0.00, 0.00, 216.00, 1, '2021-07-14 05:18:56', '2021-07-12'),
('df48dff51417b622f618686b991e1c6c', '2082ea1e895c7f576f0bc4cd1a89e8ce', '76cc0d76bec6a6e8233202afc8bdb688', 'baa661154ee9582abf982570b201298e', '99c81349fc11e2cf2ed9e71e3bfd07f7', 1, 4.00, 3.00, 0.00, 0.00, 12.00, 1, '2021-07-14 05:18:56', '2021-07-12'),
('a88de9886815179c6987c8282c23d9b6', '2082ea1e895c7f576f0bc4cd1a89e8ce', '76cc0d76bec6a6e8233202afc8bdb688', 'baa661154ee9582abf982570b201298e', 'd5e3c3ca2fa1af39e184906818d7dab0', 1, 4.00, 2.50, 0.00, 0.00, 10.00, 1, '2021-07-14 05:18:56', '2021-07-12'),
('862734a6e20182a105f3b8898cd38651', 'd279de9cb84ef1324b946b465bb20cc8', '76cc0d76bec6a6e8233202afc8bdb688', 'baa661154ee9582abf982570b201298e', '57027c3685ed14d169d91cd18bf69111', 0, 1.00, 180.00, 0.00, 0.00, 180.00, 1, '2021-07-14 05:18:56', '2021-07-12'),
('041fcf7426e8ed684da2883f8e96e996', '58b6c65bc170c8df74b8da0fd20d72f3', '76cc0d76bec6a6e8233202afc8bdb688', '1be3842ece0b6fbab575bc32ea7737f5', '36a5e3eff091084750b0824d53aca151', 0, 1.00, 210.00, 0.00, 0.00, 210.00, 1, '2021-07-14 05:18:56', '2021-07-12'),
('16b0c33baab7b7fd09c1adcb180ff63d', '58b6c65bc170c8df74b8da0fd20d72f3', '76cc0d76bec6a6e8233202afc8bdb688', '1be3842ece0b6fbab575bc32ea7737f5', '26e6566d8847bdeae62487c1b2a6bef5', 0, 2.00, 117.00, 0.00, 0.00, 234.00, 1, '2021-07-14 05:18:56', '2021-07-12'),
('50977208b7208419d38910986d65f353', '58b6c65bc170c8df74b8da0fd20d72f3', '76cc0d76bec6a6e8233202afc8bdb688', 'baa661154ee9582abf982570b201298e', '57027c3685ed14d169d91cd18bf69111', 0, 2.00, 180.00, 0.00, 0.00, 360.00, 1, '2021-07-14 05:18:56', '2021-07-12'),
('1e25f7a7d14b9b4fdc4b2a1bc6df0ba3', 'd36d1044d1c3f9baae2a086320745b38', '76cc0d76bec6a6e8233202afc8bdb688', 'baa661154ee9582abf982570b201298e', '15c0d0f968713bbf102ee0be564b709c', 1, 5.00, 3.00, 0.00, 0.00, 15.00, 1, '2021-07-14 05:18:56', '2021-07-12'),
('04f023427d8cc042f5cd174c8616c5ad', '', '76cc0d76bec6a6e8233202afc8bdb688', 'baa661154ee9582abf982570b201298e', '3fb13f78f8e5b00068798adffb5768c0', 0, 50.00, 245.00, 0.00, 0.00, 12250.00, 6, '2021-07-14 05:42:22', '2021-07-12'),
('de16db20170d849a3b78eefca5e3bdb2', '', '76cc0d76bec6a6e8233202afc8bdb688', 'baa661154ee9582abf982570b201298e', '3fb13f78f8e5b00068798adffb5768c0', 1, 50.00, 3.00, 0.00, 0.00, 150.00, 6, '2021-07-14 05:42:22', '2021-07-12'),
('dc7c3c7fbab22687828dcd78e77018be', 'a0b27562d308519b3a8f7ecf5654c2c7', '76cc0d76bec6a6e8233202afc8bdb688', 'd583ed2bf0381b082922ec1b7f6abf70', '8be20f4f18f92c2dda918ef4daa95ea8', 0, 1.00, 50.00, 0.00, 0.00, 50.00, 1, '2021-07-14 05:18:56', '2021-07-12'),
('c942ce139434a3e2a2428d22f5ef85a8', '103ac73b806751d220248c70de4afec4', '76cc0d76bec6a6e8233202afc8bdb688', 'fb85aee11e7190e586d2422f24a604e6', 'e42b5938a9f505fc3733d5d1f4d86b75', 0, 2.00, 70.00, 0.00, 0.00, 140.00, 1, '2021-07-14 05:18:56', '2021-07-12'),
('4b5aa0497a13b2c9a50e2ea6382d1c4f', '', '76cc0d76bec6a6e8233202afc8bdb688', '1be3842ece0b6fbab575bc32ea7737f5', '36a5e3eff091084750b0824d53aca151', 0, 12.00, 210.00, 0.00, 0.00, 2520.00, 6, '2021-07-14 05:42:22', '2021-07-12'),
('672acf9f1cc007a3344407915599baec', '', '76cc0d76bec6a6e8233202afc8bdb688', '1be3842ece0b6fbab575bc32ea7737f5', '36a5e3eff091084750b0824d53aca151', 0, 0.00, 210.00, 3.00, 0.00, 0.00, 6, '2021-07-14 05:42:22', '2021-07-12'),
('5006691eb76a55c119d9c5c5c7cfec3d', '20ef82351939548c4258f200cab09dc4', '76cc0d76bec6a6e8233202afc8bdb688', '1be3842ece0b6fbab575bc32ea7737f5', '36a5e3eff091084750b0824d53aca151', 0, 12.00, 210.00, 3.00, 36.00, 2520.00, 1, '2021-07-14 05:18:56', '2021-07-12'),
('7c457c51e85c7490e5df680542bddf27', '20ef82351939548c4258f200cab09dc4', '76cc0d76bec6a6e8233202afc8bdb688', '1be3842ece0b6fbab575bc32ea7737f5', '26e6566d8847bdeae62487c1b2a6bef5', 0, 5.00, 117.00, 5.00, 25.00, 585.00, 1, '2021-07-14 05:18:56', '2021-07-12'),
('ea9db80289fbbc975a0ebf0155a0e32a', '10a4651ebb73f3fd5ac60fccc3fe1ce7', '76cc0d76bec6a6e8233202afc8bdb688', '1be3842ece0b6fbab575bc32ea7737f5', '36a5e3eff091084750b0824d53aca151', 0, 1.00, 210.00, 0.00, 0.00, 210.00, 1, '2021-07-14 05:18:56', '2021-07-12'),
('9d214784a79681ea0377737e9f41a623', 'e089f97d7c7f03cfe6cd2fee2551ef62', '76cc0d76bec6a6e8233202afc8bdb688', '1be3842ece0b6fbab575bc32ea7737f5', '8fd0c3ba6c8b0e7280855a9bc4289f43', 0, 2.00, 216.00, 0.00, 0.00, 432.00, 1, '2021-07-14 05:18:56', '2021-07-12'),
('6d11d44a39a2d5f788d9c745145e1c5d', 'db44c33576e8f1572488b90ba4e65c99', '76cc0d76bec6a6e8233202afc8bdb688', 'baa661154ee9582abf982570b201298e', '6d90c30cc59e39d6b01ab70d49406830', 0, 2.00, 75.00, 0.00, 0.00, 150.00, 1, '2021-07-14 05:18:56', '2021-07-12'),
('0ee35a50d787b60504a5f73114adbd94', 'f81f59973d410a5a97fbb849fc12d212', '76cc0d76bec6a6e8233202afc8bdb688', 'd583ed2bf0381b082922ec1b7f6abf70', '45bcfe730c60521abe678863d3733a9b', 0, 1.00, 135.00, 0.00, 0.00, 135.00, 1, '2021-07-14 05:18:56', '2021-07-12'),
('d4209a56a46e438d034a1f63677a817f', 'f81f59973d410a5a97fbb849fc12d212', '76cc0d76bec6a6e8233202afc8bdb688', '1be3842ece0b6fbab575bc32ea7737f5', '36a5e3eff091084750b0824d53aca151', 0, 2.00, 210.00, 0.00, 0.00, 420.00, 1, '2021-07-14 05:18:56', '2021-07-12'),
('349df91429db90025154a7611bf90973', 'f81f59973d410a5a97fbb849fc12d212', '76cc0d76bec6a6e8233202afc8bdb688', '1be3842ece0b6fbab575bc32ea7737f5', '8fd0c3ba6c8b0e7280855a9bc4289f43', 0, 2.00, 216.00, 0.00, 0.00, 432.00, 1, '2021-07-14 05:18:56', '2021-07-12'),
('1f9f772a3e00c961597980969f546af8', '49c5ae7537dedf249bc427cd280e963c', '76cc0d76bec6a6e8233202afc8bdb688', 'd583ed2bf0381b082922ec1b7f6abf70', 'dacdfd4ba951a1da7686a617cc707de5', 0, 1.00, 155.00, 0.00, 0.00, 155.00, 1, '2021-07-14 05:18:56', '2021-07-12'),
('cc9bd5eb3af6a7b4a30157cbc4603b2f', '0ad74091c12ef92385191661e8997f13', '76cc0d76bec6a6e8233202afc8bdb688', 'baa661154ee9582abf982570b201298e', '15c0d0f968713bbf102ee0be564b709c', 1, 2.00, 3.00, 0.00, 0.00, 6.00, 1, '2021-07-14 05:18:56', '2021-07-12'),
('70b4c2f963fc7fc8f2491517b9f55863', '', '76cc0d76bec6a6e8233202afc8bdb688', 'fb85aee11e7190e586d2422f24a604e6', 'e42b5938a9f505fc3733d5d1f4d86b75', 0, 2.00, 70.00, 2.00, 4.00, 140.00, 6, '2021-07-14 05:42:22', '2021-07-12'),
('dc83a611c29753a1274fd876351e9b0a', 'ba5ca8a7eed1432f23441c962ca30e59', '76cc0d76bec6a6e8233202afc8bdb688', 'fb85aee11e7190e586d2422f24a604e6', '1b452a24794ecabd0b0298df04ac6b7e', 0, 1.00, 73.00, 0.00, 0.00, 73.00, 1, '2021-07-14 05:18:56', '2021-07-12'),
('ff55ae1ca9f291d366f4cff7a5a8cdd5', '5cd0c6687d6f0fa41be84d917051fb28', '76cc0d76bec6a6e8233202afc8bdb688', 'd583ed2bf0381b082922ec1b7f6abf70', '49315777eca0ab4fb7d6a46951e40d62', 0, 2.00, 12.00, 0.00, 0.00, 24.00, 1, '2021-07-14 05:18:56', '2021-07-12'),
('0a040341b17a576b4aaa780d88ddb1cc', '04a50badf8414b7001bcdaf83764d699', '76cc0d76bec6a6e8233202afc8bdb688', 'd583ed2bf0381b082922ec1b7f6abf70', '8be20f4f18f92c2dda918ef4daa95ea8', 0, 1.00, 50.00, 0.00, 0.00, 50.00, 1, '2021-07-14 05:18:56', '2021-07-12'),
('6e0b1131d55d6d504db0e2765cfa0bc0', 'b72eade76692fde7c9764f16f9b1af8f', '76cc0d76bec6a6e8233202afc8bdb688', 'baa661154ee9582abf982570b201298e', '3fb13f78f8e5b00068798adffb5768c0', 1, 11.00, 3.00, 0.00, 0.00, 33.00, 1, '2021-07-14 05:18:56', '2021-07-12'),
('9f5dfdc99b092329399a6e1922b2ccb5', '53e76f2c10e2168645e0425c259b8fbf', '76cc0d76bec6a6e8233202afc8bdb688', 'fb85aee11e7190e586d2422f24a604e6', 'd7578c13b1ac91dc2d1379821f9e4fb1', 0, 1.00, 74.00, 0.00, 0.00, 74.00, 1, '2021-07-14 05:18:56', '2021-07-12'),
('7782a07f0e4825bb25ca1a347f57d165', '9f94e59011e20808976f943b071d8d9b', '76cc0d76bec6a6e8233202afc8bdb688', 'baa661154ee9582abf982570b201298e', 'df9466b5ce80645800085a22eabe89c3', 0, 1.00, 220.00, 0.00, 0.00, 220.00, 1, '2021-07-14 05:18:56', '2021-07-12'),
('574caa03ac241f6f327d755b641ba194', '9f94e59011e20808976f943b071d8d9b', '76cc0d76bec6a6e8233202afc8bdb688', '1be3842ece0b6fbab575bc32ea7737f5', '36a5e3eff091084750b0824d53aca151', 0, 2.00, 210.00, 0.00, 0.00, 420.00, 1, '2021-07-14 05:18:56', '2021-07-12'),
('f4563e8ed9245960cf30698e8b3002e9', '4ab34785390da4a547c09c5a4107b2e8', '76cc0d76bec6a6e8233202afc8bdb688', 'fb85aee11e7190e586d2422f24a604e6', 'f39504e1768f6205c43f135a0e9e8b55', 0, 1.00, 60.00, 0.00, 0.00, 60.00, 1, '2021-07-12 22:03:08', '2021-07-12'),
('e69bb709c1bf76894688c35e46d924fc', '4ab34785390da4a547c09c5a4107b2e8', '76cc0d76bec6a6e8233202afc8bdb688', 'fb85aee11e7190e586d2422f24a604e6', 'd7578c13b1ac91dc2d1379821f9e4fb1', 0, 1.00, 74.00, 0.00, 0.00, 74.00, 1, '2021-07-12 22:03:08', '2021-07-12'),
('b51e379850b6057880cb8be9df849bfd', '4ab34785390da4a547c09c5a4107b2e8', '76cc0d76bec6a6e8233202afc8bdb688', 'fb85aee11e7190e586d2422f24a604e6', '9969f7a5c6032acbfc8d6631b04b4941', 0, 1.00, 20.00, 0.00, 0.00, 20.00, 1, '2021-07-12 22:03:08', '2021-07-12'),
('ec90c15386ce25a356e4ef2d3809c788', '4ab34785390da4a547c09c5a4107b2e8', '76cc0d76bec6a6e8233202afc8bdb688', 'fb85aee11e7190e586d2422f24a604e6', 'e42b5938a9f505fc3733d5d1f4d86b75', 0, 1.00, 70.00, 0.00, 0.00, 70.00, 1, '2021-07-12 22:03:08', '2021-07-12'),
('51666ec866f8dccd0f75fdd10d9eb7cc', 'fec2c47152183899b9f5b440df8dba83', '76cc0d76bec6a6e8233202afc8bdb688', 'baa661154ee9582abf982570b201298e', '99c81349fc11e2cf2ed9e71e3bfd07f7', 0, 2.00, 245.00, 0.00, 0.00, 490.00, 1, '2021-07-12 22:04:26', '2021-07-12'),
('bf45a4d011568b62f1611d8cb51e8e55', 'b6203c96686e8c48a121443725db6d8d', '76cc0d76bec6a6e8233202afc8bdb688', 'baa661154ee9582abf982570b201298e', '6fe4b69479dfa8c6c3b56da53059d8bb', 0, 1.00, 224.00, 0.00, 0.00, 224.00, 1, '2021-07-12 22:22:18', '2021-07-12'),
('712c0f9fd58624e01fec172a290783b7', '19dcb15885322effb997a9edd0b8696e', '76cc0d76bec6a6e8233202afc8bdb688', 'fb85aee11e7190e586d2422f24a604e6', 'd7578c13b1ac91dc2d1379821f9e4fb1', 0, 2.00, 74.00, 0.00, 0.00, 148.00, 1, '2021-07-12 22:48:27', '2021-07-12'),
('bc26d48831d1b28e3797d456bbaed6a1', 'f6af186cd7125be7062b13600589195f', '76cc0d76bec6a6e8233202afc8bdb688', '1be3842ece0b6fbab575bc32ea7737f5', '36a5e3eff091084750b0824d53aca151', 0, 2.00, 210.00, 0.00, 0.00, 420.00, 1, '2021-07-13 00:31:36', '2021-07-12'),
('df1ea3ab366f580b3bb88593bde5a268', 'f6af186cd7125be7062b13600589195f', '76cc0d76bec6a6e8233202afc8bdb688', '1be3842ece0b6fbab575bc32ea7737f5', '26e6566d8847bdeae62487c1b2a6bef5', 0, 1.00, 117.00, 0.00, 0.00, 117.00, 1, '2021-07-13 00:31:36', '2021-07-12'),
('07f6d5c4fba62b7bf9aef44d9903a403', 'f6af186cd7125be7062b13600589195f', '76cc0d76bec6a6e8233202afc8bdb688', '1be3842ece0b6fbab575bc32ea7737f5', '714ad6bfe88321790732292aae8dcf80', 0, 2.00, 120.00, 0.00, 0.00, 240.00, 1, '2021-07-13 00:31:36', '2021-07-12'),
('ed45cc65a683b0059b6c0e7a0b231ab3', 'f6af186cd7125be7062b13600589195f', '76cc0d76bec6a6e8233202afc8bdb688', '1be3842ece0b6fbab575bc32ea7737f5', '36a5e3eff091084750b0824d53aca151', 0, 1.00, 210.00, 0.00, 0.00, 210.00, 1, '2021-07-13 00:31:36', '2021-07-12'),
('4990642741e85cf9dd6975e88411e045', 'c3e6eb1afd08f37092eae19b4a93cf48', '76cc0d76bec6a6e8233202afc8bdb688', 'fb85aee11e7190e586d2422f24a604e6', 'f39504e1768f6205c43f135a0e9e8b55', 0, 12.00, 60.00, 0.00, 0.00, 720.00, 1, '2021-07-13 01:03:55', '2021-07-12'),
('0f297a6b1ecc36be419945d9e24dca99', 'c3e6eb1afd08f37092eae19b4a93cf48', '76cc0d76bec6a6e8233202afc8bdb688', 'fb85aee11e7190e586d2422f24a604e6', 'd7578c13b1ac91dc2d1379821f9e4fb1', 0, 79.00, 74.00, 0.00, 0.00, 5846.00, 1, '2021-07-13 01:03:55', '2021-07-12'),
('c94b94d2793dbb7d1e0f6700a362f7ed', 'c3e6eb1afd08f37092eae19b4a93cf48', '76cc0d76bec6a6e8233202afc8bdb688', 'fb85aee11e7190e586d2422f24a604e6', 'e42b5938a9f505fc3733d5d1f4d86b75', 0, 49.00, 70.00, 0.00, 0.00, 3430.00, 1, '2021-07-13 01:03:55', '2021-07-12'),
('efe8eb3000b6cfda6c21a9580aaf53f8', 'c3e6eb1afd08f37092eae19b4a93cf48', '76cc0d76bec6a6e8233202afc8bdb688', 'fb85aee11e7190e586d2422f24a604e6', '1b452a24794ecabd0b0298df04ac6b7e', 0, 21.00, 73.00, 0.00, 0.00, 1533.00, 1, '2021-07-13 01:03:55', '2021-07-12'),
('57094576b0e3cd5263f89d4e1d221a00', 'c3e6eb1afd08f37092eae19b4a93cf48', '76cc0d76bec6a6e8233202afc8bdb688', 'fb85aee11e7190e586d2422f24a604e6', '83d548b152a44995e5a4d878d73428a0', 0, 2.00, 68.00, 0.00, 0.00, 136.00, 1, '2021-07-13 01:03:55', '2021-07-12'),
('cc12f8ba4d168724947141356fa37eb8', 'c3e6eb1afd08f37092eae19b4a93cf48', '76cc0d76bec6a6e8233202afc8bdb688', 'fb85aee11e7190e586d2422f24a604e6', '9ba592041ff36687d2317fba8d844cb6', 0, 2.00, 30.00, 0.00, 0.00, 60.00, 1, '2021-07-13 01:03:55', '2021-07-12'),
('83a7719299cec6faf97ec47c3c0204ed', 'c3e6eb1afd08f37092eae19b4a93cf48', '76cc0d76bec6a6e8233202afc8bdb688', 'fb85aee11e7190e586d2422f24a604e6', 'c2ca56faa87067619d5417f56c6e1d4d', 0, 21.00, 20.00, 0.00, 0.00, 420.00, 1, '2021-07-13 01:03:55', '2021-07-12'),
('f856758199b4ee51b813fb59d8bcbe02', 'c3e6eb1afd08f37092eae19b4a93cf48', '76cc0d76bec6a6e8233202afc8bdb688', 'fb85aee11e7190e586d2422f24a604e6', '9969f7a5c6032acbfc8d6631b04b4941', 0, 4.00, 20.00, 0.00, 0.00, 80.00, 1, '2021-07-13 01:03:55', '2021-07-12'),
('e8256340825a84a9540adbc45446903b', 'c3e6eb1afd08f37092eae19b4a93cf48', '76cc0d76bec6a6e8233202afc8bdb688', 'd583ed2bf0381b082922ec1b7f6abf70', '259d2cfbd5bebf466863ff03c801e676', 0, 4.00, 60.00, 0.00, 0.00, 240.00, 1, '2021-07-13 01:03:55', '2021-07-12'),
('d09777f11ee08dc89f9cbe01114a6040', 'c3e6eb1afd08f37092eae19b4a93cf48', '76cc0d76bec6a6e8233202afc8bdb688', 'fb85aee11e7190e586d2422f24a604e6', 'e27a1cdfcec5e74a56cfa4d00907cf2c', 0, 2.00, 50.00, 0.00, 0.00, 100.00, 1, '2021-07-13 01:03:55', '2021-07-12'),
('48af77ea6f4d8868b065c38759b65c20', '02d29e0e02146b906685478b6349700b', '76cc0d76bec6a6e8233202afc8bdb688', 'fb85aee11e7190e586d2422f24a604e6', 'd7578c13b1ac91dc2d1379821f9e4fb1', 0, 10.00, 74.00, 0.00, 0.00, 740.00, 1, '2021-07-13 01:08:05', '2021-07-12'),
('06329535cc9bb1936f67f7632ec0b5de', '02d29e0e02146b906685478b6349700b', '76cc0d76bec6a6e8233202afc8bdb688', 'fb85aee11e7190e586d2422f24a604e6', '1b452a24794ecabd0b0298df04ac6b7e', 0, 5.00, 73.00, 0.00, 0.00, 365.00, 1, '2021-07-13 01:08:05', '2021-07-12'),
('334b215d4d8081ba7aeac1483516801b', '02d29e0e02146b906685478b6349700b', '76cc0d76bec6a6e8233202afc8bdb688', 'fb85aee11e7190e586d2422f24a604e6', 'e42b5938a9f505fc3733d5d1f4d86b75', 0, 2.00, 70.00, 0.00, 0.00, 140.00, 1, '2021-07-13 01:08:05', '2021-07-12'),
('86fb0c596dbf2dd542644a0597c684eb', 'c60e28c0d24f35243b0cf73fb7206419', '76cc0d76bec6a6e8233202afc8bdb688', 'baa661154ee9582abf982570b201298e', '4be27f694c872972dce6813f3d30498a', 0, 1.00, 140.00, 0.00, 0.00, 140.00, 0, '2021-07-14 16:25:28', '2021-07-14'),
('17d7207145a091cd874feae796cd1926', 'c60e28c0d24f35243b0cf73fb7206419', '76cc0d76bec6a6e8233202afc8bdb688', 'd583ed2bf0381b082922ec1b7f6abf70', '89b24d6796aa0be4a10858d5ec32e9c6', 0, 1.00, 176.00, 0.00, 0.00, 176.00, 0, '2021-07-14 16:25:28', '2021-07-14'),
('a963598aef9b701ed319adf0b1e874b9', 'c60e28c0d24f35243b0cf73fb7206419', '76cc0d76bec6a6e8233202afc8bdb688', '1be3842ece0b6fbab575bc32ea7737f5', '26e6566d8847bdeae62487c1b2a6bef5', 0, 2.00, 117.00, 0.00, 0.00, 234.00, 0, '2021-07-14 16:25:28', '2021-07-14'),
('a6d26af7a9db487ce34db3013e3aafd1', 'c60e28c0d24f35243b0cf73fb7206419', '76cc0d76bec6a6e8233202afc8bdb688', '1be3842ece0b6fbab575bc32ea7737f5', '36a5e3eff091084750b0824d53aca151', 0, 1.00, 210.00, 0.00, 0.00, 210.00, 0, '2021-07-14 16:25:28', '2021-07-14'),
('aa466940dd8adee8194e9c952d8cd592', 'c60e28c0d24f35243b0cf73fb7206419', '76cc0d76bec6a6e8233202afc8bdb688', 'baa661154ee9582abf982570b201298e', '4f00419eb1e2b886a733526c76e33e47', 0, 1.00, 180.00, 0.00, 0.00, 180.00, 0, '2021-07-14 16:25:28', '2021-07-14'),
('7346e832fcb23fa186f209a464e6cc30', 'c60e28c0d24f35243b0cf73fb7206419', '76cc0d76bec6a6e8233202afc8bdb688', 'd583ed2bf0381b082922ec1b7f6abf70', 'd39f6f732213aba7d154ac474825117c', 0, 1.00, 32.00, 0.00, 0.00, 32.00, 0, '2021-07-14 16:25:28', '2021-07-14'),
('2e1fec3ee86526447d6a3d3a2926f4d5', 'c60e28c0d24f35243b0cf73fb7206419', '76cc0d76bec6a6e8233202afc8bdb688', '1be3842ece0b6fbab575bc32ea7737f5', '8fd0c3ba6c8b0e7280855a9bc4289f43', 0, 1.00, 216.00, 0.00, 0.00, 216.00, 0, '2021-07-14 16:25:28', '2021-07-14'),
('7c659cd4eaf2475b8ce8e8632b37f8a1', 'c60e28c0d24f35243b0cf73fb7206419', '76cc0d76bec6a6e8233202afc8bdb688', '1be3842ece0b6fbab575bc32ea7737f5', '36a5e3eff091084750b0824d53aca151', 0, 2.00, 210.00, 0.00, 0.00, 420.00, 0, '2021-07-14 16:25:28', '2021-07-14'),
('57b3d3d81ce1d4eb154e1e1f053f2cfc', 'c60e28c0d24f35243b0cf73fb7206419', '76cc0d76bec6a6e8233202afc8bdb688', 'baa661154ee9582abf982570b201298e', '1e9094269a9a451422cb769c6d80b91b', 0, 2.00, 158.00, 0.00, 0.00, 316.00, 0, '2021-07-14 16:25:28', '2021-07-14'),
('dc4c7090c5939d442fe66b1f6d4e0176', 'c60e28c0d24f35243b0cf73fb7206419', '76cc0d76bec6a6e8233202afc8bdb688', 'baa661154ee9582abf982570b201298e', 'ec6d2557a790bf623c2b9c32e0291a62', 0, 1.00, 180.00, 0.00, 0.00, 180.00, 0, '2021-07-14 16:25:28', '2021-07-14'),
('35bf5e568c63e36d18606a3741648dab', 'c60e28c0d24f35243b0cf73fb7206419', '76cc0d76bec6a6e8233202afc8bdb688', 'baa661154ee9582abf982570b201298e', 'd5e3c3ca2fa1af39e184906818d7dab0', 0, 1.00, 218.00, 0.00, 0.00, 218.00, 0, '2021-07-14 16:25:28', '2021-07-14'),
('44ccfa50f65bbd74531344b2cb53a7fe', 'c60e28c0d24f35243b0cf73fb7206419', '76cc0d76bec6a6e8233202afc8bdb688', 'baa661154ee9582abf982570b201298e', 'd5e3c3ca2fa1af39e184906818d7dab0', 0, 4.00, 218.00, 0.00, 0.00, 872.00, 0, '2021-07-14 16:25:28', '2021-07-14'),
('7e8690523fd69a488a8afee4cb93ee6d', 'c60e28c0d24f35243b0cf73fb7206419', '76cc0d76bec6a6e8233202afc8bdb688', '1be3842ece0b6fbab575bc32ea7737f5', '36a5e3eff091084750b0824d53aca151', 0, 2.00, 210.00, 0.00, 0.00, 420.00, 0, '2021-07-14 16:25:28', '2021-07-14'),
('df1d3ba26b8cc8026679f32e49096c7e', 'c60e28c0d24f35243b0cf73fb7206419', '76cc0d76bec6a6e8233202afc8bdb688', 'baa661154ee9582abf982570b201298e', '4ba8477673d917d5fa8660a40025222b', 0, 2.00, 225.00, 0.00, 0.00, 450.00, 0, '2021-07-14 16:25:28', '2021-07-14'),
('7b0281f5515fb94cf236ae82453fbaf9', 'c60e28c0d24f35243b0cf73fb7206419', '76cc0d76bec6a6e8233202afc8bdb688', 'baa661154ee9582abf982570b201298e', '15c0d0f968713bbf102ee0be564b709c', 1, 10.00, 3.00, 0.00, 0.00, 30.00, 0, '2021-07-14 16:25:28', '2021-07-14'),
('3867b2a1b63123f164c854684c147384', 'c60e28c0d24f35243b0cf73fb7206419', '76cc0d76bec6a6e8233202afc8bdb688', 'baa661154ee9582abf982570b201298e', 'eb1acc4da2919d2881b64518ac215392', 1, 10.00, 5.00, 0.00, 0.00, 50.00, 0, '2021-07-14 16:25:28', '2021-07-14'),
('55727a6b760b4311f4186db6a2ae347d', 'c60e28c0d24f35243b0cf73fb7206419', '76cc0d76bec6a6e8233202afc8bdb688', 'baa661154ee9582abf982570b201298e', 'd30da45f5933bf9e7082c58964ef8d48', 0, 1.00, 140.00, 0.00, 0.00, 140.00, 0, '2021-07-14 16:25:28', '2021-07-14'),
('49b10629ca3659a56511e6a416e6b12f', 'c60e28c0d24f35243b0cf73fb7206419', '76cc0d76bec6a6e8233202afc8bdb688', 'baa661154ee9582abf982570b201298e', '1e9094269a9a451422cb769c6d80b91b', 0, 1.00, 158.00, 0.00, 0.00, 158.00, 0, '2021-07-14 16:25:28', '2021-07-14'),
('12542841374e9a78c7d7cba495bebde0', 'c60e28c0d24f35243b0cf73fb7206419', '76cc0d76bec6a6e8233202afc8bdb688', 'baa661154ee9582abf982570b201298e', '6d90c30cc59e39d6b01ab70d49406830', 0, 1.00, 75.00, 0.00, 0.00, 75.00, 0, '2021-07-14 16:25:28', '2021-07-14'),
('ecabd13bea9f730be3f957783b8a81c0', 'c60e28c0d24f35243b0cf73fb7206419', '76cc0d76bec6a6e8233202afc8bdb688', 'baa661154ee9582abf982570b201298e', '3fb13f78f8e5b00068798adffb5768c0', 1, 4.00, 3.00, 0.00, 0.00, 12.00, 0, '2021-07-14 16:25:28', '2021-07-14'),
('2a858d3f6e2c18e52a5fc8abd7ea7312', 'c60e28c0d24f35243b0cf73fb7206419', '76cc0d76bec6a6e8233202afc8bdb688', 'baa661154ee9582abf982570b201298e', '4ba8477673d917d5fa8660a40025222b', 1, 8.00, 2.50, 0.00, 0.00, 20.00, 0, '2021-07-14 16:25:28', '2021-07-14'),
('e44c9249683c071f1100e6bc6faa0b48', 'c60e28c0d24f35243b0cf73fb7206419', '76cc0d76bec6a6e8233202afc8bdb688', 'baa661154ee9582abf982570b201298e', '4ba8477673d917d5fa8660a40025222b', 1, 8.00, 2.50, 0.00, 0.00, 20.00, 0, '2021-07-14 16:25:28', '2021-07-14'),
('193a261963c405cf9e0f3f1aa1d3c0f4', 'c60e28c0d24f35243b0cf73fb7206419', '76cc0d76bec6a6e8233202afc8bdb688', 'baa661154ee9582abf982570b201298e', '99c81349fc11e2cf2ed9e71e3bfd07f7', 1, 10.00, 3.00, 0.00, 0.00, 30.00, 0, '2021-07-14 16:25:28', '2021-07-14'),
('8ce563e2e4fc1b05c1b9f16af5cbd2f3', '3eefe9b349e3e97edca7c109b09954b7', '76cc0d76bec6a6e8233202afc8bdb688', 'fb85aee11e7190e586d2422f24a604e6', 'e42b5938a9f505fc3733d5d1f4d86b75', 0, 7.00, 70.00, 0.00, 0.00, 490.00, 1, '2021-07-14 16:19:22', '2021-07-14'),
('b8a08ba83c8c90cf581dbf66f0cd494e', '', '76cc0d76bec6a6e8233202afc8bdb688', 'baa661154ee9582abf982570b201298e', '4be27f694c872972dce6813f3d30498a', 0, 1.00, 140.00, 0.00, 0.00, 140.00, 4, '2021-07-14 16:40:42', '2021-07-14'),
('1a210f76f5098219657cff218de480b1', '', '76cc0d76bec6a6e8233202afc8bdb688', 'd583ed2bf0381b082922ec1b7f6abf70', '89b24d6796aa0be4a10858d5ec32e9c6', 0, 1.00, 176.00, 0.00, 0.00, 176.00, 4, '2021-07-14 16:40:42', '2021-07-14'),
('22c969202bb1c9577d1c7f750da6d7ea', '', '76cc0d76bec6a6e8233202afc8bdb688', '1be3842ece0b6fbab575bc32ea7737f5', '26e6566d8847bdeae62487c1b2a6bef5', 0, 2.00, 117.00, 0.00, 0.00, 234.00, 4, '2021-07-14 16:40:42', '2021-07-14'),
('8114482208c45188628f4d0fcd1d3924', '', '76cc0d76bec6a6e8233202afc8bdb688', '1be3842ece0b6fbab575bc32ea7737f5', '36a5e3eff091084750b0824d53aca151', 0, 1.00, 210.00, 0.00, 0.00, 210.00, 4, '2021-07-14 16:40:42', '2021-07-14'),
('115849f89fc0bd985b3c82940e47e50c', '', '76cc0d76bec6a6e8233202afc8bdb688', 'baa661154ee9582abf982570b201298e', '4f00419eb1e2b886a733526c76e33e47', 0, 1.00, 180.00, 0.00, 0.00, 180.00, 4, '2021-07-14 16:40:42', '2021-07-14'),
('8ad74b82007cacddfd7621dda011403a', '', '76cc0d76bec6a6e8233202afc8bdb688', 'd583ed2bf0381b082922ec1b7f6abf70', 'd39f6f732213aba7d154ac474825117c', 0, 1.00, 32.00, 0.00, 0.00, 32.00, 4, '2021-07-14 16:40:42', '2021-07-14'),
('94a94903518b881006bb52fb867ef0f4', '', '76cc0d76bec6a6e8233202afc8bdb688', '1be3842ece0b6fbab575bc32ea7737f5', '8fd0c3ba6c8b0e7280855a9bc4289f43', 0, 1.00, 216.00, 0.00, 0.00, 216.00, 4, '2021-07-14 16:40:42', '2021-07-14'),
('98f443098e9566462c6a1a65749433df', '', '76cc0d76bec6a6e8233202afc8bdb688', '1be3842ece0b6fbab575bc32ea7737f5', '36a5e3eff091084750b0824d53aca151', 0, 2.00, 210.00, 0.00, 0.00, 420.00, 4, '2021-07-14 16:40:42', '2021-07-14'),
('cb6e07773af0524179598cc24bc65fcf', '', '76cc0d76bec6a6e8233202afc8bdb688', 'baa661154ee9582abf982570b201298e', '1e9094269a9a451422cb769c6d80b91b', 0, 2.00, 158.00, 0.00, 0.00, 316.00, 4, '2021-07-14 16:40:42', '2021-07-14'),
('d8783377ac3bbb4ccf142f0bf5fd7703', '', '76cc0d76bec6a6e8233202afc8bdb688', 'baa661154ee9582abf982570b201298e', 'ec6d2557a790bf623c2b9c32e0291a62', 0, 1.00, 180.00, 0.00, 0.00, 180.00, 4, '2021-07-14 16:40:42', '2021-07-14'),
('296e562b1d9d3d23f7338a950abb02cc', '', '76cc0d76bec6a6e8233202afc8bdb688', 'baa661154ee9582abf982570b201298e', 'd5e3c3ca2fa1af39e184906818d7dab0', 0, 1.00, 218.00, 0.00, 0.00, 218.00, 4, '2021-07-14 16:40:42', '2021-07-14'),
('293958d3f97dd3d8e1145b1fb693e3db', '', '76cc0d76bec6a6e8233202afc8bdb688', 'baa661154ee9582abf982570b201298e', 'd5e3c3ca2fa1af39e184906818d7dab0', 0, 4.00, 218.00, 0.00, 0.00, 872.00, 4, '2021-07-14 16:40:42', '2021-07-14'),
('275ac3b0d1592566145aa7a937ceef46', '', '76cc0d76bec6a6e8233202afc8bdb688', '1be3842ece0b6fbab575bc32ea7737f5', '36a5e3eff091084750b0824d53aca151', 0, 2.00, 210.00, 0.00, 0.00, 420.00, 4, '2021-07-14 16:40:42', '2021-07-14'),
('ea07f5960e72de1a806e3d3763b5a392', '', '76cc0d76bec6a6e8233202afc8bdb688', 'baa661154ee9582abf982570b201298e', '4ba8477673d917d5fa8660a40025222b', 1, 2.00, 2.50, 0.00, 0.00, 5.00, 4, '2021-07-14 16:40:42', '2021-07-14'),
('6ea1f39b8bf2eb522f40053dd39688c4', '', '76cc0d76bec6a6e8233202afc8bdb688', 'baa661154ee9582abf982570b201298e', '15c0d0f968713bbf102ee0be564b709c', 1, 10.00, 3.00, 0.00, 0.00, 30.00, 4, '2021-07-14 16:40:42', '2021-07-14'),
('3e712bc10856a9e4f7fecdfd3f6bd9ba', '', '76cc0d76bec6a6e8233202afc8bdb688', 'baa661154ee9582abf982570b201298e', 'eb1acc4da2919d2881b64518ac215392', 1, 10.00, 5.00, 0.00, 0.00, 50.00, 4, '2021-07-14 16:40:42', '2021-07-14'),
('6c7be30c5f852143983e04189f1ec05d', '', '76cc0d76bec6a6e8233202afc8bdb688', 'baa661154ee9582abf982570b201298e', 'd30da45f5933bf9e7082c58964ef8d48', 0, 1.00, 140.00, 0.00, 0.00, 140.00, 4, '2021-07-14 16:40:42', '2021-07-14'),
('fadd01db2914ea017269ecbb830eddb3', '', '76cc0d76bec6a6e8233202afc8bdb688', 'baa661154ee9582abf982570b201298e', '1e9094269a9a451422cb769c6d80b91b', 0, 1.00, 158.00, 0.00, 0.00, 158.00, 4, '2021-07-14 16:40:42', '2021-07-14'),
('b7e005a367d834f1b731081a6b0cedcd', '', '76cc0d76bec6a6e8233202afc8bdb688', 'baa661154ee9582abf982570b201298e', '6d90c30cc59e39d6b01ab70d49406830', 0, 1.00, 75.00, 0.00, 0.00, 75.00, 4, '2021-07-14 16:40:42', '2021-07-14'),
('5173631cdd444d3b4e0c3c6b2584deb2', '', '76cc0d76bec6a6e8233202afc8bdb688', 'baa661154ee9582abf982570b201298e', '3fb13f78f8e5b00068798adffb5768c0', 1, 4.00, 3.00, 0.00, 0.00, 12.00, 4, '2021-07-14 16:40:42', '2021-07-14'),
('36430c198df0446b7c0e8cc1bedc49b6', '', '76cc0d76bec6a6e8233202afc8bdb688', 'baa661154ee9582abf982570b201298e', '4ba8477673d917d5fa8660a40025222b', 0, 16.00, 225.00, 0.00, 0.00, 3600.00, 4, '2021-07-14 16:40:42', '2021-07-14'),
('23b06a0cd3a6a1afc967bc3ac3b9041c', '', '76cc0d76bec6a6e8233202afc8bdb688', 'baa661154ee9582abf982570b201298e', '99c81349fc11e2cf2ed9e71e3bfd07f7', 1, 10.00, 3.00, 0.00, 0.00, 30.00, 4, '2021-07-14 16:40:42', '2021-07-14'),
('4940b9cdf22a45f3d3a5196a086bcdaa', 'a31a203cc3d8c5ce4a664a42c36ec119', '76cc0d76bec6a6e8233202afc8bdb688', 'baa661154ee9582abf982570b201298e', '4be27f694c872972dce6813f3d30498a', 0, 1.00, 140.00, 0.00, 0.00, 140.00, 1, '2021-07-14 16:47:35', '2021-07-14'),
('a1631eab10d87cc22c17e861028072f4', 'a31a203cc3d8c5ce4a664a42c36ec119', '76cc0d76bec6a6e8233202afc8bdb688', 'd583ed2bf0381b082922ec1b7f6abf70', '89b24d6796aa0be4a10858d5ec32e9c6', 0, 1.00, 176.00, 0.00, 0.00, 176.00, 1, '2021-07-14 16:47:35', '2021-07-14'),
('547adf42873553c1fe771849bc3fa4d6', 'a31a203cc3d8c5ce4a664a42c36ec119', '76cc0d76bec6a6e8233202afc8bdb688', '1be3842ece0b6fbab575bc32ea7737f5', '26e6566d8847bdeae62487c1b2a6bef5', 0, 2.00, 117.00, 0.00, 0.00, 234.00, 1, '2021-07-14 16:47:35', '2021-07-14'),
('d309ce7aeab988712da4306cfaeb2bbf', 'a31a203cc3d8c5ce4a664a42c36ec119', '76cc0d76bec6a6e8233202afc8bdb688', '1be3842ece0b6fbab575bc32ea7737f5', '36a5e3eff091084750b0824d53aca151', 0, 1.00, 210.00, 0.00, 0.00, 210.00, 1, '2021-07-14 16:47:35', '2021-07-14'),
('cf7c56a8122a8a5d1b555d6730ad0c3f', 'a31a203cc3d8c5ce4a664a42c36ec119', '76cc0d76bec6a6e8233202afc8bdb688', 'baa661154ee9582abf982570b201298e', '4f00419eb1e2b886a733526c76e33e47', 0, 1.00, 180.00, 0.00, 0.00, 180.00, 1, '2021-07-14 16:47:35', '2021-07-14'),
('88a36763a221786c6312a23386b42ea5', 'a31a203cc3d8c5ce4a664a42c36ec119', '76cc0d76bec6a6e8233202afc8bdb688', 'd583ed2bf0381b082922ec1b7f6abf70', 'd39f6f732213aba7d154ac474825117c', 0, 1.00, 32.00, 0.00, 0.00, 32.00, 1, '2021-07-14 16:47:35', '2021-07-14'),
('46f420d77f5fb10bba64d3a6c55c9ff4', 'a31a203cc3d8c5ce4a664a42c36ec119', '76cc0d76bec6a6e8233202afc8bdb688', '1be3842ece0b6fbab575bc32ea7737f5', '8fd0c3ba6c8b0e7280855a9bc4289f43', 0, 1.00, 216.00, 0.00, 0.00, 216.00, 1, '2021-07-14 16:47:35', '2021-07-14'),
('c0ac460ea5776f673e171393e9ad751c', 'a31a203cc3d8c5ce4a664a42c36ec119', '76cc0d76bec6a6e8233202afc8bdb688', '1be3842ece0b6fbab575bc32ea7737f5', '36a5e3eff091084750b0824d53aca151', 0, 2.00, 210.00, 0.00, 0.00, 420.00, 1, '2021-07-14 16:47:35', '2021-07-14'),
('4d1e196e6127df18bb79d8316668f759', 'a31a203cc3d8c5ce4a664a42c36ec119', '76cc0d76bec6a6e8233202afc8bdb688', 'baa661154ee9582abf982570b201298e', '1e9094269a9a451422cb769c6d80b91b', 0, 2.00, 158.00, 0.00, 0.00, 316.00, 1, '2021-07-14 16:47:35', '2021-07-14'),
('8980a7c7f381f11d663f37acd748f50d', 'a31a203cc3d8c5ce4a664a42c36ec119', '76cc0d76bec6a6e8233202afc8bdb688', 'baa661154ee9582abf982570b201298e', 'ec6d2557a790bf623c2b9c32e0291a62', 0, 1.00, 180.00, 0.00, 0.00, 180.00, 1, '2021-07-14 16:47:35', '2021-07-14'),
('03bc542a117f5ad5c81a465674e57bf6', 'a31a203cc3d8c5ce4a664a42c36ec119', '76cc0d76bec6a6e8233202afc8bdb688', 'baa661154ee9582abf982570b201298e', 'd5e3c3ca2fa1af39e184906818d7dab0', 0, 1.00, 218.00, 0.00, 0.00, 218.00, 1, '2021-07-14 16:47:35', '2021-07-14'),
('9bec3f22f57ced902d55ace49f0efd67', 'a31a203cc3d8c5ce4a664a42c36ec119', '76cc0d76bec6a6e8233202afc8bdb688', 'baa661154ee9582abf982570b201298e', 'd5e3c3ca2fa1af39e184906818d7dab0', 0, 4.00, 218.00, 0.00, 0.00, 872.00, 1, '2021-07-14 16:47:35', '2021-07-14'),
('96fdc0d617cca5818b6310e78d8a18e1', 'a31a203cc3d8c5ce4a664a42c36ec119', '76cc0d76bec6a6e8233202afc8bdb688', '1be3842ece0b6fbab575bc32ea7737f5', '36a5e3eff091084750b0824d53aca151', 0, 2.00, 210.00, 0.00, 0.00, 420.00, 1, '2021-07-14 16:47:35', '2021-07-14'),
('a93da7ec9b3948dd186b174493e47a5a', 'a31a203cc3d8c5ce4a664a42c36ec119', '76cc0d76bec6a6e8233202afc8bdb688', 'baa661154ee9582abf982570b201298e', '4ba8477673d917d5fa8660a40025222b', 1, 2.00, 2.50, 0.00, 0.00, 5.00, 1, '2021-07-14 16:47:35', '2021-07-14'),
('793b4e967d9c4533fd274014f5a7ccff', 'a31a203cc3d8c5ce4a664a42c36ec119', '76cc0d76bec6a6e8233202afc8bdb688', 'baa661154ee9582abf982570b201298e', '99c81349fc11e2cf2ed9e71e3bfd07f7', 1, 10.00, 3.00, 0.00, 0.00, 30.00, 1, '2021-07-14 16:47:35', '2021-07-14'),
('a2d99c18dd4eccd7cb6bc2ce37bee4fd', 'a31a203cc3d8c5ce4a664a42c36ec119', '76cc0d76bec6a6e8233202afc8bdb688', 'baa661154ee9582abf982570b201298e', 'eb1acc4da2919d2881b64518ac215392', 1, 10.00, 5.00, 0.00, 0.00, 50.00, 1, '2021-07-14 16:47:35', '2021-07-14'),
('ceb06736ca4c19688f47195b6182d508', 'a31a203cc3d8c5ce4a664a42c36ec119', '76cc0d76bec6a6e8233202afc8bdb688', 'baa661154ee9582abf982570b201298e', 'd30da45f5933bf9e7082c58964ef8d48', 0, 1.00, 140.00, 0.00, 0.00, 140.00, 1, '2021-07-14 16:47:35', '2021-07-14'),
('71d8349bce17eed2ca79b3c8b805c3b4', 'a31a203cc3d8c5ce4a664a42c36ec119', '76cc0d76bec6a6e8233202afc8bdb688', 'baa661154ee9582abf982570b201298e', '1e9094269a9a451422cb769c6d80b91b', 0, 1.00, 158.00, 0.00, 0.00, 158.00, 1, '2021-07-14 16:47:35', '2021-07-14'),
('a44d8fd7bcfa53ef3d47a30b78302601', 'a31a203cc3d8c5ce4a664a42c36ec119', '76cc0d76bec6a6e8233202afc8bdb688', 'baa661154ee9582abf982570b201298e', '6d90c30cc59e39d6b01ab70d49406830', 0, 1.00, 75.00, 0.00, 0.00, 75.00, 1, '2021-07-14 16:47:35', '2021-07-14'),
('936cf3ec54ca3226151ead4bca4782d7', 'a31a203cc3d8c5ce4a664a42c36ec119', '76cc0d76bec6a6e8233202afc8bdb688', 'baa661154ee9582abf982570b201298e', '3fb13f78f8e5b00068798adffb5768c0', 1, 4.00, 3.00, 0.00, 0.00, 12.00, 1, '2021-07-14 16:47:35', '2021-07-14'),
('7957960576462aa3a8cc348109879e38', 'a31a203cc3d8c5ce4a664a42c36ec119', '76cc0d76bec6a6e8233202afc8bdb688', 'baa661154ee9582abf982570b201298e', '4ba8477673d917d5fa8660a40025222b', 1, 16.00, 2.50, 0.00, 0.00, 40.00, 1, '2021-07-14 16:47:35', '2021-07-14'),
('fda9e7b54698d81a73c823e65b9be1b5', 'a31a203cc3d8c5ce4a664a42c36ec119', '76cc0d76bec6a6e8233202afc8bdb688', 'baa661154ee9582abf982570b201298e', '99c81349fc11e2cf2ed9e71e3bfd07f7', 1, 10.00, 3.00, 0.00, 0.00, 30.00, 1, '2021-07-14 16:47:35', '2021-07-14'),
('3b24d024017903eb99a2b00809f4a288', 'e8bf460d2e0b15207ab9957011151581', '76cc0d76bec6a6e8233202afc8bdb688', 'baa661154ee9582abf982570b201298e', '4ba8477673d917d5fa8660a40025222b', 1, 5.00, 2.50, 0.00, 0.00, 12.50, 1, '2021-07-14 18:28:50', '2021-07-14'),
('7b481cbd357f5a1db5a7375a8812b70e', 'e8bf460d2e0b15207ab9957011151581', '76cc0d76bec6a6e8233202afc8bdb688', 'baa661154ee9582abf982570b201298e', '4ba8477673d917d5fa8660a40025222b', 1, 16.00, 2.50, 0.00, 0.00, 40.00, 1, '2021-07-14 18:28:50', '2021-07-14'),
('ad75b8dc0d38e029e409df4d85b324ff', 'e8bf460d2e0b15207ab9957011151581', '76cc0d76bec6a6e8233202afc8bdb688', 'baa661154ee9582abf982570b201298e', 'ec6d2557a790bf623c2b9c32e0291a62', 0, 1.00, 180.00, 0.00, 0.00, 180.00, 1, '2021-07-14 18:28:50', '2021-07-14'),
('e938ca98e4e7281ce59a53a296623874', 'e8bf460d2e0b15207ab9957011151581', '76cc0d76bec6a6e8233202afc8bdb688', '1be3842ece0b6fbab575bc32ea7737f5', '36a5e3eff091084750b0824d53aca151', 0, 1.00, 210.00, 0.00, 0.00, 210.00, 1, '2021-07-14 18:28:50', '2021-07-14'),
('301578f5bd61718043c375b0ce74b91c', 'e8bf460d2e0b15207ab9957011151581', '76cc0d76bec6a6e8233202afc8bdb688', '1be3842ece0b6fbab575bc32ea7737f5', '36a5e3eff091084750b0824d53aca151', 0, 4.00, 210.00, 1.00, 4.00, 840.00, 1, '2021-07-14 18:28:50', '2021-07-14'),
('a61cd4dbf64c98cb879ffb401c31c6c6', 'e8bf460d2e0b15207ab9957011151581', '76cc0d76bec6a6e8233202afc8bdb688', '1be3842ece0b6fbab575bc32ea7737f5', '26e6566d8847bdeae62487c1b2a6bef5', 0, 7.00, 117.00, 1.00, 7.00, 819.00, 1, '2021-07-14 18:28:50', '2021-07-14'),
('83918289368dc7c3fa602694c7fac46b', 'e8bf460d2e0b15207ab9957011151581', '76cc0d76bec6a6e8233202afc8bdb688', '1be3842ece0b6fbab575bc32ea7737f5', '69f076d5498c2fa22c0750920a704449', 1, 40.00, 2.50, 0.00, 0.00, 100.00, 1, '2021-07-14 18:28:50', '2021-07-14'),
('b04accc1cc93c2476443df89935291cf', 'e8bf460d2e0b15207ab9957011151581', '76cc0d76bec6a6e8233202afc8bdb688', 'd583ed2bf0381b082922ec1b7f6abf70', '8be20f4f18f92c2dda918ef4daa95ea8', 0, 1.00, 50.00, 0.00, 0.00, 50.00, 1, '2021-07-14 18:28:50', '2021-07-14'),
('cafc39aa774aa2f9a60182663903ac34', '7074f9c42cc5ed7b3750ec9425611f30', '76cc0d76bec6a6e8233202afc8bdb688', '1be3842ece0b6fbab575bc32ea7737f5', '26e6566d8847bdeae62487c1b2a6bef5', 0, 1.00, 117.00, 0.00, 0.00, 117.00, 1, '2021-07-14 18:55:17', '2021-07-14'),
('9a661500c153bf02fc851f4c30113ab2', '381e54802006f4d44e2fc9d383ec1706', '76cc0d76bec6a6e8233202afc8bdb688', '1be3842ece0b6fbab575bc32ea7737f5', '36a5e3eff091084750b0824d53aca151', 0, 1.00, 210.00, 0.00, 0.00, 210.00, 1, '2021-07-14 20:24:22', '2021-07-14'),
('ac77fd76e0ed45d8e72fe0bf97fe3a22', '4f23447e3dded054a3463e63be93509c', '76cc0d76bec6a6e8233202afc8bdb688', 'fb85aee11e7190e586d2422f24a604e6', 'e42b5938a9f505fc3733d5d1f4d86b75', 0, 2.00, 70.00, 0.00, 0.00, 140.00, 1, '2021-07-14 20:26:00', '2021-07-14'),
('ef807ae266394d2d5ae1ce62c02c3244', '719c9a5b222609dabfc9cb6e9639bd58', '76cc0d76bec6a6e8233202afc8bdb688', '1be3842ece0b6fbab575bc32ea7737f5', '26e6566d8847bdeae62487c1b2a6bef5', 0, 4.00, 117.00, 0.00, 0.00, 468.00, 1, '2021-07-14 20:51:41', '2021-07-14'),
('6581775743379fe1a6497a3d073e53a8', '719c9a5b222609dabfc9cb6e9639bd58', '76cc0d76bec6a6e8233202afc8bdb688', '1be3842ece0b6fbab575bc32ea7737f5', '36a5e3eff091084750b0824d53aca151', 0, 2.00, 210.00, 0.00, 0.00, 420.00, 1, '2021-07-14 20:51:41', '2021-07-14'),
('740a885ffc330892db981ccd85102b45', '719c9a5b222609dabfc9cb6e9639bd58', '76cc0d76bec6a6e8233202afc8bdb688', '1be3842ece0b6fbab575bc32ea7737f5', '8fd0c3ba6c8b0e7280855a9bc4289f43', 0, 5.00, 216.00, 0.00, 0.00, 1080.00, 1, '2021-07-14 20:51:41', '2021-07-14'),
('609940e446b26047c10f6e4dfd340caa', '2f21bb12221746dc6245b86193daa977', '76cc0d76bec6a6e8233202afc8bdb688', 'fb85aee11e7190e586d2422f24a604e6', 'f39504e1768f6205c43f135a0e9e8b55', 0, 17.00, 60.00, 0.00, 0.00, 1020.00, 1, '2021-07-17 00:05:51', '2021-07-16'),
('94fc70e491883e5b5c6c34a9070e7a59', '2f21bb12221746dc6245b86193daa977', '76cc0d76bec6a6e8233202afc8bdb688', 'fb85aee11e7190e586d2422f24a604e6', 'd7578c13b1ac91dc2d1379821f9e4fb1', 0, 34.00, 74.00, 0.00, 0.00, 2516.00, 1, '2021-07-17 00:05:51', '2021-07-16'),
('58ed2f842a7b6c5ff581267b00d1c4c5', '2f21bb12221746dc6245b86193daa977', '76cc0d76bec6a6e8233202afc8bdb688', 'fb85aee11e7190e586d2422f24a604e6', 'e42b5938a9f505fc3733d5d1f4d86b75', 0, 47.00, 70.00, 0.00, 0.00, 3290.00, 1, '2021-07-17 00:05:51', '2021-07-16'),
('9e1461fbd27a86e18bce935047e2ff26', '2f21bb12221746dc6245b86193daa977', '76cc0d76bec6a6e8233202afc8bdb688', 'fb85aee11e7190e586d2422f24a604e6', '1b452a24794ecabd0b0298df04ac6b7e', 0, 12.00, 73.00, 0.00, 0.00, 876.00, 1, '2021-07-17 00:05:51', '2021-07-16'),
('f2ea5afe691d901d6327736566917554', '2f21bb12221746dc6245b86193daa977', '76cc0d76bec6a6e8233202afc8bdb688', 'fb85aee11e7190e586d2422f24a604e6', '83d548b152a44995e5a4d878d73428a0', 0, 6.00, 68.00, 0.00, 0.00, 408.00, 1, '2021-07-17 00:05:51', '2021-07-16'),
('93642cc6dd5046ca1fff81b146795c38', '2f21bb12221746dc6245b86193daa977', '76cc0d76bec6a6e8233202afc8bdb688', 'fb85aee11e7190e586d2422f24a604e6', '9ba592041ff36687d2317fba8d844cb6', 0, 3.00, 30.00, 0.00, 0.00, 90.00, 1, '2021-07-17 00:05:51', '2021-07-16'),
('b232039ff497d383a98342b033e76138', '2f21bb12221746dc6245b86193daa977', '76cc0d76bec6a6e8233202afc8bdb688', 'fb85aee11e7190e586d2422f24a604e6', 'c2ca56faa87067619d5417f56c6e1d4d', 0, 18.00, 20.00, 0.00, 0.00, 360.00, 1, '2021-07-17 00:05:51', '2021-07-16'),
('2c977a3ccbb9540d9d2bf35353c6b79a', '2f21bb12221746dc6245b86193daa977', '76cc0d76bec6a6e8233202afc8bdb688', 'fb85aee11e7190e586d2422f24a604e6', '9969f7a5c6032acbfc8d6631b04b4941', 0, 3.00, 20.00, 0.00, 0.00, 60.00, 1, '2021-07-17 00:05:51', '2021-07-16'),
('cd82ae4939bb079dfae7922a03715011', '2f21bb12221746dc6245b86193daa977', '76cc0d76bec6a6e8233202afc8bdb688', 'fb85aee11e7190e586d2422f24a604e6', '532cc0b3709ba52694d3694272370552', 0, 1.00, 30.00, 0.00, 0.00, 30.00, 1, '2021-07-17 00:05:51', '2021-07-16'),
('e60dd41e109fd667d5a997aaae859f09', '2f21bb12221746dc6245b86193daa977', '76cc0d76bec6a6e8233202afc8bdb688', 'fb85aee11e7190e586d2422f24a604e6', '41af66ca7433384290782621a3b22afb', 0, 6.00, 60.00, 0.00, 0.00, 360.00, 1, '2021-07-17 00:05:51', '2021-07-16'),
('9959b40e7217e56469e1957cb3ed62a2', '2f21bb12221746dc6245b86193daa977', '76cc0d76bec6a6e8233202afc8bdb688', 'fb85aee11e7190e586d2422f24a604e6', 'e27a1cdfcec5e74a56cfa4d00907cf2c', 0, 2.00, 50.00, 0.00, 0.00, 100.00, 1, '2021-07-17 00:05:51', '2021-07-16'),
('c3300ba1fa497cfed9defec194ab0920', '2f21bb12221746dc6245b86193daa977', '76cc0d76bec6a6e8233202afc8bdb688', 'fb85aee11e7190e586d2422f24a604e6', '22b7c3e00f1c4be3db35d60b5260534b', 0, 4.00, 25.00, 0.00, 0.00, 100.00, 1, '2021-07-17 00:05:51', '2021-07-16'),
('84b4d6f1a733d52487326750b97494eb', '8c85bebfac1307244ce3e3ead5430e40', '76cc0d76bec6a6e8233202afc8bdb688', '1be3842ece0b6fbab575bc32ea7737f5', '8fd0c3ba6c8b0e7280855a9bc4289f43', 0, 1.00, 216.00, 0.00, 0.00, 216.00, 1, '2021-07-17 00:28:39', '2021-07-16'),
('654cb9ca4974ec0c093da59ca49787a8', '8c85bebfac1307244ce3e3ead5430e40', '76cc0d76bec6a6e8233202afc8bdb688', '1be3842ece0b6fbab575bc32ea7737f5', '36a5e3eff091084750b0824d53aca151', 0, 2.00, 210.00, 0.00, 0.00, 420.00, 1, '2021-07-17 00:28:39', '2021-07-16'),
('a90a57dfb3a5790fe041f95d4cf40c66', '8c85bebfac1307244ce3e3ead5430e40', '76cc0d76bec6a6e8233202afc8bdb688', 'baa661154ee9582abf982570b201298e', '57027c3685ed14d169d91cd18bf69111', 0, 1.00, 185.00, 0.00, 0.00, 185.00, 1, '2021-07-17 00:28:39', '2021-07-16'),
('72301ed7c5af7671b74d17c23052ae3e', '8c85bebfac1307244ce3e3ead5430e40', '76cc0d76bec6a6e8233202afc8bdb688', 'baa661154ee9582abf982570b201298e', 'eb1acc4da2919d2881b64518ac215392', 1, 1.00, 5.00, 0.00, 0.00, 5.00, 1, '2021-07-17 00:28:39', '2021-07-16'),
('709cf66f6a74877d03bbfb6e3c6ae60a', '8c85bebfac1307244ce3e3ead5430e40', '76cc0d76bec6a6e8233202afc8bdb688', '1be3842ece0b6fbab575bc32ea7737f5', '714ad6bfe88321790732292aae8dcf80', 0, 1.00, 120.00, 0.00, 0.00, 120.00, 1, '2021-07-17 00:28:39', '2021-07-16'),
('a422349f5e955e4890e60195cd3fe38f', '8c85bebfac1307244ce3e3ead5430e40', '76cc0d76bec6a6e8233202afc8bdb688', 'baa661154ee9582abf982570b201298e', '6d90c30cc59e39d6b01ab70d49406830', 0, 1.00, 75.00, 0.00, 0.00, 75.00, 1, '2021-07-17 00:28:39', '2021-07-16'),
('34df091807d35f339df6fa24ae651b60', '8c85bebfac1307244ce3e3ead5430e40', '76cc0d76bec6a6e8233202afc8bdb688', 'd583ed2bf0381b082922ec1b7f6abf70', '60519158503c2540c9b2f8800d7fb0dc', 0, 1.00, 35.00, 0.00, 0.00, 35.00, 1, '2021-07-17 00:28:39', '2021-07-16'),
('f9ad75dc1e450394fa3cbfbd6e479740', '8c85bebfac1307244ce3e3ead5430e40', '76cc0d76bec6a6e8233202afc8bdb688', 'd583ed2bf0381b082922ec1b7f6abf70', '1cf900409b444cb2463df367bb3fd99c', 0, 1.00, 125.00, 0.00, 0.00, 125.00, 1, '2021-07-17 00:28:39', '2021-07-16'),
('959e10c1ad6bf955cd4184a0fe5b84ae', '8c85bebfac1307244ce3e3ead5430e40', '76cc0d76bec6a6e8233202afc8bdb688', 'baa661154ee9582abf982570b201298e', 'd5e3c3ca2fa1af39e184906818d7dab0', 0, 1.00, 218.00, 0.00, 0.00, 218.00, 1, '2021-07-17 00:28:39', '2021-07-16'),
('17515f9f8a784bd7dc6eceea7da89962', '8c85bebfac1307244ce3e3ead5430e40', '76cc0d76bec6a6e8233202afc8bdb688', 'baa661154ee9582abf982570b201298e', '6d90c30cc59e39d6b01ab70d49406830', 0, 2.00, 75.00, 0.00, 0.00, 150.00, 1, '2021-07-17 00:28:39', '2021-07-16'),
('ccd09a8f55e723432a92570b718ecc6f', '8c85bebfac1307244ce3e3ead5430e40', '76cc0d76bec6a6e8233202afc8bdb688', '1be3842ece0b6fbab575bc32ea7737f5', '8fd0c3ba6c8b0e7280855a9bc4289f43', 0, 1.00, 216.00, 0.00, 0.00, 216.00, 1, '2021-07-17 00:28:39', '2021-07-16'),
('b15e2deece25b5c89e35a6b58c575042', '8c85bebfac1307244ce3e3ead5430e40', '76cc0d76bec6a6e8233202afc8bdb688', '1be3842ece0b6fbab575bc32ea7737f5', '36a5e3eff091084750b0824d53aca151', 0, 1.00, 210.00, 0.00, 0.00, 210.00, 1, '2021-07-17 00:28:39', '2021-07-16'),
('2bc93f1ad8b4f258e1df345008a667ee', '8c85bebfac1307244ce3e3ead5430e40', '76cc0d76bec6a6e8233202afc8bdb688', 'd583ed2bf0381b082922ec1b7f6abf70', '8be20f4f18f92c2dda918ef4daa95ea8', 0, 1.00, 50.00, 0.00, 0.00, 50.00, 1, '2021-07-17 00:28:39', '2021-07-16'),
('357c61224be94445e6a96e04c75e9567', '8c85bebfac1307244ce3e3ead5430e40', '76cc0d76bec6a6e8233202afc8bdb688', 'baa661154ee9582abf982570b201298e', '99c81349fc11e2cf2ed9e71e3bfd07f7', 0, 1.00, 245.00, 0.00, 0.00, 245.00, 1, '2021-07-17 00:28:39', '2021-07-16'),
('cb8df343d934b7280ad529dc4b335f78', '8c85bebfac1307244ce3e3ead5430e40', '76cc0d76bec6a6e8233202afc8bdb688', 'baa661154ee9582abf982570b201298e', 'd5e3c3ca2fa1af39e184906818d7dab0', 0, 1.00, 218.00, 0.00, 0.00, 218.00, 1, '2021-07-17 00:28:39', '2021-07-16');
INSERT INTO `detalle_factura` (`codigo_detalle`, `codigo_factura`, `codigo_usuario`, `codigo_categoria`, `codigo_producto`, `tipo`, `cantidad`, `precio`, `descuento`, `general`, `subtotal`, `estado`, `hora`, `fecha`) VALUES
('c56dcb4d75165ffa517015b80956a708', '8c85bebfac1307244ce3e3ead5430e40', '76cc0d76bec6a6e8233202afc8bdb688', 'baa661154ee9582abf982570b201298e', 'eaa73d829fd28bfeac958e0050f5b839', 0, 5.00, 160.00, 0.00, 0.00, 800.00, 1, '2021-07-17 00:28:39', '2021-07-16'),
('84418402b3739c13ae5116cf43d8b339', '8c85bebfac1307244ce3e3ead5430e40', '76cc0d76bec6a6e8233202afc8bdb688', 'baa661154ee9582abf982570b201298e', '1e9094269a9a451422cb769c6d80b91b', 0, 1.00, 158.00, 0.00, 0.00, 158.00, 1, '2021-07-17 00:28:39', '2021-07-16'),
('0c9ecf0c521fb18c39bdb9229bd14060', '8c85bebfac1307244ce3e3ead5430e40', '76cc0d76bec6a6e8233202afc8bdb688', 'd583ed2bf0381b082922ec1b7f6abf70', '89b24d6796aa0be4a10858d5ec32e9c6', 0, 1.00, 176.00, 0.00, 0.00, 176.00, 1, '2021-07-17 00:28:39', '2021-07-16'),
('381212eb0d3f2101f9028d7b2fbe9ec4', '8c85bebfac1307244ce3e3ead5430e40', '76cc0d76bec6a6e8233202afc8bdb688', 'baa661154ee9582abf982570b201298e', 'eaa73d829fd28bfeac958e0050f5b839', 0, 2.00, 160.00, 0.00, 0.00, 320.00, 1, '2021-07-17 00:28:39', '2021-07-16'),
('95c047282eff9d14c6458b67d63522fa', '8c85bebfac1307244ce3e3ead5430e40', '76cc0d76bec6a6e8233202afc8bdb688', 'baa661154ee9582abf982570b201298e', 'eaa73d829fd28bfeac958e0050f5b839', 0, 1.00, 160.00, 0.00, 0.00, 160.00, 1, '2021-07-17 00:28:39', '2021-07-16'),
('48a47e335b95392ccf5c2b5fcfd70c1b', '8c85bebfac1307244ce3e3ead5430e40', '76cc0d76bec6a6e8233202afc8bdb688', '1be3842ece0b6fbab575bc32ea7737f5', '36a5e3eff091084750b0824d53aca151', 0, 1.00, 210.00, 0.00, 0.00, 210.00, 1, '2021-07-17 00:28:39', '2021-07-16'),
('471a2dfbcb02c863e1791f84c0ac7ca9', '8c85bebfac1307244ce3e3ead5430e40', '76cc0d76bec6a6e8233202afc8bdb688', '1be3842ece0b6fbab575bc32ea7737f5', '69f076d5498c2fa22c0750920a704449', 0, 1.00, 216.00, 0.00, 0.00, 216.00, 1, '2021-07-17 00:28:39', '2021-07-16'),
('61b3564bb7cabedf7c2e5d5c8f3d4788', '8c85bebfac1307244ce3e3ead5430e40', '76cc0d76bec6a6e8233202afc8bdb688', 'd583ed2bf0381b082922ec1b7f6abf70', '18ea44856685650a6ab1bcd137345b37', 0, 1.00, 105.00, 0.00, 0.00, 105.00, 1, '2021-07-17 00:28:39', '2021-07-16'),
('c66b93d6c5541b829ca9b4290da338f0', '8c85bebfac1307244ce3e3ead5430e40', '76cc0d76bec6a6e8233202afc8bdb688', 'baa661154ee9582abf982570b201298e', '4ba8477673d917d5fa8660a40025222b', 1, 12.00, 2.50, 0.00, 0.00, 30.00, 1, '2021-07-17 00:28:39', '2021-07-16'),
('e2b7fbc54cbaad9b5d58cda7fbb78505', '8c85bebfac1307244ce3e3ead5430e40', '76cc0d76bec6a6e8233202afc8bdb688', 'baa661154ee9582abf982570b201298e', '4ba8477673d917d5fa8660a40025222b', 0, 1.00, 225.00, 0.00, 0.00, 225.00, 1, '2021-07-17 00:28:39', '2021-07-16'),
('493d503d23a3f51d33a7a915054009c0', '8c85bebfac1307244ce3e3ead5430e40', '76cc0d76bec6a6e8233202afc8bdb688', 'baa661154ee9582abf982570b201298e', 'eaa73d829fd28bfeac958e0050f5b839', 0, 1.00, 160.00, 0.00, 0.00, 160.00, 1, '2021-07-17 00:28:39', '2021-07-16'),
('11d02325e1c0b01c6dc391769bcb90c5', '8c85bebfac1307244ce3e3ead5430e40', '76cc0d76bec6a6e8233202afc8bdb688', 'baa661154ee9582abf982570b201298e', 'eaa73d829fd28bfeac958e0050f5b839', 0, 2.00, 160.00, 0.00, 0.00, 320.00, 1, '2021-07-17 00:28:39', '2021-07-16'),
('645b86c044392e37c47e704f2af1ee98', '8c85bebfac1307244ce3e3ead5430e40', '76cc0d76bec6a6e8233202afc8bdb688', 'baa661154ee9582abf982570b201298e', '4be27f694c872972dce6813f3d30498a', 0, 1.00, 140.00, 0.00, 0.00, 140.00, 1, '2021-07-17 00:28:39', '2021-07-16'),
('08afabfe22f18b912e34c35a183b7a8e', '8c85bebfac1307244ce3e3ead5430e40', '76cc0d76bec6a6e8233202afc8bdb688', 'baa661154ee9582abf982570b201298e', '1e9094269a9a451422cb769c6d80b91b', 0, 3.00, 158.00, 0.00, 0.00, 474.00, 1, '2021-07-17 00:28:39', '2021-07-16'),
('d552b4b9244c1f07058d7672c47ca6ff', '8c85bebfac1307244ce3e3ead5430e40', '76cc0d76bec6a6e8233202afc8bdb688', 'baa661154ee9582abf982570b201298e', 'df9466b5ce80645800085a22eabe89c3', 0, 1.00, 220.00, 0.00, 0.00, 220.00, 1, '2021-07-17 00:28:39', '2021-07-16'),
('14e4dd1ef439a98541b186a00142771c', '8c85bebfac1307244ce3e3ead5430e40', '76cc0d76bec6a6e8233202afc8bdb688', 'baa661154ee9582abf982570b201298e', 'ec6d2557a790bf623c2b9c32e0291a62', 0, 2.00, 180.00, 0.00, 0.00, 360.00, 1, '2021-07-17 00:28:39', '2021-07-16'),
('3670b9f33db0fcabcd747864a0751a56', '8c85bebfac1307244ce3e3ead5430e40', '76cc0d76bec6a6e8233202afc8bdb688', 'd583ed2bf0381b082922ec1b7f6abf70', '8be20f4f18f92c2dda918ef4daa95ea8', 0, 2.00, 50.00, 0.00, 0.00, 100.00, 1, '2021-07-17 00:28:39', '2021-07-16'),
('3a85810d48186e6f69367fef34a1ce57', '8c85bebfac1307244ce3e3ead5430e40', '76cc0d76bec6a6e8233202afc8bdb688', 'baa661154ee9582abf982570b201298e', '4ba8477673d917d5fa8660a40025222b', 0, 1.00, 225.00, 0.00, 0.00, 225.00, 1, '2021-07-17 00:28:39', '2021-07-16'),
('90ee162f573489ecb4bc2f277010bd74', '8c85bebfac1307244ce3e3ead5430e40', '76cc0d76bec6a6e8233202afc8bdb688', '1be3842ece0b6fbab575bc32ea7737f5', '36a5e3eff091084750b0824d53aca151', 0, 11.00, 210.00, 0.00, 0.00, 2310.00, 1, '2021-07-17 00:28:39', '2021-07-16'),
('2c0e2c695d3561e02af486e81d40291a', '8c85bebfac1307244ce3e3ead5430e40', '76cc0d76bec6a6e8233202afc8bdb688', '1be3842ece0b6fbab575bc32ea7737f5', '8fd0c3ba6c8b0e7280855a9bc4289f43', 0, 10.00, 216.00, 0.00, 0.00, 2160.00, 1, '2021-07-17 00:28:39', '2021-07-16'),
('37810f6abab83b499c994172985ab30b', '8c85bebfac1307244ce3e3ead5430e40', '76cc0d76bec6a6e8233202afc8bdb688', '1be3842ece0b6fbab575bc32ea7737f5', '26e6566d8847bdeae62487c1b2a6bef5', 0, 6.00, 117.00, 0.00, 0.00, 702.00, 1, '2021-07-17 00:28:39', '2021-07-16'),
('fa8dbad04051aa08f87a7411bdb95fc0', '8c85bebfac1307244ce3e3ead5430e40', '76cc0d76bec6a6e8233202afc8bdb688', 'baa661154ee9582abf982570b201298e', '6d90c30cc59e39d6b01ab70d49406830', 0, 7.00, 75.00, 0.00, 0.00, 525.00, 1, '2021-07-17 00:28:39', '2021-07-16'),
('cd712c6994a0e1764022698feb10c40d', '8c85bebfac1307244ce3e3ead5430e40', '76cc0d76bec6a6e8233202afc8bdb688', 'baa661154ee9582abf982570b201298e', 'eaa73d829fd28bfeac958e0050f5b839', 0, 1.00, 160.00, 0.00, 0.00, 160.00, 1, '2021-07-17 00:28:39', '2021-07-16'),
('ac3f348b9e9e9085586328b9a039fd8a', '8c85bebfac1307244ce3e3ead5430e40', '76cc0d76bec6a6e8233202afc8bdb688', 'baa661154ee9582abf982570b201298e', '4ba8477673d917d5fa8660a40025222b', 0, 2.00, 225.00, 0.00, 0.00, 450.00, 1, '2021-07-17 00:28:39', '2021-07-16'),
('bbeb7f8e03be068f5f1360bf1ff1f99c', '8c85bebfac1307244ce3e3ead5430e40', '76cc0d76bec6a6e8233202afc8bdb688', 'baa661154ee9582abf982570b201298e', '4ba8477673d917d5fa8660a40025222b', 1, 6.00, 2.50, 0.00, 0.00, 15.00, 1, '2021-07-17 00:28:39', '2021-07-16'),
('127c5c83fcad1905eb7c2d18a915e5fc', 'bef7faef6fff11b8dd58990fc7317bb5', '76cc0d76bec6a6e8233202afc8bdb688', 'fb85aee11e7190e586d2422f24a604e6', 'f39504e1768f6205c43f135a0e9e8b55', 0, 3.00, 60.00, 0.00, 0.00, 180.00, 1, '2021-07-17 00:31:24', '2021-07-16'),
('b30a4c28fd6e64da1540ea0391c51d1b', 'f0170b3ed916a3a9cadc50d3ff75e375', '76cc0d76bec6a6e8233202afc8bdb688', 'fb85aee11e7190e586d2422f24a604e6', 'e42b5938a9f505fc3733d5d1f4d86b75', 0, 6.00, 70.00, 0.00, 0.00, 420.00, 1, '2021-07-17 00:35:25', '2021-07-16'),
('fa9b357d682bd9b9f9e106d0a5c2fda0', 'f0170b3ed916a3a9cadc50d3ff75e375', '76cc0d76bec6a6e8233202afc8bdb688', 'fb85aee11e7190e586d2422f24a604e6', 'e42b5938a9f505fc3733d5d1f4d86b75', 0, 21.00, 70.00, 0.00, 0.00, 1470.00, 1, '2021-07-17 00:35:25', '2021-07-16'),
('09c837c797f65b31460835915a11c1db', 'f0170b3ed916a3a9cadc50d3ff75e375', '76cc0d76bec6a6e8233202afc8bdb688', 'fb85aee11e7190e586d2422f24a604e6', 'd7578c13b1ac91dc2d1379821f9e4fb1', 0, 10.00, 74.00, 0.00, 0.00, 740.00, 1, '2021-07-17 00:35:25', '2021-07-16'),
('8331e101ee3b593a62d846b519590da7', 'f0170b3ed916a3a9cadc50d3ff75e375', '76cc0d76bec6a6e8233202afc8bdb688', 'fb85aee11e7190e586d2422f24a604e6', 'f39504e1768f6205c43f135a0e9e8b55', 0, 2.00, 60.00, 0.00, 0.00, 120.00, 1, '2021-07-17 00:35:25', '2021-07-16'),
('97cdd7e99049253b3950c61696f245ee', 'f0170b3ed916a3a9cadc50d3ff75e375', '76cc0d76bec6a6e8233202afc8bdb688', 'fb85aee11e7190e586d2422f24a604e6', 'c2ca56faa87067619d5417f56c6e1d4d', 0, 1.00, 20.00, 0.00, 0.00, 20.00, 1, '2021-07-17 00:35:25', '2021-07-16'),
('a207d075881fcc7834d026e9bcd979a9', 'f0170b3ed916a3a9cadc50d3ff75e375', '76cc0d76bec6a6e8233202afc8bdb688', 'fb85aee11e7190e586d2422f24a604e6', '9969f7a5c6032acbfc8d6631b04b4941', 0, 1.00, 20.00, 0.00, 0.00, 20.00, 1, '2021-07-17 00:35:25', '2021-07-16'),
('d6ad9365df8170213e5bf313ad080759', '88bccc56df42c7a0ff7c4c3c5131e635', 'fac9173ebc681c18e432158195adb3b4', '1be3842ece0b6fbab575bc32ea7737f5', '714ad6bfe88321790732292aae8dcf80', 0, 1.00, 120.00, 0.00, 0.00, 120.00, 1, '2021-07-17 13:53:18', '2021-07-17'),
('1095f5a32e4c4dba7653e28df951929d', '88bccc56df42c7a0ff7c4c3c5131e635', 'fac9173ebc681c18e432158195adb3b4', '1be3842ece0b6fbab575bc32ea7737f5', '8fd0c3ba6c8b0e7280855a9bc4289f43', 0, 1.00, 216.00, 0.00, 0.00, 216.00, 1, '2021-07-17 13:53:18', '2021-07-17'),
('cc5d5f121c682bc7821e932a04bf656e', '59643f4819f1b3724a235ced4d816a65', 'fac9173ebc681c18e432158195adb3b4', '1be3842ece0b6fbab575bc32ea7737f5', '36a5e3eff091084750b0824d53aca151', 0, 1.00, 210.00, 0.00, 0.00, 210.00, 1, '2021-07-17 14:01:15', '2021-07-17'),
('647aad1100fc19521078f5aed0e67e5d', '59643f4819f1b3724a235ced4d816a65', 'fac9173ebc681c18e432158195adb3b4', '1be3842ece0b6fbab575bc32ea7737f5', '69f076d5498c2fa22c0750920a704449', 0, 1.00, 216.00, 0.00, 0.00, 216.00, 1, '2021-07-17 14:01:15', '2021-07-17'),
('43a86bb612804d9162b7d625bc1dda45', '59643f4819f1b3724a235ced4d816a65', 'fac9173ebc681c18e432158195adb3b4', '1be3842ece0b6fbab575bc32ea7737f5', '26e6566d8847bdeae62487c1b2a6bef5', 0, 1.00, 117.00, 0.00, 0.00, 117.00, 1, '2021-07-17 14:01:15', '2021-07-17'),
('caf7cd226c8ce91dfbf5c164dfbf997d', '80e4cd9a2eabb308ae8be74cb221988e', 'fac9173ebc681c18e432158195adb3b4', 'baa661154ee9582abf982570b201298e', '4ba8477673d917d5fa8660a40025222b', 0, 1.00, 225.00, 0.00, 0.00, 225.00, 1, '2021-07-17 14:28:48', '2021-07-17'),
('03049cc03fbe0bdb131c488aee150bdd', '80e4cd9a2eabb308ae8be74cb221988e', 'fac9173ebc681c18e432158195adb3b4', 'baa661154ee9582abf982570b201298e', '4be27f694c872972dce6813f3d30498a', 0, 1.00, 140.00, 0.00, 0.00, 140.00, 1, '2021-07-17 14:28:48', '2021-07-17'),
('8f568f0ebf7e181885afcb9c11f0b471', '', 'fac9173ebc681c18e432158195adb3b4', '1be3842ece0b6fbab575bc32ea7737f5', '36a5e3eff091084750b0824d53aca151', 1, 1.00, 2.50, 0.00, 0.00, 2.50, 5, '2021-07-17 14:59:54', '2021-07-17'),
('b1b6f73b94cf0a07d61ecbec820e11ed', 'f9fa86b2229e680a354b7288514eef60', 'fac9173ebc681c18e432158195adb3b4', '1be3842ece0b6fbab575bc32ea7737f5', '36a5e3eff091084750b0824d53aca151', 0, 1.00, 210.00, 0.00, 0.00, 210.00, 1, '2021-07-17 15:00:45', '2021-07-17'),
('5696f3d43cc01c4aa7a2a2ad9ddbbf6e', 'f9fa86b2229e680a354b7288514eef60', 'fac9173ebc681c18e432158195adb3b4', '1be3842ece0b6fbab575bc32ea7737f5', '69f076d5498c2fa22c0750920a704449', 0, 1.00, 216.00, 0.00, 0.00, 216.00, 1, '2021-07-17 15:00:45', '2021-07-17'),
('0fb0e35657b9ad19930402668e4c55c4', 'b5dc3cab39af32040534faccd6e7c914', 'fac9173ebc681c18e432158195adb3b4', 'fb85aee11e7190e586d2422f24a604e6', 'e42b5938a9f505fc3733d5d1f4d86b75', 0, 2.00, 70.00, 0.00, 0.00, 140.00, 1, '2021-07-17 15:31:03', '2021-07-17'),
('526d657fa5b55fd5ddc11369aff3c123', '31b735f511881cc643ac169b93826a0f', 'fac9173ebc681c18e432158195adb3b4', '1be3842ece0b6fbab575bc32ea7737f5', '2d193486b66012bc87df5856871c9301', 0, 3.00, 213.00, 2.00, 6.00, 639.00, 0, '2021-07-17 16:40:05', '2021-07-17'),
('66a94bf8aaf24e0e4f510483a2e426d7', '31b735f511881cc643ac169b93826a0f', 'fac9173ebc681c18e432158195adb3b4', '1be3842ece0b6fbab575bc32ea7737f5', '69f076d5498c2fa22c0750920a704449', 0, 3.00, 216.00, 2.00, 6.00, 648.00, 0, '2021-07-17 16:40:05', '2021-07-17'),
('60ae8880d50a2090d3b5084191f6871b', '31b735f511881cc643ac169b93826a0f', 'fac9173ebc681c18e432158195adb3b4', '1be3842ece0b6fbab575bc32ea7737f5', '26e6566d8847bdeae62487c1b2a6bef5', 0, 1.00, 117.00, 2.00, 2.00, 117.00, 0, '2021-07-17 16:40:05', '2021-07-17'),
('b634026fa0631d1b485a3c1ba8751814', 'b38229b85ce95c7546957e7ab9096c94', 'fac9173ebc681c18e432158195adb3b4', '1be3842ece0b6fbab575bc32ea7737f5', '36a5e3eff091084750b0824d53aca151', 0, 3.00, 210.00, 2.00, 6.00, 630.00, 1, '2021-07-17 16:41:08', '2021-07-17'),
('87d0edbea77b1eb190e6d2b1f21e32bd', 'b38229b85ce95c7546957e7ab9096c94', 'fac9173ebc681c18e432158195adb3b4', '1be3842ece0b6fbab575bc32ea7737f5', '69f076d5498c2fa22c0750920a704449', 0, 3.00, 216.00, 2.00, 6.00, 648.00, 1, '2021-07-17 16:41:08', '2021-07-17'),
('566924a52b2a380afc94eb3d90ae26c1', 'b38229b85ce95c7546957e7ab9096c94', 'fac9173ebc681c18e432158195adb3b4', '1be3842ece0b6fbab575bc32ea7737f5', '26e6566d8847bdeae62487c1b2a6bef5', 0, 1.00, 117.00, 2.00, 2.00, 117.00, 1, '2021-07-17 16:41:08', '2021-07-17'),
('d5125b1748d0c677aea25acbfa7f6477', '0ae9056dcb9187b1575519865e517420', 'fac9173ebc681c18e432158195adb3b4', 'baa661154ee9582abf982570b201298e', 'd8c6e93517459f22f94e0b11f7bf04bd', 0, 1.00, 15.00, 0.00, 0.00, 15.00, 1, '2021-07-17 16:42:23', '2021-07-17'),
('45633b26c508bc1eb3a7f68f0a026818', '21c93bf1f554c450e376afb2d6017f3c', 'fac9173ebc681c18e432158195adb3b4', 'baa661154ee9582abf982570b201298e', 'ec6d2557a790bf623c2b9c32e0291a62', 0, 1.00, 180.00, 0.00, 0.00, 180.00, 1, '2021-07-17 16:58:16', '2021-07-17'),
('1f7c978dd66601c3d4033d05aa7a203b', '', 'fac9173ebc681c18e432158195adb3b4', 'baa661154ee9582abf982570b201298e', 'eaa73d829fd28bfeac958e0050f5b839', 0, 1.00, 160.00, 0.00, 0.00, 160.00, 4, '2021-07-17 17:10:11', '2021-07-17'),
('12c35a4ee22640bbed3383d69091fdf5', 'a1a21dce0d267e78b0245a84b7946d1e', 'fac9173ebc681c18e432158195adb3b4', '1be3842ece0b6fbab575bc32ea7737f5', '26e6566d8847bdeae62487c1b2a6bef5', 0, 5.00, 117.00, 1.00, 5.00, 585.00, 1, '2021-07-17 19:26:05', '2021-07-17'),
('2c4969b803d78a26c86393e94cffc840', 'a1a21dce0d267e78b0245a84b7946d1e', 'fac9173ebc681c18e432158195adb3b4', '1be3842ece0b6fbab575bc32ea7737f5', '36a5e3eff091084750b0824d53aca151', 0, 4.00, 210.00, 1.00, 4.00, 840.00, 1, '2021-07-17 19:26:05', '2021-07-17'),
('7fa4a8336d6c78c4b557d44a39eeb622', '6b5c5870de5c871423fb3f3916f8f18d', 'fac9173ebc681c18e432158195adb3b4', 'baa661154ee9582abf982570b201298e', 'eaa73d829fd28bfeac958e0050f5b839', 0, 3.00, 160.00, 0.00, 0.00, 480.00, 1, '2021-07-17 19:30:31', '2021-07-17'),
('ac195ca5753e3e1e6dbf5c8e69324907', '6b5c5870de5c871423fb3f3916f8f18d', 'fac9173ebc681c18e432158195adb3b4', 'baa661154ee9582abf982570b201298e', '4ba8477673d917d5fa8660a40025222b', 1, 10.00, 2.50, 0.00, 0.00, 25.00, 1, '2021-07-17 19:30:31', '2021-07-17'),
('e701cca12430587569e00f22cf99cffe', '6b5c5870de5c871423fb3f3916f8f18d', 'fac9173ebc681c18e432158195adb3b4', 'baa661154ee9582abf982570b201298e', '3fb13f78f8e5b00068798adffb5768c0', 1, 5.00, 3.00, 0.00, 0.00, 15.00, 1, '2021-07-17 19:30:31', '2021-07-17'),
('020c2b1669a9316d15792cea8fffa791', '4163b5263942078cbd12d44a8747dbdb', 'fac9173ebc681c18e432158195adb3b4', 'd583ed2bf0381b082922ec1b7f6abf70', '8be20f4f18f92c2dda918ef4daa95ea8', 0, 2.00, 50.00, 0.00, 0.00, 100.00, 1, '2021-07-17 20:34:38', '2021-07-17'),
('158266c0b8d2347c342f8f239ff105af', '3aaf124e6d9758c63facdf901c284baa', 'fac9173ebc681c18e432158195adb3b4', 'd583ed2bf0381b082922ec1b7f6abf70', '88e004d005e0d3abc77fefe03422bc3c', 0, 1.00, 26.00, 0.00, 0.00, 26.00, 1, '2021-07-17 21:42:04', '2021-07-17'),
('f85c32e158dc75d881030dfb3c4354e7', '', 'fac9173ebc681c18e432158195adb3b4', 'fb85aee11e7190e586d2422f24a604e6', 'e42b5938a9f505fc3733d5d1f4d86b75', 0, 2.00, 70.00, 2.00, 4.00, 140.00, 5, '2021-07-19 22:56:23', '2021-07-18'),
('022bae2cd9e50f7104b659f4cef7e9a1', 'a5aa75b668a8907a00672fe27abbd8c3', 'fac9173ebc681c18e432158195adb3b4', 'fb85aee11e7190e586d2422f24a604e6', 'f39504e1768f6205c43f135a0e9e8b55', 0, 14.00, 60.00, 0.00, 0.00, 840.00, 1, '2021-07-19 22:57:35', '2021-07-19'),
('8ad48450c178e7870c0ae802a9d2e542', 'a5aa75b668a8907a00672fe27abbd8c3', 'fac9173ebc681c18e432158195adb3b4', 'fb85aee11e7190e586d2422f24a604e6', 'd7578c13b1ac91dc2d1379821f9e4fb1', 0, 49.00, 74.00, 0.00, 0.00, 3626.00, 1, '2021-07-19 22:57:35', '2021-07-19'),
('ee745e71ecf1e8f50197887f7e5e120c', 'a5aa75b668a8907a00672fe27abbd8c3', 'fac9173ebc681c18e432158195adb3b4', 'fb85aee11e7190e586d2422f24a604e6', 'e42b5938a9f505fc3733d5d1f4d86b75', 0, 46.00, 70.00, 0.00, 0.00, 3220.00, 1, '2021-07-19 22:57:35', '2021-07-19'),
('de87173125a75b376e2966621d8b0826', 'a5aa75b668a8907a00672fe27abbd8c3', 'fac9173ebc681c18e432158195adb3b4', 'fb85aee11e7190e586d2422f24a604e6', '1b452a24794ecabd0b0298df04ac6b7e', 0, 11.00, 73.00, 0.00, 0.00, 803.00, 1, '2021-07-19 22:57:35', '2021-07-19'),
('ddda8cd4cb5b5bcc478db661c1e5df41', 'a5aa75b668a8907a00672fe27abbd8c3', 'fac9173ebc681c18e432158195adb3b4', 'fb85aee11e7190e586d2422f24a604e6', '83d548b152a44995e5a4d878d73428a0', 0, 6.00, 68.00, 0.00, 0.00, 408.00, 1, '2021-07-19 22:57:35', '2021-07-19'),
('5df7eb6dc65c3a85a27b6dddc194e94c', 'a5aa75b668a8907a00672fe27abbd8c3', 'fac9173ebc681c18e432158195adb3b4', 'fb85aee11e7190e586d2422f24a604e6', '9ba592041ff36687d2317fba8d844cb6', 0, 4.00, 30.00, 0.00, 0.00, 120.00, 1, '2021-07-19 22:57:35', '2021-07-19'),
('7b4def0b868300d75a0cdd034757ac14', 'a5aa75b668a8907a00672fe27abbd8c3', 'fac9173ebc681c18e432158195adb3b4', 'fb85aee11e7190e586d2422f24a604e6', 'c2ca56faa87067619d5417f56c6e1d4d', 0, 18.00, 20.00, 0.00, 0.00, 360.00, 1, '2021-07-19 22:57:35', '2021-07-19'),
('3fe758ec372940926e6022bc62fa9195', 'a5aa75b668a8907a00672fe27abbd8c3', 'fac9173ebc681c18e432158195adb3b4', 'fb85aee11e7190e586d2422f24a604e6', '9969f7a5c6032acbfc8d6631b04b4941', 0, 7.00, 20.00, 0.00, 0.00, 140.00, 1, '2021-07-19 22:57:35', '2021-07-19'),
('5e8fac85691f90c51fdb242758f108d0', 'a5aa75b668a8907a00672fe27abbd8c3', 'fac9173ebc681c18e432158195adb3b4', 'fb85aee11e7190e586d2422f24a604e6', '41af66ca7433384290782621a3b22afb', 0, 8.00, 60.00, 0.00, 0.00, 480.00, 1, '2021-07-19 22:57:35', '2021-07-19'),
('2e91b277550e2efd1826b9cc6e26f282', 'a5aa75b668a8907a00672fe27abbd8c3', 'fac9173ebc681c18e432158195adb3b4', 'fb85aee11e7190e586d2422f24a604e6', '22b7c3e00f1c4be3db35d60b5260534b', 0, 3.00, 25.00, 0.00, 0.00, 75.00, 1, '2021-07-19 22:57:35', '2021-07-19'),
('29a8dd1ca75832a66b3cd1b3131d9811', '4591245d9672c7e8247b333db59aafeb', 'fac9173ebc681c18e432158195adb3b4', 'fb85aee11e7190e586d2422f24a604e6', 'c2ca56faa87067619d5417f56c6e1d4d', 0, 8.00, 20.00, 0.00, 0.00, 160.00, 1, '2021-07-19 22:58:26', '2021-07-19'),
('cf52ec6c97a0c064e9de1a35e0e90922', '4591245d9672c7e8247b333db59aafeb', 'fac9173ebc681c18e432158195adb3b4', 'fb85aee11e7190e586d2422f24a604e6', 'e27a1cdfcec5e74a56cfa4d00907cf2c', 0, 2.00, 50.00, 0.00, 0.00, 100.00, 1, '2021-07-19 22:58:26', '2021-07-19'),
('6ab6634bc0be2e61c359884904f1b9ae', 'b0291837db8a7831f352de804c63f7ad', 'fac9173ebc681c18e432158195adb3b4', 'fb85aee11e7190e586d2422f24a604e6', 'e42b5938a9f505fc3733d5d1f4d86b75', 0, 10.00, 70.00, 0.00, 0.00, 700.00, 1, '2021-07-19 23:01:06', '2021-07-19'),
('3d8e763dbedaafe37543aac01714437f', 'b0291837db8a7831f352de804c63f7ad', 'fac9173ebc681c18e432158195adb3b4', 'fb85aee11e7190e586d2422f24a604e6', 'd7578c13b1ac91dc2d1379821f9e4fb1', 0, 5.00, 74.00, 0.00, 0.00, 370.00, 1, '2021-07-19 23:01:06', '2021-07-19'),
('f4de346a10761b26e0570aceee5e0b7f', 'b0291837db8a7831f352de804c63f7ad', 'fac9173ebc681c18e432158195adb3b4', 'fb85aee11e7190e586d2422f24a604e6', '1b452a24794ecabd0b0298df04ac6b7e', 0, 1.00, 73.00, 0.00, 0.00, 73.00, 1, '2021-07-19 23:01:06', '2021-07-19'),
('5618effcf40cc0f9464b57b98f68ce1c', 'b0291837db8a7831f352de804c63f7ad', 'fac9173ebc681c18e432158195adb3b4', 'fb85aee11e7190e586d2422f24a604e6', 'f39504e1768f6205c43f135a0e9e8b55', 0, 1.00, 60.00, 0.00, 0.00, 60.00, 1, '2021-07-19 23:01:06', '2021-07-19'),
('b75bcb39202a8fc40c5aa64a29835216', 'b0291837db8a7831f352de804c63f7ad', 'fac9173ebc681c18e432158195adb3b4', 'fb85aee11e7190e586d2422f24a604e6', '9969f7a5c6032acbfc8d6631b04b4941', 0, 1.00, 20.00, 0.00, 0.00, 20.00, 1, '2021-07-19 23:01:06', '2021-07-19'),
('e1e64130d458cbf28a02fde6f07fde13', 'b0291837db8a7831f352de804c63f7ad', 'fac9173ebc681c18e432158195adb3b4', 'fb85aee11e7190e586d2422f24a604e6', 'e27a1cdfcec5e74a56cfa4d00907cf2c', 0, 2.00, 50.00, 0.00, 0.00, 100.00, 1, '2021-07-19 23:01:06', '2021-07-19'),
('db27a868cdc666287fba403c3f9a5dda', 'b0291837db8a7831f352de804c63f7ad', 'fac9173ebc681c18e432158195adb3b4', 'fb85aee11e7190e586d2422f24a604e6', '532cc0b3709ba52694d3694272370552', 0, 2.00, 30.00, 0.00, 0.00, 60.00, 1, '2021-07-19 23:01:06', '2021-07-19'),
('a2fa15aeaa68652ea1371a5329114e26', 'b0291837db8a7831f352de804c63f7ad', 'fac9173ebc681c18e432158195adb3b4', 'fb85aee11e7190e586d2422f24a604e6', 'c2ca56faa87067619d5417f56c6e1d4d', 0, 2.00, 20.00, 0.00, 0.00, 40.00, 1, '2021-07-19 23:01:06', '2021-07-19'),
('477d33cf7de40eb908141e280fb1c749', 'fc7e074c21c11868205a65ab1e3cee94', '76cc0d76bec6a6e8233202afc8bdb688', '1be3842ece0b6fbab575bc32ea7737f5', '36a5e3eff091084750b0824d53aca151', 0, 6.00, 210.00, 0.00, 0.00, 1260.00, 1, '2021-07-19 23:31:43', '2021-07-19'),
('20f34a89482fcf83035bd0a1dae6ca89', 'fc7e074c21c11868205a65ab1e3cee94', '76cc0d76bec6a6e8233202afc8bdb688', '1be3842ece0b6fbab575bc32ea7737f5', '26e6566d8847bdeae62487c1b2a6bef5', 0, 1.00, 117.00, 0.00, 0.00, 117.00, 1, '2021-07-19 23:31:43', '2021-07-19'),
('fafe544b7aab383b8100583ebc09ef1f', 'd0ee85e894f017ddebdc4f28587fdf7c', '76cc0d76bec6a6e8233202afc8bdb688', '1be3842ece0b6fbab575bc32ea7737f5', '36a5e3eff091084750b0824d53aca151', 0, 3.00, 210.00, 0.00, 0.00, 630.00, 1, '2021-07-19 23:38:48', '2021-07-19'),
('87df59d899d664e33016148c07fae368', 'd0ee85e894f017ddebdc4f28587fdf7c', '76cc0d76bec6a6e8233202afc8bdb688', '1be3842ece0b6fbab575bc32ea7737f5', '26e6566d8847bdeae62487c1b2a6bef5', 0, 3.00, 117.00, 0.00, 0.00, 351.00, 1, '2021-07-19 23:38:48', '2021-07-19'),
('953e6d5d3175a80ba7389fadb0d52894', '7b3adff18d0986cc2bf55ca369c131be', '76cc0d76bec6a6e8233202afc8bdb688', 'baa661154ee9582abf982570b201298e', 'eaa73d829fd28bfeac958e0050f5b839', 0, 1.00, 160.00, 0.00, 0.00, 160.00, 1, '2021-07-19 23:47:01', '2021-07-19'),
('3f6544ce180e04b85bf4b4611d42b23e', 'cb043be64307382f8a0308248413df07', '76cc0d76bec6a6e8233202afc8bdb688', 'baa661154ee9582abf982570b201298e', '1e9094269a9a451422cb769c6d80b91b', 0, 2.00, 158.00, 0.00, 0.00, 316.00, 1, '2021-07-20 00:29:48', '2021-07-19'),
('8317bebf0b4fc89b5c7514ac867bfe0b', 'cb043be64307382f8a0308248413df07', '76cc0d76bec6a6e8233202afc8bdb688', 'baa661154ee9582abf982570b201298e', '4ba8477673d917d5fa8660a40025222b', 0, 1.00, 225.00, 0.00, 0.00, 225.00, 1, '2021-07-20 00:29:48', '2021-07-19'),
('4eca7e909659b67b1e8a921ba3526c1e', 'cb043be64307382f8a0308248413df07', '76cc0d76bec6a6e8233202afc8bdb688', 'baa661154ee9582abf982570b201298e', 'df9466b5ce80645800085a22eabe89c3', 0, 1.00, 220.00, 0.00, 0.00, 220.00, 1, '2021-07-20 00:29:48', '2021-07-19'),
('e955c194e50c0338682274dee3a66623', 'cb043be64307382f8a0308248413df07', '76cc0d76bec6a6e8233202afc8bdb688', 'baa661154ee9582abf982570b201298e', 'ec6d2557a790bf623c2b9c32e0291a62', 0, 2.00, 180.00, 0.00, 0.00, 360.00, 1, '2021-07-20 00:29:48', '2021-07-19'),
('c2e184a3c9b05d409cdc1f0b3f55895b', 'cb043be64307382f8a0308248413df07', '76cc0d76bec6a6e8233202afc8bdb688', 'baa661154ee9582abf982570b201298e', '99c81349fc11e2cf2ed9e71e3bfd07f7', 1, 10.00, 3.00, 0.00, 0.00, 30.00, 1, '2021-07-20 00:29:48', '2021-07-19'),
('e24da1bb342587879b84ff57e28fe3a6', '', '76cc0d76bec6a6e8233202afc8bdb688', '1be3842ece0b6fbab575bc32ea7737f5', '36a5e3eff091084750b0824d53aca151', 0, 2.00, 210.00, 0.00, 0.00, 420.00, 5, '2021-07-20 01:05:22', '2021-07-19'),
('7b4b2d1b1a56f5010ed0b7d1aad50fc2', '', '76cc0d76bec6a6e8233202afc8bdb688', 'baa661154ee9582abf982570b201298e', '99c81349fc11e2cf2ed9e71e3bfd07f7', 1, 6.00, 3.00, 0.00, 0.00, 18.00, 5, '2021-07-20 01:05:20', '2021-07-19'),
('2066d6bea2d075fdd5be8bf34b1880c6', 'a675c8a3844099d67d6aeac5975cde89', '76cc0d76bec6a6e8233202afc8bdb688', 'baa661154ee9582abf982570b201298e', '57027c3685ed14d169d91cd18bf69111', 0, 1.00, 185.00, 0.00, 0.00, 185.00, 1, '2021-07-20 01:08:11', '2021-07-19'),
('2735dafe2efa7fea41552898515fc2ee', 'a675c8a3844099d67d6aeac5975cde89', '76cc0d76bec6a6e8233202afc8bdb688', 'baa661154ee9582abf982570b201298e', '4ba8477673d917d5fa8660a40025222b', 1, 3.00, 2.50, 0.00, 0.00, 7.50, 1, '2021-07-20 01:08:11', '2021-07-19'),
('9287fe108816d84704e64eebe8983982', 'b59f1955ad732fd0b54ded5a2f2e8a20', '76cc0d76bec6a6e8233202afc8bdb688', 'baa661154ee9582abf982570b201298e', '6d90c30cc59e39d6b01ab70d49406830', 0, 1.00, 75.00, 0.00, 0.00, 75.00, 1, '2021-07-20 01:10:48', '2021-07-19'),
('927e4679056a8a3d0d641c993260cd61', '2bd24b6db3c001a8880cc71e3674c8a4', '76cc0d76bec6a6e8233202afc8bdb688', 'fb85aee11e7190e586d2422f24a604e6', 'e42b5938a9f505fc3733d5d1f4d86b75', 0, 3.00, 70.00, 0.00, 0.00, 210.00, 1, '2021-07-20 01:16:20', '2021-07-19'),
('9827866d63b8280b0088547807beca7c', '2bd24b6db3c001a8880cc71e3674c8a4', '76cc0d76bec6a6e8233202afc8bdb688', 'fb85aee11e7190e586d2422f24a604e6', 'd7578c13b1ac91dc2d1379821f9e4fb1', 0, 1.00, 74.00, 0.00, 0.00, 74.00, 1, '2021-07-20 01:16:20', '2021-07-19'),
('1532ade8e224933ada488495605295e4', '2bd24b6db3c001a8880cc71e3674c8a4', '76cc0d76bec6a6e8233202afc8bdb688', 'fb85aee11e7190e586d2422f24a604e6', 'f39504e1768f6205c43f135a0e9e8b55', 0, 1.00, 60.00, 0.00, 0.00, 60.00, 1, '2021-07-20 01:16:20', '2021-07-19'),
('fa472db683beb78e36dad33c4504dc39', '343d9a1e7e7a7263dd49266164c80995', '76cc0d76bec6a6e8233202afc8bdb688', '1be3842ece0b6fbab575bc32ea7737f5', '36a5e3eff091084750b0824d53aca151', 0, 2.00, 210.00, 0.00, 0.00, 420.00, 1, '2021-07-20 01:30:02', '2021-07-19'),
('23c299f831c51f1158288729ed931b31', '343d9a1e7e7a7263dd49266164c80995', '76cc0d76bec6a6e8233202afc8bdb688', 'baa661154ee9582abf982570b201298e', '99c81349fc11e2cf2ed9e71e3bfd07f7', 1, 6.00, 3.00, 0.00, 0.00, 18.00, 1, '2021-07-20 01:30:02', '2021-07-19'),
('889a4721af81fbaab252ef20913f2e3c', '343d9a1e7e7a7263dd49266164c80995', '76cc0d76bec6a6e8233202afc8bdb688', 'baa661154ee9582abf982570b201298e', '9567ed170208b7d3cbefa1fc53b7363f', 0, 1.00, 175.00, 0.00, 0.00, 175.00, 1, '2021-07-20 01:30:02', '2021-07-19'),
('004cb5bb1d8fdf462705b2d01fa70e7d', '343d9a1e7e7a7263dd49266164c80995', '76cc0d76bec6a6e8233202afc8bdb688', 'baa661154ee9582abf982570b201298e', '4a25e5e19e5e087987624cc896e2856a', 1, 10.00, 0.00, 0.00, 0.00, 0.00, 1, '2021-07-20 01:30:02', '2021-07-19'),
('40e93c3a2954a08f2d33f4d7cd609fd5', '343d9a1e7e7a7263dd49266164c80995', '76cc0d76bec6a6e8233202afc8bdb688', '1be3842ece0b6fbab575bc32ea7737f5', '36a5e3eff091084750b0824d53aca151', 0, 1.00, 210.00, 0.00, 0.00, 210.00, 1, '2021-07-20 01:30:02', '2021-07-19'),
('bde8a8c95c9b4f469ef313ca11737bfe', '343d9a1e7e7a7263dd49266164c80995', '76cc0d76bec6a6e8233202afc8bdb688', '1be3842ece0b6fbab575bc32ea7737f5', '26e6566d8847bdeae62487c1b2a6bef5', 0, 1.00, 117.00, 0.00, 0.00, 117.00, 1, '2021-07-20 01:30:02', '2021-07-19'),
('1ced79dd89ff8beae38c302494d1143e', '343d9a1e7e7a7263dd49266164c80995', '76cc0d76bec6a6e8233202afc8bdb688', 'baa661154ee9582abf982570b201298e', '4ba8477673d917d5fa8660a40025222b', 1, 7.00, 2.50, 0.00, 0.00, 17.50, 1, '2021-07-20 01:30:02', '2021-07-19'),
('6dab5e52275c953199aa32396a29b788', '343d9a1e7e7a7263dd49266164c80995', '76cc0d76bec6a6e8233202afc8bdb688', 'd583ed2bf0381b082922ec1b7f6abf70', 'fbc7021c7734194ad2e10a4a9cd32314', 0, 1.00, 800.00, 0.00, 0.00, 800.00, 1, '2021-07-20 01:30:02', '2021-07-19'),
('ee20d92291cc2e28ebde3aaa0a1999ce', '343d9a1e7e7a7263dd49266164c80995', '76cc0d76bec6a6e8233202afc8bdb688', 'baa661154ee9582abf982570b201298e', 'eaa73d829fd28bfeac958e0050f5b839', 0, 1.00, 160.00, 0.00, 0.00, 160.00, 1, '2021-07-20 01:30:02', '2021-07-19'),
('3eaecaf8877af7a8d837315e0ad23f9e', '343d9a1e7e7a7263dd49266164c80995', '76cc0d76bec6a6e8233202afc8bdb688', 'baa661154ee9582abf982570b201298e', '18c7e2e186a7691e15771292ed31f873', 0, 1.00, 165.00, 0.00, 0.00, 165.00, 1, '2021-07-20 01:30:02', '2021-07-19'),
('901e14ac6d7c090983dde4b8e6f05cf4', '343d9a1e7e7a7263dd49266164c80995', '76cc0d76bec6a6e8233202afc8bdb688', 'baa661154ee9582abf982570b201298e', 'eaa73d829fd28bfeac958e0050f5b839', 0, 1.00, 160.00, 0.00, 0.00, 160.00, 1, '2021-07-20 01:30:02', '2021-07-19'),
('ed6daa8faacf7151bd7e7c506ca58278', '343d9a1e7e7a7263dd49266164c80995', '76cc0d76bec6a6e8233202afc8bdb688', '1be3842ece0b6fbab575bc32ea7737f5', '714ad6bfe88321790732292aae8dcf80', 0, 5.00, 120.00, 0.00, 0.00, 600.00, 1, '2021-07-20 01:30:02', '2021-07-19'),
('b2f539cdf8ce33dfb89544b6058fd757', '343d9a1e7e7a7263dd49266164c80995', '76cc0d76bec6a6e8233202afc8bdb688', '1be3842ece0b6fbab575bc32ea7737f5', '8fd0c3ba6c8b0e7280855a9bc4289f43', 0, 2.00, 216.00, 0.00, 0.00, 432.00, 1, '2021-07-20 01:30:02', '2021-07-19'),
('c19ebb6f12cc5190b75fd3329911228f', '343d9a1e7e7a7263dd49266164c80995', '76cc0d76bec6a6e8233202afc8bdb688', 'baa661154ee9582abf982570b201298e', 'df9466b5ce80645800085a22eabe89c3', 0, 1.00, 220.00, 0.00, 0.00, 220.00, 1, '2021-07-20 01:30:02', '2021-07-19'),
('222f17cdb5eb53145de5243965632e84', '343d9a1e7e7a7263dd49266164c80995', '76cc0d76bec6a6e8233202afc8bdb688', '1be3842ece0b6fbab575bc32ea7737f5', '36a5e3eff091084750b0824d53aca151', 0, 8.00, 210.00, 3.00, 24.00, 1680.00, 1, '2021-07-20 01:30:02', '2021-07-19'),
('3d7b2f7f55fd6d0699cfad9604c3997b', '343d9a1e7e7a7263dd49266164c80995', '76cc0d76bec6a6e8233202afc8bdb688', '1be3842ece0b6fbab575bc32ea7737f5', '26e6566d8847bdeae62487c1b2a6bef5', 0, 2.00, 117.00, 0.00, 0.00, 234.00, 1, '2021-07-20 01:30:02', '2021-07-19'),
('a08ead100246df2aa5d8029314b0f4b7', '343d9a1e7e7a7263dd49266164c80995', '76cc0d76bec6a6e8233202afc8bdb688', '1be3842ece0b6fbab575bc32ea7737f5', '36a5e3eff091084750b0824d53aca151', 0, 1.00, 210.00, 0.00, 0.00, 210.00, 1, '2021-07-20 01:30:02', '2021-07-19'),
('6e7a3e58b71d3557cb1df5ea1fdf0b4a', '343d9a1e7e7a7263dd49266164c80995', '76cc0d76bec6a6e8233202afc8bdb688', 'd583ed2bf0381b082922ec1b7f6abf70', '49315777eca0ab4fb7d6a46951e40d62', 0, 1.00, 12.00, 0.00, 0.00, 12.00, 1, '2021-07-20 01:30:02', '2021-07-19'),
('b5b0dfdf27ff3930969bbe178fdab7fc', '343d9a1e7e7a7263dd49266164c80995', '76cc0d76bec6a6e8233202afc8bdb688', 'baa661154ee9582abf982570b201298e', '99c81349fc11e2cf2ed9e71e3bfd07f7', 1, 3.00, 3.00, 0.00, 0.00, 9.00, 1, '2021-07-20 01:30:02', '2021-07-19'),
('32e58441f35ad29952222eb464c0e8e5', '', '76cc0d76bec6a6e8233202afc8bdb688', '1be3842ece0b6fbab575bc32ea7737f5', '26e6566d8847bdeae62487c1b2a6bef5', 0, 10.00, 117.00, 0.00, 0.00, 1170.00, 5, '2021-07-20 01:27:39', '2021-07-19'),
('6dca129244014a7c535f19be8e8f0490', '343d9a1e7e7a7263dd49266164c80995', '76cc0d76bec6a6e8233202afc8bdb688', '1be3842ece0b6fbab575bc32ea7737f5', '26e6566d8847bdeae62487c1b2a6bef5', 0, 10.00, 117.00, 1.00, 10.00, 1170.00, 1, '2021-07-20 01:30:02', '2021-07-19'),
('63b17a51b6951d86ee9395b27cada517', '343d9a1e7e7a7263dd49266164c80995', '76cc0d76bec6a6e8233202afc8bdb688', '1be3842ece0b6fbab575bc32ea7737f5', '36a5e3eff091084750b0824d53aca151', 0, 2.00, 210.00, 0.00, 0.00, 420.00, 1, '2021-07-20 01:30:02', '2021-07-19'),
('a4061b15b38b2e130d0c30b4fea0882a', '343d9a1e7e7a7263dd49266164c80995', '76cc0d76bec6a6e8233202afc8bdb688', '1be3842ece0b6fbab575bc32ea7737f5', '26e6566d8847bdeae62487c1b2a6bef5', 0, 2.00, 117.00, 0.00, 0.00, 234.00, 1, '2021-07-20 01:30:02', '2021-07-19'),
('8bf3d6bd3daa69859e436e77593d853a', '343d9a1e7e7a7263dd49266164c80995', '76cc0d76bec6a6e8233202afc8bdb688', 'baa661154ee9582abf982570b201298e', 'eaa73d829fd28bfeac958e0050f5b839', 0, 1.00, 160.00, 0.00, 0.00, 160.00, 1, '2021-07-20 01:30:02', '2021-07-19'),
('3a4b20c87678ef1ef8a4b407e60ebd42', '343d9a1e7e7a7263dd49266164c80995', '76cc0d76bec6a6e8233202afc8bdb688', 'd583ed2bf0381b082922ec1b7f6abf70', '8be20f4f18f92c2dda918ef4daa95ea8', 0, 1.00, 50.00, 0.00, 0.00, 50.00, 1, '2021-07-20 01:30:02', '2021-07-19'),
('2da4da466f02a3c24f0d036a101271ef', '343d9a1e7e7a7263dd49266164c80995', '76cc0d76bec6a6e8233202afc8bdb688', 'baa661154ee9582abf982570b201298e', '5e36c5dac6a16841ce52ffc66ba989cc', 0, 1.00, 175.00, 0.00, 0.00, 175.00, 1, '2021-07-20 01:30:02', '2021-07-19'),
('7161ffd4b302b6c22bf7ed5a4f4e57b7', 'c037bc58fc3084b7dea24326c9e61ea9', '76cc0d76bec6a6e8233202afc8bdb688', 'd583ed2bf0381b082922ec1b7f6abf70', '18ea44856685650a6ab1bcd137345b37', 0, 1.00, 105.00, 0.00, 0.00, 105.00, 1, '2021-07-20 01:51:49', '2021-07-19'),
('3dcad0f3ddbf0dad997298921394328f', 'c037bc58fc3084b7dea24326c9e61ea9', '76cc0d76bec6a6e8233202afc8bdb688', 'baa661154ee9582abf982570b201298e', '4be27f694c872972dce6813f3d30498a', 0, 1.00, 140.00, 0.00, 0.00, 140.00, 1, '2021-07-20 01:51:49', '2021-07-19'),
('ecea582a75b00460481032e6fc1f667e', 'c037bc58fc3084b7dea24326c9e61ea9', '76cc0d76bec6a6e8233202afc8bdb688', 'baa661154ee9582abf982570b201298e', '1e9094269a9a451422cb769c6d80b91b', 0, 1.00, 158.00, 0.00, 0.00, 158.00, 1, '2021-07-20 01:51:49', '2021-07-19'),
('92d0218e56487ed7a462fb6d3e39cf4e', 'c037bc58fc3084b7dea24326c9e61ea9', '76cc0d76bec6a6e8233202afc8bdb688', 'baa661154ee9582abf982570b201298e', '4be27f694c872972dce6813f3d30498a', 0, 1.00, 140.00, 0.00, 0.00, 140.00, 1, '2021-07-20 01:51:49', '2021-07-19'),
('4c72b802b39967347b32c33f028996e0', 'c037bc58fc3084b7dea24326c9e61ea9', '76cc0d76bec6a6e8233202afc8bdb688', 'baa661154ee9582abf982570b201298e', 'eaa73d829fd28bfeac958e0050f5b839', 0, 1.00, 160.00, 0.00, 0.00, 160.00, 1, '2021-07-20 01:51:49', '2021-07-19'),
('05009277685a4c8b1fb97731a293ac9e', 'c037bc58fc3084b7dea24326c9e61ea9', '76cc0d76bec6a6e8233202afc8bdb688', 'baa661154ee9582abf982570b201298e', '4a25e5e19e5e087987624cc896e2856a', 1, 6.00, 0.00, 0.00, 0.00, 0.00, 1, '2021-07-20 01:51:49', '2021-07-19'),
('314eb444636b67b971b8b3390748a4b3', 'c037bc58fc3084b7dea24326c9e61ea9', '76cc0d76bec6a6e8233202afc8bdb688', '1be3842ece0b6fbab575bc32ea7737f5', '36a5e3eff091084750b0824d53aca151', 0, 2.00, 210.00, 5.00, 10.00, 420.00, 1, '2021-07-20 01:51:49', '2021-07-19'),
('0d65d298930b4b57ea6d7fa1c293f431', 'c037bc58fc3084b7dea24326c9e61ea9', '76cc0d76bec6a6e8233202afc8bdb688', 'baa661154ee9582abf982570b201298e', 'eaa73d829fd28bfeac958e0050f5b839', 0, 1.00, 160.00, 0.00, 0.00, 160.00, 1, '2021-07-20 01:51:49', '2021-07-19'),
('f5655604ba053925c98417c937453100', 'c037bc58fc3084b7dea24326c9e61ea9', '76cc0d76bec6a6e8233202afc8bdb688', 'baa661154ee9582abf982570b201298e', '0a34d783492e9a8ee5372315167bf199', 0, 1.00, 160.00, 0.00, 0.00, 160.00, 1, '2021-07-20 01:51:49', '2021-07-19'),
('c2d0afe2b4ecf534b5536c582d0f3b28', 'c037bc58fc3084b7dea24326c9e61ea9', '76cc0d76bec6a6e8233202afc8bdb688', 'baa661154ee9582abf982570b201298e', '4a25e5e19e5e087987624cc896e2856a', 1, 2.00, 0.00, 0.00, 0.00, 0.00, 1, '2021-07-20 01:51:49', '2021-07-19'),
('8f96ca7c6758618f0e03268e4baceb6e', 'c037bc58fc3084b7dea24326c9e61ea9', '76cc0d76bec6a6e8233202afc8bdb688', 'baa661154ee9582abf982570b201298e', '4ba8477673d917d5fa8660a40025222b', 1, 10.00, 2.50, 0.00, 0.00, 25.00, 1, '2021-07-20 01:51:49', '2021-07-19'),
('c0f174587424386f26e223c72aaab6c2', 'c037bc58fc3084b7dea24326c9e61ea9', '76cc0d76bec6a6e8233202afc8bdb688', 'baa661154ee9582abf982570b201298e', '0a34d783492e9a8ee5372315167bf199', 0, 1.00, 160.00, 0.00, 0.00, 160.00, 1, '2021-07-20 01:51:49', '2021-07-19'),
('cd41936b3f061b967f03bf0ce228c233', 'c037bc58fc3084b7dea24326c9e61ea9', '76cc0d76bec6a6e8233202afc8bdb688', 'baa661154ee9582abf982570b201298e', '4ba8477673d917d5fa8660a40025222b', 1, 4.00, 2.50, 0.00, 0.00, 10.00, 1, '2021-07-20 01:51:49', '2021-07-19'),
('fca7cddc17ce180e8011694e76c7b100', 'c037bc58fc3084b7dea24326c9e61ea9', '76cc0d76bec6a6e8233202afc8bdb688', 'd583ed2bf0381b082922ec1b7f6abf70', '22687cc4300d5ed56df6453ab930d44c', 0, 1.00, 25.00, 0.00, 0.00, 25.00, 1, '2021-07-20 01:51:49', '2021-07-19'),
('a30e06c3a52a98a4f4ac00abe4100391', 'c037bc58fc3084b7dea24326c9e61ea9', '76cc0d76bec6a6e8233202afc8bdb688', 'baa661154ee9582abf982570b201298e', 'd8c6e93517459f22f94e0b11f7bf04bd', 0, 1.00, 15.00, 0.00, 0.00, 15.00, 1, '2021-07-20 01:51:49', '2021-07-19'),
('ffcb5130ee0a2f6a33b0470cacf27c04', 'c037bc58fc3084b7dea24326c9e61ea9', '76cc0d76bec6a6e8233202afc8bdb688', 'baa661154ee9582abf982570b201298e', '07af1b08a9977f6054dc25c3fc091d48', 1, 2.00, 6.00, 0.00, 0.00, 12.00, 1, '2021-07-20 01:51:49', '2021-07-19'),
('7327dd6efa531a417cbd70280a36a084', 'c037bc58fc3084b7dea24326c9e61ea9', '76cc0d76bec6a6e8233202afc8bdb688', 'baa661154ee9582abf982570b201298e', '4be27f694c872972dce6813f3d30498a', 0, 1.00, 140.00, 0.00, 0.00, 140.00, 1, '2021-07-20 01:51:49', '2021-07-19'),
('a785bcfc1d67c0cdac0493be685a78c4', 'c037bc58fc3084b7dea24326c9e61ea9', '76cc0d76bec6a6e8233202afc8bdb688', 'baa661154ee9582abf982570b201298e', '1e9094269a9a451422cb769c6d80b91b', 0, 1.00, 158.00, 0.00, 0.00, 158.00, 1, '2021-07-20 01:51:49', '2021-07-19'),
('09d37068cf82d77d19b8f3eb130c700d', 'c037bc58fc3084b7dea24326c9e61ea9', '76cc0d76bec6a6e8233202afc8bdb688', 'baa661154ee9582abf982570b201298e', '57027c3685ed14d169d91cd18bf69111', 0, 0.00, 185.00, 0.00, 0.00, 0.00, 1, '2021-07-20 01:51:49', '2021-07-19'),
('cbdf77a458e0feb64b14172f76e980e8', 'c037bc58fc3084b7dea24326c9e61ea9', '76cc0d76bec6a6e8233202afc8bdb688', 'baa661154ee9582abf982570b201298e', '57027c3685ed14d169d91cd18bf69111', 0, 1.00, 185.00, 0.00, 0.00, 185.00, 1, '2021-07-20 01:51:49', '2021-07-19'),
('26f153a0a045e8f29df2031445b33c7b', 'c037bc58fc3084b7dea24326c9e61ea9', '76cc0d76bec6a6e8233202afc8bdb688', 'fb85aee11e7190e586d2422f24a604e6', 'e42b5938a9f505fc3733d5d1f4d86b75', 0, 2.00, 70.00, 0.00, 0.00, 140.00, 1, '2021-07-20 01:51:49', '2021-07-19'),
('948999c9c2a69d02822246a6b361bfd4', 'c037bc58fc3084b7dea24326c9e61ea9', '76cc0d76bec6a6e8233202afc8bdb688', 'fb85aee11e7190e586d2422f24a604e6', 'e42b5938a9f505fc3733d5d1f4d86b75', 0, 1.00, 70.00, 0.00, 0.00, 70.00, 1, '2021-07-20 01:51:49', '2021-07-19'),
('41a2a3ccd78ee38fa340dee8d2c481ff', 'c037bc58fc3084b7dea24326c9e61ea9', '76cc0d76bec6a6e8233202afc8bdb688', 'fb85aee11e7190e586d2422f24a604e6', 'd7578c13b1ac91dc2d1379821f9e4fb1', 0, 1.00, 74.00, 0.00, 0.00, 74.00, 1, '2021-07-20 01:51:49', '2021-07-19'),
('042aced9059d2004d57c2422dcb4ddad', 'c037bc58fc3084b7dea24326c9e61ea9', '76cc0d76bec6a6e8233202afc8bdb688', 'fb85aee11e7190e586d2422f24a604e6', 'd7578c13b1ac91dc2d1379821f9e4fb1', 0, 5.00, 74.00, 8.00, 40.00, 370.00, 1, '2021-07-20 01:51:49', '2021-07-19'),
('843e2dde5531710837f0a4868f7427c8', 'c037bc58fc3084b7dea24326c9e61ea9', '76cc0d76bec6a6e8233202afc8bdb688', 'fb85aee11e7190e586d2422f24a604e6', '9969f7a5c6032acbfc8d6631b04b4941', 0, 2.00, 20.00, 0.00, 0.00, 40.00, 1, '2021-07-20 01:51:49', '2021-07-19'),
('0545d149c94733fcd484b81ea7ab4918', 'c037bc58fc3084b7dea24326c9e61ea9', '76cc0d76bec6a6e8233202afc8bdb688', 'fb85aee11e7190e586d2422f24a604e6', 'e42b5938a9f505fc3733d5d1f4d86b75', 0, 3.00, 70.00, 0.00, 0.00, 210.00, 1, '2021-07-20 01:51:49', '2021-07-19'),
('e88bfc97f304bf1690bec83bb9035bcd', 'c037bc58fc3084b7dea24326c9e61ea9', '76cc0d76bec6a6e8233202afc8bdb688', 'fb85aee11e7190e586d2422f24a604e6', 'f39504e1768f6205c43f135a0e9e8b55', 0, 3.00, 60.00, 0.00, 0.00, 180.00, 1, '2021-07-20 01:51:49', '2021-07-19'),
('aa7bad60b17d7c195d136d0bdeaf75bc', 'c037bc58fc3084b7dea24326c9e61ea9', '76cc0d76bec6a6e8233202afc8bdb688', 'fb85aee11e7190e586d2422f24a604e6', 'd7578c13b1ac91dc2d1379821f9e4fb1', 0, 0.00, 74.00, 0.00, 0.00, 0.00, 1, '2021-07-20 01:51:49', '2021-07-19'),
('af6209638d1db72e8e5a3a1f52f66a1c', 'c037bc58fc3084b7dea24326c9e61ea9', '76cc0d76bec6a6e8233202afc8bdb688', 'fb85aee11e7190e586d2422f24a604e6', 'd7578c13b1ac91dc2d1379821f9e4fb1', 0, 3.00, 74.00, 0.00, 0.00, 222.00, 1, '2021-07-20 01:51:49', '2021-07-19'),
('130cc49c35d1d15636c1394d32d122d3', 'c037bc58fc3084b7dea24326c9e61ea9', '76cc0d76bec6a6e8233202afc8bdb688', 'fb85aee11e7190e586d2422f24a604e6', 'd7578c13b1ac91dc2d1379821f9e4fb1', 0, 1.00, 74.00, 0.00, 0.00, 74.00, 1, '2021-07-20 01:51:49', '2021-07-19'),
('438a56101546e6de2494681fd7413f43', 'c037bc58fc3084b7dea24326c9e61ea9', '76cc0d76bec6a6e8233202afc8bdb688', 'fb85aee11e7190e586d2422f24a604e6', 'd7578c13b1ac91dc2d1379821f9e4fb1', 0, 1.00, 74.00, 0.00, 0.00, 74.00, 1, '2021-07-20 01:51:49', '2021-07-19'),
('f791a46a20ce7ac8f910004dc1b9fc5a', 'c037bc58fc3084b7dea24326c9e61ea9', '76cc0d76bec6a6e8233202afc8bdb688', 'fb85aee11e7190e586d2422f24a604e6', 'e42b5938a9f505fc3733d5d1f4d86b75', 0, 1.00, 70.00, 0.00, 0.00, 70.00, 1, '2021-07-20 01:51:49', '2021-07-19'),
('43eedeecb205cb64a3f6a93fe2e869cd', 'c037bc58fc3084b7dea24326c9e61ea9', '76cc0d76bec6a6e8233202afc8bdb688', 'fb85aee11e7190e586d2422f24a604e6', 'e42b5938a9f505fc3733d5d1f4d86b75', 0, 5.00, 70.00, 0.00, 0.00, 350.00, 1, '2021-07-20 01:51:49', '2021-07-19'),
('b5dac50996b52214d4ba0ed067798b8a', 'c037bc58fc3084b7dea24326c9e61ea9', '76cc0d76bec6a6e8233202afc8bdb688', 'fb85aee11e7190e586d2422f24a604e6', 'c2ca56faa87067619d5417f56c6e1d4d', 0, 1.00, 20.00, 0.00, 0.00, 20.00, 1, '2021-07-20 01:51:49', '2021-07-19'),
('3eed715421aea61a083da0acaf39b14e', 'c037bc58fc3084b7dea24326c9e61ea9', '76cc0d76bec6a6e8233202afc8bdb688', 'fb85aee11e7190e586d2422f24a604e6', 'd7578c13b1ac91dc2d1379821f9e4fb1', 0, 2.00, 74.00, 0.00, 0.00, 148.00, 1, '2021-07-20 01:51:49', '2021-07-19'),
('0946ded690546b715e5ec988103a616b', 'c037bc58fc3084b7dea24326c9e61ea9', '76cc0d76bec6a6e8233202afc8bdb688', 'fb85aee11e7190e586d2422f24a604e6', '1b452a24794ecabd0b0298df04ac6b7e', 0, 1.00, 73.00, 0.00, 0.00, 73.00, 1, '2021-07-20 01:51:49', '2021-07-19'),
('a5797e5c8eedc91c50ad705bf4c6ebf3', 'c037bc58fc3084b7dea24326c9e61ea9', '76cc0d76bec6a6e8233202afc8bdb688', 'fb85aee11e7190e586d2422f24a604e6', 'e42b5938a9f505fc3733d5d1f4d86b75', 0, 3.00, 70.00, 0.00, 0.00, 210.00, 1, '2021-07-20 01:51:49', '2021-07-19'),
('9fcbf1399b95ba6ed22caf1feb72da05', 'c037bc58fc3084b7dea24326c9e61ea9', '76cc0d76bec6a6e8233202afc8bdb688', 'fb85aee11e7190e586d2422f24a604e6', 'e42b5938a9f505fc3733d5d1f4d86b75', 0, 2.00, 70.00, 0.00, 0.00, 140.00, 1, '2021-07-20 01:51:49', '2021-07-19'),
('b1580516389d22773c101c92df7d1f91', 'cd81b0319886819328bb253b228a3ba4', '76cc0d76bec6a6e8233202afc8bdb688', 'baa661154ee9582abf982570b201298e', '3fb13f78f8e5b00068798adffb5768c0', 0, 1.00, 245.00, 0.00, 0.00, 245.00, 1, '2021-07-20 12:39:14', '2021-07-20'),
('322c5131cd84fe4a1ea9ca0f9045ece8', '966bfc5abeca74988c49c746164dec23', '76cc0d76bec6a6e8233202afc8bdb688', '1be3842ece0b6fbab575bc32ea7737f5', '36a5e3eff091084750b0824d53aca151', 0, 5.00, 210.00, 0.00, 0.00, 1050.00, 1, '2021-07-20 13:17:13', '2021-07-20'),
('237f049f0b60dc0f023e6b812e4fc0b1', '966bfc5abeca74988c49c746164dec23', '76cc0d76bec6a6e8233202afc8bdb688', 'd583ed2bf0381b082922ec1b7f6abf70', '22687cc4300d5ed56df6453ab930d44c', 0, 2.00, 25.00, 0.00, 0.00, 50.00, 1, '2021-07-20 13:17:13', '2021-07-20'),
('669d4c85f01a776132a0badafde43caa', 'd889d643a876bc3a4b5da4731a76c303', '76cc0d76bec6a6e8233202afc8bdb688', 'baa661154ee9582abf982570b201298e', 'eaa73d829fd28bfeac958e0050f5b839', 0, 1.00, 160.00, 0.00, 0.00, 160.00, 1, '2021-07-20 14:09:53', '2021-07-20'),
('08eafd97ffd367390112055838a2e7e2', 'e47fedb208783fe341d0fa4b1c02a516', '76cc0d76bec6a6e8233202afc8bdb688', '1be3842ece0b6fbab575bc32ea7737f5', '26e6566d8847bdeae62487c1b2a6bef5', 0, 1.00, 117.00, 0.00, 0.00, 117.00, 1, '2021-07-20 14:10:40', '2021-07-20'),
('098679cf80a6371dea9c6b45df5a4013', 'f237f0b2b3ffccaf63950551dea81f98', '76cc0d76bec6a6e8233202afc8bdb688', '1be3842ece0b6fbab575bc32ea7737f5', '36a5e3eff091084750b0824d53aca151', 0, 1.00, 210.00, 0.00, 0.00, 210.00, 1, '2021-07-20 15:22:03', '2021-07-20'),
('fbd25612b9fa93de11862dbc260529e2', '35d08e792c545d8d01408d0d0329348f', '76cc0d76bec6a6e8233202afc8bdb688', '1be3842ece0b6fbab575bc32ea7737f5', '8fd0c3ba6c8b0e7280855a9bc4289f43', 0, 1.00, 216.00, 0.00, 0.00, 216.00, 1, '2021-07-20 15:23:11', '2021-07-20'),
('e763ab635f5bb57b1718bb0a60a8abf0', 'a8150afea2d6a254c514ab65e54e63ad', '76cc0d76bec6a6e8233202afc8bdb688', 'fb85aee11e7190e586d2422f24a604e6', '9ba592041ff36687d2317fba8d844cb6', 0, 2.00, 30.00, 0.00, 0.00, 60.00, 1, '2021-07-20 15:25:31', '2021-07-20'),
('02511038849d8224e8a3bdff8aa2d7a7', 'c52eefcc4c858ce1836c5b57b7fce800', '76cc0d76bec6a6e8233202afc8bdb688', 'baa661154ee9582abf982570b201298e', 'eaa73d829fd28bfeac958e0050f5b839', 0, 1.00, 160.00, 0.00, 0.00, 160.00, 1, '2021-07-20 15:50:49', '2021-07-20'),
('a0d74a0a216267a407660f76a2656ff8', '740bb6e4a9111b65be652fb0bbf33c60', '76cc0d76bec6a6e8233202afc8bdb688', '1be3842ece0b6fbab575bc32ea7737f5', '26e6566d8847bdeae62487c1b2a6bef5', 0, 7.00, 117.00, 0.00, 0.00, 819.00, 1, '2021-07-20 16:01:05', '2021-07-20'),
('d697f0431e2b3bfcccf1d4a99c6f116e', '740bb6e4a9111b65be652fb0bbf33c60', '76cc0d76bec6a6e8233202afc8bdb688', '1be3842ece0b6fbab575bc32ea7737f5', '36a5e3eff091084750b0824d53aca151', 0, 7.00, 210.00, 0.00, 0.00, 1470.00, 1, '2021-07-20 16:01:05', '2021-07-20'),
('ef1b795faa30df6e9339f5bc72e931bd', '740bb6e4a9111b65be652fb0bbf33c60', '76cc0d76bec6a6e8233202afc8bdb688', '1be3842ece0b6fbab575bc32ea7737f5', '8fd0c3ba6c8b0e7280855a9bc4289f43', 0, 4.00, 216.00, 0.00, 0.00, 864.00, 1, '2021-07-20 16:01:05', '2021-07-20'),
('0e77d4a78bb4b6146fb3133893e68590', '740bb6e4a9111b65be652fb0bbf33c60', '76cc0d76bec6a6e8233202afc8bdb688', 'd583ed2bf0381b082922ec1b7f6abf70', '1cc5d5ce068bfd271841f19a638c5743', 0, 1.00, 90.00, 0.00, 0.00, 90.00, 1, '2021-07-20 16:01:05', '2021-07-20'),
('9e1c45809ff1fcbadfadca05c9304f11', '740bb6e4a9111b65be652fb0bbf33c60', '76cc0d76bec6a6e8233202afc8bdb688', 'd583ed2bf0381b082922ec1b7f6abf70', '806edd7e30c25557ff5f5ab54dd615a7', 0, 1.00, 40.00, 0.00, 0.00, 40.00, 1, '2021-07-20 16:01:05', '2021-07-20'),
('a51ace2287ff4374aad04198033924ba', 'c29c4aea81ec3bed6eed390fbe40f300', '76cc0d76bec6a6e8233202afc8bdb688', 'fb85aee11e7190e586d2422f24a604e6', 'f39504e1768f6205c43f135a0e9e8b55', 0, 1.00, 60.00, 0.00, 0.00, 60.00, 1, '2021-07-20 16:29:16', '2021-07-20'),
('4326ae10f4f5d6ff8b6a7737d19cc12a', '6ba7a92918b0c298daa3bef05ada0256', '76cc0d76bec6a6e8233202afc8bdb688', 'fb85aee11e7190e586d2422f24a604e6', 'f39504e1768f6205c43f135a0e9e8b55', 0, 1.00, 60.00, 0.00, 0.00, 60.00, 1, '2021-07-20 16:34:53', '2021-07-20'),
('9bcd253c3bc7ca5c9c2f61a901f8b65f', 'ff468d896ff8344dd124699a6df67b72', '76cc0d76bec6a6e8233202afc8bdb688', 'baa661154ee9582abf982570b201298e', '99c81349fc11e2cf2ed9e71e3bfd07f7', 1, 3.00, 3.00, 0.00, 0.00, 9.00, 1, '2021-07-20 16:48:15', '2021-07-20'),
('52728bf78ae6daebf3ddabd9e8fb472f', '76a825577bbbea7f1dd6c23643cedf54', '76cc0d76bec6a6e8233202afc8bdb688', 'fb85aee11e7190e586d2422f24a604e6', 'e42b5938a9f505fc3733d5d1f4d86b75', 0, 1.00, 70.00, 0.00, 0.00, 70.00, 1, '2021-07-20 17:25:33', '2021-07-20'),
('7f95159f7efb56db65b40d59dad909f9', '166aee22e98758a0be3f2b2ad035e89c', '76cc0d76bec6a6e8233202afc8bdb688', 'baa661154ee9582abf982570b201298e', '4ba8477673d917d5fa8660a40025222b', 1, 6.00, 2.50, 0.00, 0.00, 15.00, 1, '2021-07-20 18:09:09', '2021-07-20'),
('891e027899a8b826dd97c3272d11269f', 'a7f7d6758bdf9c918d43361866c19de3', '76cc0d76bec6a6e8233202afc8bdb688', '1be3842ece0b6fbab575bc32ea7737f5', '2d193486b66012bc87df5856871c9301', 0, 3.00, 213.00, 0.00, 0.00, 639.00, 1, '2021-07-20 18:51:33', '2021-07-20'),
('dec6687fc423262e32b676dcd3308003', '784d900bd167c2175d1624454cc029cb', '76cc0d76bec6a6e8233202afc8bdb688', '1be3842ece0b6fbab575bc32ea7737f5', '2604b026f292e1c71f048e279cc1e9d3', 0, 2.00, 195.00, 0.00, 0.00, 390.00, 1, '2021-07-20 18:57:50', '2021-07-20'),
('3a6a6e7daebff3c9a6c1586dc459e2f6', '02d5af1e965db505342b6cba474eecf4', '76cc0d76bec6a6e8233202afc8bdb688', 'baa661154ee9582abf982570b201298e', 'eaa73d829fd28bfeac958e0050f5b839', 0, 2.00, 160.00, 0.00, 0.00, 320.00, 1, '2021-07-20 21:31:26', '2021-07-20'),
('3e321a9ff106126464fa8aca50a5bce4', '02d5af1e965db505342b6cba474eecf4', '76cc0d76bec6a6e8233202afc8bdb688', 'baa661154ee9582abf982570b201298e', 'df9466b5ce80645800085a22eabe89c3', 0, 1.00, 220.00, 0.00, 0.00, 220.00, 1, '2021-07-20 21:31:26', '2021-07-20'),
('1fadbecae8c1eaec5b3ab80ff99932da', '28ebf368cc3b707f1115fb4e30b6d205', '76cc0d76bec6a6e8233202afc8bdb688', 'baa661154ee9582abf982570b201298e', '3fb13f78f8e5b00068798adffb5768c0', 1, 10.00, 3.00, 0.00, 0.00, 30.00, 1, '2021-07-20 21:56:37', '2021-07-20'),
('3ae4884328c3f8270b2c2f49c3eaa32e', '208a60dd800a58d74bb3cc7912e5cd72', '76cc0d76bec6a6e8233202afc8bdb688', 'fb85aee11e7190e586d2422f24a604e6', 'd7578c13b1ac91dc2d1379821f9e4fb1', 0, 1.00, 74.00, 0.00, 0.00, 74.00, 1, '2021-07-20 22:06:16', '2021-07-20'),
('2f66a4fa16d12b32ed5f31ca7ef6572f', '208a60dd800a58d74bb3cc7912e5cd72', '76cc0d76bec6a6e8233202afc8bdb688', 'fb85aee11e7190e586d2422f24a604e6', '1b452a24794ecabd0b0298df04ac6b7e', 0, 1.00, 73.00, 0.00, 0.00, 73.00, 1, '2021-07-20 22:06:16', '2021-07-20'),
('bf18ae4bf5631576d79523d14f6af354', '208a60dd800a58d74bb3cc7912e5cd72', '76cc0d76bec6a6e8233202afc8bdb688', 'fb85aee11e7190e586d2422f24a604e6', 'f39504e1768f6205c43f135a0e9e8b55', 0, 1.00, 60.00, 0.00, 0.00, 60.00, 1, '2021-07-20 22:06:16', '2021-07-20'),
('1d7742acae268c49c8ae37f04f6ab338', '208a60dd800a58d74bb3cc7912e5cd72', '76cc0d76bec6a6e8233202afc8bdb688', 'fb85aee11e7190e586d2422f24a604e6', '9969f7a5c6032acbfc8d6631b04b4941', 0, 1.00, 20.00, 0.00, 0.00, 20.00, 1, '2021-07-20 22:06:16', '2021-07-20'),
('5ed6eede154c41e87bffaa59a00b201f', '03b035fd4018320d90faab855dc72a79', '76cc0d76bec6a6e8233202afc8bdb688', '1be3842ece0b6fbab575bc32ea7737f5', '36a5e3eff091084750b0824d53aca151', 0, 1.00, 210.00, 0.00, 0.00, 210.00, 1, '2021-07-20 22:14:41', '2021-07-20'),
('561abba61da6e3521c43a5f0551f9fa0', 'c27a1ab8b15f726041f297da04199735', '76cc0d76bec6a6e8233202afc8bdb688', '1be3842ece0b6fbab575bc32ea7737f5', '26e6566d8847bdeae62487c1b2a6bef5', 0, 6.00, 117.00, 0.00, 0.00, 702.00, 1, '2021-07-20 22:39:37', '2021-07-20'),
('94daa4a258d47000961efd473dd86d94', 'aba76e0b2efd92ebb8d183b53d985d0e', '76cc0d76bec6a6e8233202afc8bdb688', 'baa661154ee9582abf982570b201298e', '0a34d783492e9a8ee5372315167bf199', 0, 1.00, 160.00, 0.00, 0.00, 160.00, 1, '2021-07-21 14:10:34', '2021-07-21'),
('c2f074f7f4eb6e6f911e59a7cf17f4f4', '75e988af6237a85dee54dbb879cd6b7e', '76cc0d76bec6a6e8233202afc8bdb688', '1be3842ece0b6fbab575bc32ea7737f5', '26e6566d8847bdeae62487c1b2a6bef5', 0, 4.00, 117.00, 0.00, 0.00, 468.00, 1, '2021-07-21 14:23:11', '2021-07-21'),
('a5a484825a5de022b810e2f058eb7a8e', '', '76cc0d76bec6a6e8233202afc8bdb688', '1be3842ece0b6fbab575bc32ea7737f5', '36a5e3eff091084750b0824d53aca151', 0, 4.00, 210.00, 0.00, 0.00, 840.00, 5, '2021-07-21 14:22:11', '2021-07-21');
INSERT INTO `detalle_factura` (`codigo_detalle`, `codigo_factura`, `codigo_usuario`, `codigo_categoria`, `codigo_producto`, `tipo`, `cantidad`, `precio`, `descuento`, `general`, `subtotal`, `estado`, `hora`, `fecha`) VALUES
('5424085e3e26268ee17c17e035249ec1', '75e988af6237a85dee54dbb879cd6b7e', '76cc0d76bec6a6e8233202afc8bdb688', '1be3842ece0b6fbab575bc32ea7737f5', '714ad6bfe88321790732292aae8dcf80', 0, 4.00, 120.00, 0.00, 0.00, 480.00, 1, '2021-07-21 14:23:11', '2021-07-21'),
('ed148a7f687fb2b07eefa1099b9ff460', 'cc73e9a001cc7b0a4a074b2eaa028f72', '76cc0d76bec6a6e8233202afc8bdb688', 'baa661154ee9582abf982570b201298e', '6fe4b69479dfa8c6c3b56da53059d8bb', 0, 1.00, 225.00, 0.00, 0.00, 225.00, 1, '2021-07-21 15:10:24', '2021-07-21'),
('42858f1b89a9f604aaed9b3812efafc3', 'c2daea57ffcd18cf2ef2cf4f4684e02f', '76cc0d76bec6a6e8233202afc8bdb688', 'baa661154ee9582abf982570b201298e', 'eaa73d829fd28bfeac958e0050f5b839', 0, 1.00, 160.00, 0.00, 0.00, 160.00, 1, '2021-07-21 15:12:55', '2021-07-21'),
('b4a194a5ea631c97a2e676f0c0fdf5fa', 'c2daea57ffcd18cf2ef2cf4f4684e02f', '76cc0d76bec6a6e8233202afc8bdb688', 'baa661154ee9582abf982570b201298e', '0a34d783492e9a8ee5372315167bf199', 0, 1.00, 160.00, 0.00, 0.00, 160.00, 1, '2021-07-21 15:12:55', '2021-07-21'),
('66dc0ccabcc3024fcb3cfa11c2bff43e', '8e247ebeeebb00cfcd0c967a8eed1ef2', '76cc0d76bec6a6e8233202afc8bdb688', 'baa661154ee9582abf982570b201298e', '6fe4b69479dfa8c6c3b56da53059d8bb', 0, 1.00, 225.00, 0.00, 0.00, 225.00, 1, '2021-07-21 15:14:08', '2021-07-21'),
('d395419bc82eb45e92bddefbb56fb45b', '3a36986af4828320569ae38b2ca539ac', '76cc0d76bec6a6e8233202afc8bdb688', 'baa661154ee9582abf982570b201298e', '99c81349fc11e2cf2ed9e71e3bfd07f7', 1, 6.00, 3.00, 0.00, 0.00, 18.00, 1, '2021-07-21 15:44:03', '2021-07-21'),
('b46356344999f1f0716ebe0d37d4aba3', '', '76cc0d76bec6a6e8233202afc8bdb688', 'baa661154ee9582abf982570b201298e', '4ba8477673d917d5fa8660a40025222b', 0, 3.00, 225.00, 0.00, 0.00, 675.00, 5, '2021-07-21 15:44:59', '2021-07-21'),
('99763cd80933a45e159f05a3e5b94d18', 'bc2945146910bf9fb5c52878b32a8747', '76cc0d76bec6a6e8233202afc8bdb688', 'baa661154ee9582abf982570b201298e', '4ba8477673d917d5fa8660a40025222b', 1, 3.00, 2.50, 0.00, 0.00, 7.50, 1, '2021-07-21 15:45:53', '2021-07-21'),
('cae63aba140859d783bcea26acb59f35', 'ff4ddcdec226e5fb788f15e321ce277a', '76cc0d76bec6a6e8233202afc8bdb688', '1be3842ece0b6fbab575bc32ea7737f5', '36a5e3eff091084750b0824d53aca151', 0, 1.00, 210.00, 0.00, 0.00, 210.00, 1, '2021-07-21 16:14:37', '2021-07-21'),
('836b99083563cc0480e6e986eb7458fa', '380ca2cc9493fed293d6dd876d59abd2', '76cc0d76bec6a6e8233202afc8bdb688', 'baa661154ee9582abf982570b201298e', 'd30da45f5933bf9e7082c58964ef8d48', 0, 1.00, 150.00, 0.00, 0.00, 150.00, 1, '2021-07-21 18:13:23', '2021-07-21'),
('f3f64c0ce39df2f307e8e32ad0121703', '9b2f13b9600bbce15428ca9c83a2df29', '76cc0d76bec6a6e8233202afc8bdb688', '1be3842ece0b6fbab575bc32ea7737f5', '36a5e3eff091084750b0824d53aca151', 0, 10.00, 210.00, 3.00, 30.00, 2100.00, 1, '2021-07-21 21:03:35', '2021-07-21'),
('400920b069942488bf138945df856e1d', '6f4e4d22297232c5daefbf75e84cf60c', '76cc0d76bec6a6e8233202afc8bdb688', 'd583ed2bf0381b082922ec1b7f6abf70', '49315777eca0ab4fb7d6a46951e40d62', 0, 1.00, 12.00, 0.00, 0.00, 12.00, 1, '2021-07-21 21:13:00', '2021-07-21'),
('1773d317f6f8c7b120268e4231dbce3d', '81ac468d06d102d0990b87cbfb23f1fa', '76cc0d76bec6a6e8233202afc8bdb688', 'fb85aee11e7190e586d2422f24a604e6', '1b452a24794ecabd0b0298df04ac6b7e', 0, 2.00, 73.00, 0.00, 0.00, 146.00, 1, '2021-07-21 21:14:56', '2021-07-21'),
('a099df42141ec47f6d314e128ca76fdb', '81ac468d06d102d0990b87cbfb23f1fa', '76cc0d76bec6a6e8233202afc8bdb688', 'fb85aee11e7190e586d2422f24a604e6', 'd7578c13b1ac91dc2d1379821f9e4fb1', 0, 1.00, 74.00, 0.00, 0.00, 74.00, 1, '2021-07-21 21:14:56', '2021-07-21'),
('a63b7f66c75cae6fe61b03b7ed26fd87', '81ac468d06d102d0990b87cbfb23f1fa', '76cc0d76bec6a6e8233202afc8bdb688', 'fb85aee11e7190e586d2422f24a604e6', '9969f7a5c6032acbfc8d6631b04b4941', 0, 2.00, 20.00, 0.00, 0.00, 40.00, 1, '2021-07-21 21:14:56', '2021-07-21'),
('24467e0705d3db6dd6f549750035b1b8', '539f4824bc0af86f09514e83cd54f5f7', '76cc0d76bec6a6e8233202afc8bdb688', 'baa661154ee9582abf982570b201298e', '5e36c5dac6a16841ce52ffc66ba989cc', 0, 1.00, 175.00, 0.00, 0.00, 175.00, 1, '2021-07-21 21:57:51', '2021-07-21'),
('7bafd26d3cffc4a256c0c84994f2b2ee', '', '76cc0d76bec6a6e8233202afc8bdb688', 'baa661154ee9582abf982570b201298e', '4a25e5e19e5e087987624cc896e2856a', 1, 4.00, 0.00, 0.00, 0.00, 0.00, 5, '2021-07-21 23:28:04', '2021-07-21'),
('d701cfeb6ad21960148de02bd16fdfdf', '', '76cc0d76bec6a6e8233202afc8bdb688', 'baa661154ee9582abf982570b201298e', '4a25e5e19e5e087987624cc896e2856a', 1, 4.00, 0.00, 0.00, 0.00, 0.00, 5, '2021-07-21 23:28:55', '2021-07-21'),
('7880046804047f93101044286c3d5a07', '', '76cc0d76bec6a6e8233202afc8bdb688', 'baa661154ee9582abf982570b201298e', '4a25e5e19e5e087987624cc896e2856a', 1, 4.00, 0.00, 0.00, 0.00, 0.00, 5, '2021-07-21 23:30:18', '2021-07-21'),
('bb3307c35d97cd769804b33f78254a89', '', '76cc0d76bec6a6e8233202afc8bdb688', 'baa661154ee9582abf982570b201298e', '4a25e5e19e5e087987624cc896e2856a', 1, 4.00, 0.00, 0.00, 0.00, 0.00, 5, '2021-07-21 23:30:20', '2021-07-21'),
('9e6b248aa405bf65da4ce17b6c1bed89', '1b191568b3b35214be2d2c53d2759c77', '76cc0d76bec6a6e8233202afc8bdb688', '1be3842ece0b6fbab575bc32ea7737f5', '714ad6bfe88321790732292aae8dcf80', 0, 3.00, 120.00, 0.00, 0.00, 360.00, 1, '2021-07-21 23:56:00', '2021-07-21'),
('6719cefa9ab49ff25769e025e5e2eba5', '1b191568b3b35214be2d2c53d2759c77', '76cc0d76bec6a6e8233202afc8bdb688', '1be3842ece0b6fbab575bc32ea7737f5', '36a5e3eff091084750b0824d53aca151', 0, 1.00, 210.00, 0.00, 0.00, 210.00, 1, '2021-07-21 23:56:00', '2021-07-21'),
('b4177a5227b07038a7b26ac5e00aebcb', '42d65141c0aaa6499966ed6f12ec382c', '76cc0d76bec6a6e8233202afc8bdb688', 'baa661154ee9582abf982570b201298e', '3fb13f78f8e5b00068798adffb5768c0', 1, 4.00, 3.00, 0.00, 0.00, 12.00, 1, '2021-07-22 00:10:37', '2021-07-21'),
('45ecb3a8a5dccec83c8befd5d41f8606', '', '76cc0d76bec6a6e8233202afc8bdb688', 'baa661154ee9582abf982570b201298e', '99c81349fc11e2cf2ed9e71e3bfd07f7', 0, 10.00, 245.00, 0.00, 0.00, 2450.00, 5, '2021-07-22 00:35:37', '2021-07-21'),
('98d8316678731e38c9e62fdcb4e15c15', '253ec8e248ff5433c1ae6a2a68cbfd82', '76cc0d76bec6a6e8233202afc8bdb688', 'baa661154ee9582abf982570b201298e', '99c81349fc11e2cf2ed9e71e3bfd07f7', 1, 10.00, 3.00, 0.00, 0.00, 30.00, 1, '2021-07-22 00:36:15', '2021-07-21'),
('664b2537a9aaf75dec8fde205a6e85cd', '966f8bb0cd1e27c89243a739e9fdd0dc', '76cc0d76bec6a6e8233202afc8bdb688', 'baa661154ee9582abf982570b201298e', '4be27f694c872972dce6813f3d30498a', 0, 1.00, 140.00, 0.00, 0.00, 140.00, 1, '2021-07-22 13:55:45', '2021-07-22'),
('fc3cde5192360725041cc9c3c8bb0e4f', 'b28937c80c9850462c36b57554bd823f', '76cc0d76bec6a6e8233202afc8bdb688', 'baa661154ee9582abf982570b201298e', 'eaa73d829fd28bfeac958e0050f5b839', 0, 1.00, 160.00, 0.00, 0.00, 160.00, 1, '2021-07-22 14:04:15', '2021-07-22'),
('33bc81cc2f780e56ca9ef2e265d25f8e', '', '76cc0d76bec6a6e8233202afc8bdb688', '1be3842ece0b6fbab575bc32ea7737f5', '8fd0c3ba6c8b0e7280855a9bc4289f43', 1, 5.00, 0.00, 0.00, 0.00, 0.00, 5, '2021-07-22 21:47:54', '2021-07-22'),
('db1a6415cc5774749815053b52da66a9', '', '76cc0d76bec6a6e8233202afc8bdb688', '1be3842ece0b6fbab575bc32ea7737f5', '69f076d5498c2fa22c0750920a704449', 0, 5.00, 216.00, 0.00, 0.00, 1080.00, 5, '2021-07-22 21:48:41', '2021-07-22'),
('7c65064d83b39910d929cf7a042dc8f1', '79a20d8ed9c59d14a0f0ddbf4976b359', '76cc0d76bec6a6e8233202afc8bdb688', '1be3842ece0b6fbab575bc32ea7737f5', '69f076d5498c2fa22c0750920a704449', 0, 5.00, 216.00, 2.00, 10.00, 1080.00, 1, '2021-07-22 21:51:44', '2021-07-22'),
('4c2ad53ed0f1f6abbd78bad167e09f75', '79a20d8ed9c59d14a0f0ddbf4976b359', '76cc0d76bec6a6e8233202afc8bdb688', '1be3842ece0b6fbab575bc32ea7737f5', '36a5e3eff091084750b0824d53aca151', 0, 10.00, 210.00, 2.00, 20.00, 2100.00, 1, '2021-07-22 21:51:44', '2021-07-22'),
('efb6740e2a5b840dc6d71bcfda5d9768', '79a20d8ed9c59d14a0f0ddbf4976b359', '76cc0d76bec6a6e8233202afc8bdb688', '1be3842ece0b6fbab575bc32ea7737f5', '8fd0c3ba6c8b0e7280855a9bc4289f43', 0, 5.00, 216.00, 2.00, 10.00, 1080.00, 1, '2021-07-22 21:51:44', '2021-07-22'),
('33929cf87e94893b4b8e93214a55ab69', '9d5735799954a0c41266cbe42d1eb890', '76cc0d76bec6a6e8233202afc8bdb688', 'baa661154ee9582abf982570b201298e', '3fb13f78f8e5b00068798adffb5768c0', 0, 1.00, 245.00, 0.00, 0.00, 245.00, 1, '2021-07-22 22:37:56', '2021-07-22'),
('4777d25b8bb7bb1b65c016612063cfb9', '9d5735799954a0c41266cbe42d1eb890', '76cc0d76bec6a6e8233202afc8bdb688', '1be3842ece0b6fbab575bc32ea7737f5', '36a5e3eff091084750b0824d53aca151', 0, 1.00, 210.00, 0.00, 0.00, 210.00, 1, '2021-07-22 22:37:56', '2021-07-22'),
('68a213736da582cf90fd1be2bdae1b2a', '9d5735799954a0c41266cbe42d1eb890', '76cc0d76bec6a6e8233202afc8bdb688', 'baa661154ee9582abf982570b201298e', '4f00419eb1e2b886a733526c76e33e47', 0, 1.00, 180.00, 0.00, 0.00, 180.00, 1, '2021-07-22 22:37:56', '2021-07-22'),
('e801517cfdad08f6267104a0c7124bb0', '9d5735799954a0c41266cbe42d1eb890', '76cc0d76bec6a6e8233202afc8bdb688', 'baa661154ee9582abf982570b201298e', '3fb13f78f8e5b00068798adffb5768c0', 1, 4.00, 3.00, 0.00, 0.00, 12.00, 1, '2021-07-22 22:37:56', '2021-07-22'),
('67ebe2643be533b3d17faa34f7234644', '9d5735799954a0c41266cbe42d1eb890', '76cc0d76bec6a6e8233202afc8bdb688', 'd583ed2bf0381b082922ec1b7f6abf70', '49315777eca0ab4fb7d6a46951e40d62', 0, 1.00, 12.00, 0.00, 0.00, 12.00, 1, '2021-07-22 22:37:56', '2021-07-22'),
('8c6b8ffa0291bd6d22db4ba39e14a1dd', '9d5735799954a0c41266cbe42d1eb890', '76cc0d76bec6a6e8233202afc8bdb688', 'baa661154ee9582abf982570b201298e', '4be27f694c872972dce6813f3d30498a', 0, 1.00, 140.00, 0.00, 0.00, 140.00, 1, '2021-07-22 22:37:56', '2021-07-22'),
('a8204255c55baea787f6241fb973a92f', '9d5735799954a0c41266cbe42d1eb890', '76cc0d76bec6a6e8233202afc8bdb688', 'baa661154ee9582abf982570b201298e', '1e9094269a9a451422cb769c6d80b91b', 0, 1.00, 158.00, 0.00, 0.00, 158.00, 1, '2021-07-22 22:37:56', '2021-07-22'),
('65142d0ffe9265da2d6a0d15674deda9', '', '76cc0d76bec6a6e8233202afc8bdb688', 'baa661154ee9582abf982570b201298e', '4a25e5e19e5e087987624cc896e2856a', 1, 3.00, 0.00, 0.00, 0.00, 0.00, 5, '2021-07-22 22:35:32', '2021-07-22'),
('a497ebcec76ed5900c268ecca5c656ab', '9d5735799954a0c41266cbe42d1eb890', '76cc0d76bec6a6e8233202afc8bdb688', '1be3842ece0b6fbab575bc32ea7737f5', '36a5e3eff091084750b0824d53aca151', 0, 1.00, 210.00, 0.00, 0.00, 210.00, 1, '2021-07-22 22:37:56', '2021-07-22'),
('61b665330da6b2437deafb3bf855c896', '9d5735799954a0c41266cbe42d1eb890', '76cc0d76bec6a6e8233202afc8bdb688', '1be3842ece0b6fbab575bc32ea7737f5', '36a5e3eff091084750b0824d53aca151', 0, 2.00, 210.00, 0.00, 0.00, 420.00, 1, '2021-07-22 22:37:56', '2021-07-22'),
('b5afca65c85f3c862aa3c16314c0c86d', '9d5735799954a0c41266cbe42d1eb890', '76cc0d76bec6a6e8233202afc8bdb688', '1be3842ece0b6fbab575bc32ea7737f5', '26e6566d8847bdeae62487c1b2a6bef5', 0, 2.00, 117.00, 0.00, 0.00, 234.00, 1, '2021-07-22 22:37:56', '2021-07-22'),
('eff09001fcaa8fef8760e51e1697bd58', '', '76cc0d76bec6a6e8233202afc8bdb688', 'baa661154ee9582abf982570b201298e', '4a25e5e19e5e087987624cc896e2856a', 1, 4.00, 0.00, 0.00, 0.00, 0.00, 5, '2021-07-22 22:37:45', '2021-07-22'),
('c450d01a4b1da9eccc90525c7b648420', '', '76cc0d76bec6a6e8233202afc8bdb688', 'baa661154ee9582abf982570b201298e', '4a25e5e19e5e087987624cc896e2856a', 1, 3.00, 0.00, 0.00, 0.00, 0.00, 5, '2021-07-22 22:38:41', '2021-07-22'),
('f82ee96d4a6466889dc487a6a8acfea7', '65773461638c77f3bd94d69956ebbe23', '76cc0d76bec6a6e8233202afc8bdb688', 'fb85aee11e7190e586d2422f24a604e6', 'e42b5938a9f505fc3733d5d1f4d86b75', 0, 5.00, 70.00, 0.00, 0.00, 350.00, 1, '2021-07-22 22:43:00', '2021-07-22'),
('cc0c58925da4016d4bf126f778fed7bb', '65773461638c77f3bd94d69956ebbe23', '76cc0d76bec6a6e8233202afc8bdb688', 'fb85aee11e7190e586d2422f24a604e6', 'd7578c13b1ac91dc2d1379821f9e4fb1', 0, 1.00, 74.00, 0.00, 0.00, 74.00, 1, '2021-07-22 22:43:00', '2021-07-22'),
('b6f00c72a3da9ae363686b0bdb7d1210', '65773461638c77f3bd94d69956ebbe23', '76cc0d76bec6a6e8233202afc8bdb688', 'fb85aee11e7190e586d2422f24a604e6', '1b452a24794ecabd0b0298df04ac6b7e', 0, 1.00, 73.00, 0.00, 0.00, 73.00, 1, '2021-07-22 22:43:00', '2021-07-22'),
('e2195eb929b605c537ae319ef4d1f11f', '65773461638c77f3bd94d69956ebbe23', '76cc0d76bec6a6e8233202afc8bdb688', 'fb85aee11e7190e586d2422f24a604e6', 'e42b5938a9f505fc3733d5d1f4d86b75', 0, 1.00, 70.00, 0.00, 0.00, 70.00, 1, '2021-07-22 22:43:00', '2021-07-22'),
('5ae70e18afe11950630a3a8b3c091298', '65773461638c77f3bd94d69956ebbe23', '76cc0d76bec6a6e8233202afc8bdb688', 'fb85aee11e7190e586d2422f24a604e6', 'f39504e1768f6205c43f135a0e9e8b55', 0, 2.00, 60.00, 0.00, 0.00, 120.00, 1, '2021-07-22 22:43:00', '2021-07-22'),
('2a884673e5eda5820dc4858d8ce974fa', '65773461638c77f3bd94d69956ebbe23', '76cc0d76bec6a6e8233202afc8bdb688', 'fb85aee11e7190e586d2422f24a604e6', 'd7578c13b1ac91dc2d1379821f9e4fb1', 0, 2.00, 74.00, 0.00, 0.00, 148.00, 1, '2021-07-22 22:43:00', '2021-07-22'),
('e0afe39fa6e4a39d5e6e82719cca4642', '65773461638c77f3bd94d69956ebbe23', '76cc0d76bec6a6e8233202afc8bdb688', 'fb85aee11e7190e586d2422f24a604e6', '1b452a24794ecabd0b0298df04ac6b7e', 0, 1.00, 73.00, 0.00, 0.00, 73.00, 1, '2021-07-22 22:43:00', '2021-07-22'),
('275d2c3d3292baed4e6e484fe8ea776e', '65773461638c77f3bd94d69956ebbe23', '76cc0d76bec6a6e8233202afc8bdb688', 'fb85aee11e7190e586d2422f24a604e6', 'c2ca56faa87067619d5417f56c6e1d4d', 0, 2.00, 20.00, 0.00, 0.00, 40.00, 1, '2021-07-22 22:43:00', '2021-07-22'),
('f7397cde0ef312142a3568f6c1784281', '65773461638c77f3bd94d69956ebbe23', '76cc0d76bec6a6e8233202afc8bdb688', 'fb85aee11e7190e586d2422f24a604e6', 'e27a1cdfcec5e74a56cfa4d00907cf2c', 0, 1.00, 50.00, 0.00, 0.00, 50.00, 1, '2021-07-22 22:43:00', '2021-07-22'),
('d46b8bb208cf7c8943ffd1c7dd5ea7a1', '65773461638c77f3bd94d69956ebbe23', '76cc0d76bec6a6e8233202afc8bdb688', 'fb85aee11e7190e586d2422f24a604e6', '22b7c3e00f1c4be3db35d60b5260534b', 0, 1.00, 25.00, 0.00, 0.00, 25.00, 1, '2021-07-22 22:43:00', '2021-07-22'),
('dcba79e906dc55eb742b929f61d4ee24', '', '76cc0d76bec6a6e8233202afc8bdb688', 'baa661154ee9582abf982570b201298e', '4a25e5e19e5e087987624cc896e2856a', 1, 3.00, 0.00, 0.00, 0.00, 0.00, 5, '2021-07-22 22:44:20', '2021-07-22'),
('99afdea7574d35b40739cc8a628ae81c', '', '76cc0d76bec6a6e8233202afc8bdb688', 'baa661154ee9582abf982570b201298e', '4a25e5e19e5e087987624cc896e2856a', 1, 3.00, 0.00, 0.00, 0.00, 0.00, 5, '2021-07-23 15:13:53', '2021-07-22'),
('27ddcb692841056259c998c40f4e03cd', '9f973f02d3f4276d71367ffdec611c4b', '76cc0d76bec6a6e8233202afc8bdb688', '1be3842ece0b6fbab575bc32ea7737f5', '36a5e3eff091084750b0824d53aca151', 0, 2.00, 210.00, 0.00, 0.00, 420.00, 1, '2021-07-23 21:26:39', '2021-07-23'),
('4670ae7037fb5e1561f1821159e3c734', '9f973f02d3f4276d71367ffdec611c4b', '76cc0d76bec6a6e8233202afc8bdb688', '1be3842ece0b6fbab575bc32ea7737f5', '26e6566d8847bdeae62487c1b2a6bef5', 0, 2.00, 117.00, 0.00, 0.00, 234.00, 1, '2021-07-23 21:26:39', '2021-07-23'),
('28e6d72566b1ea8c2f3f08f9c83e7f10', 'e97cd9a8bf4df39515bcb2e66b6428bf', '76cc0d76bec6a6e8233202afc8bdb688', 'fb85aee11e7190e586d2422f24a604e6', 'e42b5938a9f505fc3733d5d1f4d86b75', 0, 2.00, 70.00, 0.00, 0.00, 140.00, 1, '2021-07-24 01:04:33', '2021-07-23'),
('f3ee2b9bf03af01abdb619b195b65977', 'e97cd9a8bf4df39515bcb2e66b6428bf', '76cc0d76bec6a6e8233202afc8bdb688', 'fb85aee11e7190e586d2422f24a604e6', 'e42b5938a9f505fc3733d5d1f4d86b75', 0, 3.00, 70.00, 0.00, 0.00, 210.00, 1, '2021-07-24 01:04:33', '2021-07-23'),
('b6e8f4860a3db858e551f992d4e62b6d', 'e97cd9a8bf4df39515bcb2e66b6428bf', '76cc0d76bec6a6e8233202afc8bdb688', 'fb85aee11e7190e586d2422f24a604e6', 'f39504e1768f6205c43f135a0e9e8b55', 0, 2.00, 60.00, 0.00, 0.00, 120.00, 1, '2021-07-24 01:04:33', '2021-07-23'),
('7838f0594bc48ddd1da8856d25acfbb1', 'e97cd9a8bf4df39515bcb2e66b6428bf', '76cc0d76bec6a6e8233202afc8bdb688', 'fb85aee11e7190e586d2422f24a604e6', '9969f7a5c6032acbfc8d6631b04b4941', 0, 1.00, 20.00, 0.00, 0.00, 20.00, 1, '2021-07-24 01:04:33', '2021-07-23'),
('8c33944f22f64283227a45b82105e2b0', 'e97cd9a8bf4df39515bcb2e66b6428bf', '76cc0d76bec6a6e8233202afc8bdb688', 'fb85aee11e7190e586d2422f24a604e6', 'd7578c13b1ac91dc2d1379821f9e4fb1', 0, 3.00, 74.00, 0.00, 0.00, 222.00, 1, '2021-07-24 01:04:33', '2021-07-23'),
('cacf51481e23dc3c96613186f90c9b16', '05d6791beeae537a273c15e56cbad9cc', '76cc0d76bec6a6e8233202afc8bdb688', 'baa661154ee9582abf982570b201298e', 'ec6d2557a790bf623c2b9c32e0291a62', 0, 2.00, 180.00, 0.00, 0.00, 360.00, 1, '2021-07-24 01:24:31', '2021-07-23'),
('814e74420e1c12678c4d03d4a59f7808', '05d6791beeae537a273c15e56cbad9cc', '76cc0d76bec6a6e8233202afc8bdb688', 'baa661154ee9582abf982570b201298e', '1e9094269a9a451422cb769c6d80b91b', 0, 2.00, 158.00, 0.00, 0.00, 316.00, 1, '2021-07-24 01:24:31', '2021-07-23'),
('a3240b854d9efaa6e3bd40490a8b82b6', '05d6791beeae537a273c15e56cbad9cc', '76cc0d76bec6a6e8233202afc8bdb688', 'baa661154ee9582abf982570b201298e', 'df9466b5ce80645800085a22eabe89c3', 0, 1.00, 220.00, 0.00, 0.00, 220.00, 1, '2021-07-24 01:24:31', '2021-07-23'),
('79b2da61276e0ef95392219d71cbc5c7', '05d6791beeae537a273c15e56cbad9cc', '76cc0d76bec6a6e8233202afc8bdb688', 'd583ed2bf0381b082922ec1b7f6abf70', '8be20f4f18f92c2dda918ef4daa95ea8', 0, 2.00, 50.00, 0.00, 0.00, 100.00, 1, '2021-07-24 01:24:31', '2021-07-23'),
('00fc99739ff0155052eb44258220ac47', '05d6791beeae537a273c15e56cbad9cc', '76cc0d76bec6a6e8233202afc8bdb688', 'd583ed2bf0381b082922ec1b7f6abf70', 'ba60c41e79a69909be474bd574810a93', 0, 1.00, 50.00, 0.00, 0.00, 50.00, 1, '2021-07-24 01:24:31', '2021-07-23'),
('dbaf4659972cd8fcc0937b5461355ea0', '05d6791beeae537a273c15e56cbad9cc', '76cc0d76bec6a6e8233202afc8bdb688', '1be3842ece0b6fbab575bc32ea7737f5', '36a5e3eff091084750b0824d53aca151', 0, 10.00, 210.00, 3.00, 30.00, 2100.00, 1, '2021-07-24 01:24:31', '2021-07-23'),
('e1707c818565aea88f8eee6d04b5c794', '05d6791beeae537a273c15e56cbad9cc', '76cc0d76bec6a6e8233202afc8bdb688', '1be3842ece0b6fbab575bc32ea7737f5', '69f076d5498c2fa22c0750920a704449', 0, 5.00, 216.00, 3.00, 15.00, 1080.00, 1, '2021-07-24 01:24:31', '2021-07-23'),
('891ce180dec15a2ff45d904516bd532a', '05d6791beeae537a273c15e56cbad9cc', '76cc0d76bec6a6e8233202afc8bdb688', '1be3842ece0b6fbab575bc32ea7737f5', '26e6566d8847bdeae62487c1b2a6bef5', 0, 2.00, 117.00, 3.00, 6.00, 234.00, 1, '2021-07-24 01:24:31', '2021-07-23'),
('cd4dd5454b98aa4808a37f6fbf4c3be7', '05d6791beeae537a273c15e56cbad9cc', '76cc0d76bec6a6e8233202afc8bdb688', '1be3842ece0b6fbab575bc32ea7737f5', '69f076d5498c2fa22c0750920a704449', 0, 1.00, 216.00, 0.00, 0.00, 216.00, 1, '2021-07-24 01:24:31', '2021-07-23'),
('6ba10564ce8eda699e9098371c57bf2b', '05d6791beeae537a273c15e56cbad9cc', '76cc0d76bec6a6e8233202afc8bdb688', 'baa661154ee9582abf982570b201298e', '4be27f694c872972dce6813f3d30498a', 0, 1.00, 140.00, 0.00, 0.00, 140.00, 1, '2021-07-24 01:24:31', '2021-07-23'),
('a1bfc577743cf327cccaf7f3afbd060b', '05d6791beeae537a273c15e56cbad9cc', '76cc0d76bec6a6e8233202afc8bdb688', 'baa661154ee9582abf982570b201298e', '3fb13f78f8e5b00068798adffb5768c0', 1, 10.00, 3.00, 0.00, 0.00, 30.00, 1, '2021-07-24 01:24:31', '2021-07-23'),
('6ae2f53adf0f69584588844494cfba28', '05d6791beeae537a273c15e56cbad9cc', '76cc0d76bec6a6e8233202afc8bdb688', 'baa661154ee9582abf982570b201298e', '6fe4b69479dfa8c6c3b56da53059d8bb', 0, 1.00, 225.00, 0.00, 0.00, 225.00, 1, '2021-07-24 01:24:31', '2021-07-23'),
('e8f22838cbf42b2f64101438f7b14fce', '05d6791beeae537a273c15e56cbad9cc', '76cc0d76bec6a6e8233202afc8bdb688', '1be3842ece0b6fbab575bc32ea7737f5', '36a5e3eff091084750b0824d53aca151', 0, 2.00, 210.00, 0.00, 0.00, 420.00, 1, '2021-07-24 01:24:31', '2021-07-23'),
('e1c0a25523fe55d19086580cac72fd6e', '05d6791beeae537a273c15e56cbad9cc', '76cc0d76bec6a6e8233202afc8bdb688', '1be3842ece0b6fbab575bc32ea7737f5', '26e6566d8847bdeae62487c1b2a6bef5', 0, 2.00, 117.00, 0.00, 0.00, 234.00, 1, '2021-07-24 01:24:31', '2021-07-23'),
('5da3615e663bb342984b2e0c8b283fb7', '05d6791beeae537a273c15e56cbad9cc', '76cc0d76bec6a6e8233202afc8bdb688', '1be3842ece0b6fbab575bc32ea7737f5', '36a5e3eff091084750b0824d53aca151', 0, 8.00, 210.00, 2.00, 16.00, 1680.00, 1, '2021-07-24 01:24:31', '2021-07-23'),
('29b4d81e911cdea51c582953d559b52b', '05d6791beeae537a273c15e56cbad9cc', '76cc0d76bec6a6e8233202afc8bdb688', '1be3842ece0b6fbab575bc32ea7737f5', '69f076d5498c2fa22c0750920a704449', 0, 8.00, 216.00, 2.00, 16.00, 1728.00, 1, '2021-07-24 01:24:31', '2021-07-23'),
('98d76cdeb3ba93fb92217b8a8f304b2d', '05d6791beeae537a273c15e56cbad9cc', '76cc0d76bec6a6e8233202afc8bdb688', 'baa661154ee9582abf982570b201298e', '4be27f694c872972dce6813f3d30498a', 0, 1.00, 140.00, 0.00, 0.00, 140.00, 1, '2021-07-24 01:24:31', '2021-07-23'),
('283c10712bf28fe03f5ed228edd254fa', '05d6791beeae537a273c15e56cbad9cc', '76cc0d76bec6a6e8233202afc8bdb688', 'baa661154ee9582abf982570b201298e', 'eaa73d829fd28bfeac958e0050f5b839', 0, 1.00, 160.00, 0.00, 0.00, 160.00, 1, '2021-07-24 01:24:31', '2021-07-23'),
('75b64341a9599ec67646e803924f33fc', '05d6791beeae537a273c15e56cbad9cc', '76cc0d76bec6a6e8233202afc8bdb688', '1be3842ece0b6fbab575bc32ea7737f5', '26e6566d8847bdeae62487c1b2a6bef5', 1, 10.00, 1.50, 0.00, 0.00, 15.00, 1, '2021-07-24 01:24:31', '2021-07-23'),
('b0587af8954c7535c51071325d808615', '05d6791beeae537a273c15e56cbad9cc', '76cc0d76bec6a6e8233202afc8bdb688', '1be3842ece0b6fbab575bc32ea7737f5', '26e6566d8847bdeae62487c1b2a6bef5', 1, 10.00, 1.50, 0.00, 0.00, 15.00, 1, '2021-07-24 01:24:31', '2021-07-23'),
('ca6babc785219c3ed2ace164c71d01b6', '05d6791beeae537a273c15e56cbad9cc', '76cc0d76bec6a6e8233202afc8bdb688', '1be3842ece0b6fbab575bc32ea7737f5', '26e6566d8847bdeae62487c1b2a6bef5', 1, 10.00, 1.50, 0.00, 0.00, 15.00, 1, '2021-07-24 01:24:31', '2021-07-23'),
('a4e6dafa2ad351476f95939f264744ea', '05d6791beeae537a273c15e56cbad9cc', '76cc0d76bec6a6e8233202afc8bdb688', '1be3842ece0b6fbab575bc32ea7737f5', '26e6566d8847bdeae62487c1b2a6bef5', 1, 10.00, 1.50, 0.00, 0.00, 15.00, 1, '2021-07-24 01:24:31', '2021-07-23'),
('155cb06a3c0e04f99b5e215b262a50a3', '', '76cc0d76bec6a6e8233202afc8bdb688', '1be3842ece0b6fbab575bc32ea7737f5', '36a5e3eff091084750b0824d53aca151', 0, 7.00, 210.00, 0.00, 0.00, 1470.00, 4, '2021-07-24 20:29:50', '2021-07-24'),
('f201a25aadd20c0fe68f3afb7a93cd66', '', '76cc0d76bec6a6e8233202afc8bdb688', '1be3842ece0b6fbab575bc32ea7737f5', '26e6566d8847bdeae62487c1b2a6bef5', 0, 3.00, 117.00, 0.00, 0.00, 351.00, 4, '2021-07-24 20:29:50', '2021-07-24'),
('7c39c2c20ff012956a6e8173aaeb7685', '', '76cc0d76bec6a6e8233202afc8bdb688', '1be3842ece0b6fbab575bc32ea7737f5', '36a5e3eff091084750b0824d53aca151', 0, 6.00, 210.00, 0.00, 0.00, 1260.00, 5, '2021-07-25 17:54:42', '2021-07-24'),
('cff91ebb74a59249bc245673801c3290', '', '76cc0d76bec6a6e8233202afc8bdb688', '1be3842ece0b6fbab575bc32ea7737f5', '26e6566d8847bdeae62487c1b2a6bef5', 0, 3.00, 117.00, 0.00, 0.00, 351.00, 5, '2021-07-25 17:54:40', '2021-07-24'),
('a554b7e46249c6ae3eb10cc5073c00bb', '', '76cc0d76bec6a6e8233202afc8bdb688', '1be3842ece0b6fbab575bc32ea7737f5', '714ad6bfe88321790732292aae8dcf80', 0, 1.00, 120.00, 0.00, 0.00, 120.00, 5, '2021-07-25 17:54:44', '2021-07-24'),
('9819dfb0cb8017a39a3c7f64d625b80c', '05969402f0bfc090584afbfe9f3dc40c', 'fac9173ebc681c18e432158195adb3b4', 'fb85aee11e7190e586d2422f24a604e6', 'f39504e1768f6205c43f135a0e9e8b55', 0, 22.00, 60.00, 0.00, 0.00, 1320.00, 1, '2021-07-25 03:21:09', '2021-07-24'),
('b96334a0cc1cf0cc02bbc0c60e3ebaaa', '05969402f0bfc090584afbfe9f3dc40c', 'fac9173ebc681c18e432158195adb3b4', 'fb85aee11e7190e586d2422f24a604e6', 'd7578c13b1ac91dc2d1379821f9e4fb1', 0, 53.00, 74.00, 0.00, 0.00, 3922.00, 1, '2021-07-25 03:21:09', '2021-07-24'),
('fac4abd2f9df1bbcb012e116c559eb1e', '05969402f0bfc090584afbfe9f3dc40c', 'fac9173ebc681c18e432158195adb3b4', 'fb85aee11e7190e586d2422f24a604e6', 'e42b5938a9f505fc3733d5d1f4d86b75', 0, 52.00, 70.00, 0.00, 0.00, 3640.00, 1, '2021-07-25 03:21:09', '2021-07-24'),
('8fee0108b5e52af6686176efb8430991', '05969402f0bfc090584afbfe9f3dc40c', 'fac9173ebc681c18e432158195adb3b4', 'fb85aee11e7190e586d2422f24a604e6', '1b452a24794ecabd0b0298df04ac6b7e', 0, 6.00, 73.00, 0.00, 0.00, 438.00, 1, '2021-07-25 03:21:09', '2021-07-24'),
('8085f030ee459fd8080c32be5927e548', '05969402f0bfc090584afbfe9f3dc40c', 'fac9173ebc681c18e432158195adb3b4', 'fb85aee11e7190e586d2422f24a604e6', '83d548b152a44995e5a4d878d73428a0', 0, 5.00, 68.00, 0.00, 0.00, 340.00, 1, '2021-07-25 03:21:09', '2021-07-24'),
('7c1b4e1973ed9ad2290d335c83282ae6', '05969402f0bfc090584afbfe9f3dc40c', 'fac9173ebc681c18e432158195adb3b4', 'fb85aee11e7190e586d2422f24a604e6', '9ba592041ff36687d2317fba8d844cb6', 0, 3.00, 30.00, 0.00, 0.00, 90.00, 1, '2021-07-25 03:21:09', '2021-07-24'),
('cad8d9368639bc2f518b52ed80799cab', '05969402f0bfc090584afbfe9f3dc40c', 'fac9173ebc681c18e432158195adb3b4', 'fb85aee11e7190e586d2422f24a604e6', 'c2ca56faa87067619d5417f56c6e1d4d', 0, 20.00, 20.00, 0.00, 0.00, 400.00, 1, '2021-07-25 03:21:09', '2021-07-24'),
('a281cf4e8411c7aeddba6bf340a88fc8', '05969402f0bfc090584afbfe9f3dc40c', 'fac9173ebc681c18e432158195adb3b4', 'fb85aee11e7190e586d2422f24a604e6', '9969f7a5c6032acbfc8d6631b04b4941', 0, 7.00, 20.00, 0.00, 0.00, 140.00, 1, '2021-07-25 03:21:09', '2021-07-24'),
('1f3da2d7d42c3317b77ca8950ea675e5', '05969402f0bfc090584afbfe9f3dc40c', 'fac9173ebc681c18e432158195adb3b4', 'fb85aee11e7190e586d2422f24a604e6', '532cc0b3709ba52694d3694272370552', 0, 1.00, 30.00, 0.00, 0.00, 30.00, 1, '2021-07-25 03:21:09', '2021-07-24'),
('e9927c617b59588ec228760adde80c97', '05969402f0bfc090584afbfe9f3dc40c', 'fac9173ebc681c18e432158195adb3b4', 'fb85aee11e7190e586d2422f24a604e6', '41af66ca7433384290782621a3b22afb', 0, 3.00, 60.00, 0.00, 0.00, 180.00, 1, '2021-07-25 03:21:09', '2021-07-24'),
('69e304d7c3748190a3c6a422424ffbe3', '05969402f0bfc090584afbfe9f3dc40c', 'fac9173ebc681c18e432158195adb3b4', 'fb85aee11e7190e586d2422f24a604e6', 'e27a1cdfcec5e74a56cfa4d00907cf2c', 0, 1.00, 50.00, 0.00, 0.00, 50.00, 1, '2021-07-25 03:21:09', '2021-07-24'),
('27e60f984b761ee793c2c60151631e11', '', '76cc0d76bec6a6e8233202afc8bdb688', '1be3842ece0b6fbab575bc32ea7737f5', '8fd0c3ba6c8b0e7280855a9bc4289f43', 0, 1.00, 217.00, 0.00, 0.00, 217.00, 4, '2021-07-25 17:54:37', '2021-07-25'),
('e9b4a1514b91836a3f21f377ce96895f', 'c98a58752cbb06ccbb33bafa6c215ead', '76cc0d76bec6a6e8233202afc8bdb688', '1be3842ece0b6fbab575bc32ea7737f5', '8fd0c3ba6c8b0e7280855a9bc4289f43', 0, 1.00, 217.00, 0.00, 0.00, 217.00, 1, '2021-07-25 17:58:02', '2021-07-25'),
('dba7768fa818f277eee9a8375a652893', 'c98a58752cbb06ccbb33bafa6c215ead', '76cc0d76bec6a6e8233202afc8bdb688', '1be3842ece0b6fbab575bc32ea7737f5', '26e6566d8847bdeae62487c1b2a6bef5', 0, 1.00, 117.00, 0.00, 0.00, 117.00, 1, '2021-07-25 17:58:02', '2021-07-25'),
('1437446dba1996752f562e69a2f4042c', 'c98a58752cbb06ccbb33bafa6c215ead', '76cc0d76bec6a6e8233202afc8bdb688', '1be3842ece0b6fbab575bc32ea7737f5', '36a5e3eff091084750b0824d53aca151', 0, 2.00, 210.00, 0.00, 0.00, 420.00, 1, '2021-07-25 17:58:02', '2021-07-25'),
('4095c7113f341c47f3924e45ca3c208f', 'c98a58752cbb06ccbb33bafa6c215ead', '76cc0d76bec6a6e8233202afc8bdb688', 'baa661154ee9582abf982570b201298e', '4ba8477673d917d5fa8660a40025222b', 0, 1.00, 225.00, 0.00, 0.00, 225.00, 1, '2021-07-25 17:58:02', '2021-07-25'),
('65ae429979e52b886962585dfc77d5e9', '5295b258c069ccb87490b8d2e4482f84', 'fac9173ebc681c18e432158195adb3b4', 'fb85aee11e7190e586d2422f24a604e6', 'f39504e1768f6205c43f135a0e9e8b55', 0, 27.00, 60.00, 0.00, 0.00, 1620.00, 1, '2021-07-26 22:50:04', '2021-07-26'),
('64897c37d4edd3dadb7ec9aae5b58933', '5295b258c069ccb87490b8d2e4482f84', 'fac9173ebc681c18e432158195adb3b4', 'fb85aee11e7190e586d2422f24a604e6', 'd7578c13b1ac91dc2d1379821f9e4fb1', 0, 77.00, 74.00, 0.00, 0.00, 5698.00, 1, '2021-07-26 22:50:04', '2021-07-26'),
('64842233af2716427c20b4c9dba6fde6', '5295b258c069ccb87490b8d2e4482f84', 'fac9173ebc681c18e432158195adb3b4', 'fb85aee11e7190e586d2422f24a604e6', 'e42b5938a9f505fc3733d5d1f4d86b75', 0, 57.00, 70.00, 0.00, 0.00, 3990.00, 1, '2021-07-26 22:50:04', '2021-07-26'),
('556af16eee9ea81ec1d7b814e1eba16e', '5295b258c069ccb87490b8d2e4482f84', 'fac9173ebc681c18e432158195adb3b4', 'fb85aee11e7190e586d2422f24a604e6', '1b452a24794ecabd0b0298df04ac6b7e', 0, 9.00, 73.00, 0.00, 0.00, 657.00, 1, '2021-07-26 22:50:04', '2021-07-26'),
('ab481088f0a34bd7e4c9eaeda01f4f39', '5295b258c069ccb87490b8d2e4482f84', 'fac9173ebc681c18e432158195adb3b4', 'fb85aee11e7190e586d2422f24a604e6', '83d548b152a44995e5a4d878d73428a0', 0, 6.00, 68.00, 0.00, 0.00, 408.00, 1, '2021-07-26 22:50:04', '2021-07-26'),
('c9853ec47e8e4e56779a7be3cb5d2922', '5295b258c069ccb87490b8d2e4482f84', 'fac9173ebc681c18e432158195adb3b4', 'fb85aee11e7190e586d2422f24a604e6', '9ba592041ff36687d2317fba8d844cb6', 0, 3.00, 30.00, 0.00, 0.00, 90.00, 1, '2021-07-26 22:50:04', '2021-07-26'),
('d1d7eaf9d308ad372a90bc78f07fd6e4', '5295b258c069ccb87490b8d2e4482f84', 'fac9173ebc681c18e432158195adb3b4', 'fb85aee11e7190e586d2422f24a604e6', 'c2ca56faa87067619d5417f56c6e1d4d', 0, 16.00, 20.00, 0.00, 0.00, 320.00, 1, '2021-07-26 22:50:04', '2021-07-26'),
('8a9d816f69ec833f1f8071e699b3866c', '5295b258c069ccb87490b8d2e4482f84', 'fac9173ebc681c18e432158195adb3b4', 'fb85aee11e7190e586d2422f24a604e6', '9969f7a5c6032acbfc8d6631b04b4941', 0, 6.00, 20.00, 0.00, 0.00, 120.00, 1, '2021-07-26 22:50:04', '2021-07-26'),
('fff69aadcf36648e4c2afb394efcbfda', '5295b258c069ccb87490b8d2e4482f84', 'fac9173ebc681c18e432158195adb3b4', 'fb85aee11e7190e586d2422f24a604e6', '532cc0b3709ba52694d3694272370552', 0, 5.00, 30.00, 0.00, 0.00, 150.00, 1, '2021-07-26 22:50:04', '2021-07-26'),
('a5f45b766be732870e700a5f7b17aa37', '5295b258c069ccb87490b8d2e4482f84', 'fac9173ebc681c18e432158195adb3b4', 'fb85aee11e7190e586d2422f24a604e6', '41af66ca7433384290782621a3b22afb', 0, 7.00, 60.00, 0.00, 0.00, 420.00, 1, '2021-07-26 22:50:04', '2021-07-26'),
('f74079e92e6e9bafc1114285332c6ffa', '5295b258c069ccb87490b8d2e4482f84', 'fac9173ebc681c18e432158195adb3b4', 'fb85aee11e7190e586d2422f24a604e6', 'e27a1cdfcec5e74a56cfa4d00907cf2c', 0, 2.00, 50.00, 0.00, 0.00, 100.00, 1, '2021-07-26 22:50:04', '2021-07-26'),
('6461f5e980dc9fa5026144ba7472e496', '5295b258c069ccb87490b8d2e4482f84', 'fac9173ebc681c18e432158195adb3b4', 'fb85aee11e7190e586d2422f24a604e6', '22b7c3e00f1c4be3db35d60b5260534b', 0, 5.00, 25.00, 0.00, 0.00, 125.00, 1, '2021-07-26 22:50:04', '2021-07-26'),
('c3fe1e47e2f98e80529dc89ac5bdacf1', '5db764d1b22ed8b8e6593f3bb70d408d', 'fac9173ebc681c18e432158195adb3b4', 'fb85aee11e7190e586d2422f24a604e6', 'f39504e1768f6205c43f135a0e9e8b55', 0, 5.00, 60.00, 0.00, 0.00, 300.00, 1, '2021-07-26 22:51:25', '2021-07-26'),
('6d615736df583ea84c235091606f9ac2', '5db764d1b22ed8b8e6593f3bb70d408d', 'fac9173ebc681c18e432158195adb3b4', 'fb85aee11e7190e586d2422f24a604e6', 'e42b5938a9f505fc3733d5d1f4d86b75', 0, 5.00, 70.00, 0.00, 0.00, 350.00, 1, '2021-07-26 22:51:25', '2021-07-26'),
('ce12274b0c3365b724b8ac2743d56ec5', '5db764d1b22ed8b8e6593f3bb70d408d', 'fac9173ebc681c18e432158195adb3b4', 'fb85aee11e7190e586d2422f24a604e6', '22b7c3e00f1c4be3db35d60b5260534b', 0, 4.00, 25.00, 0.00, 0.00, 100.00, 1, '2021-07-26 22:51:25', '2021-07-26'),
('121e7742eab9df25f741dfe508bed983', '5db764d1b22ed8b8e6593f3bb70d408d', 'fac9173ebc681c18e432158195adb3b4', 'fb85aee11e7190e586d2422f24a604e6', '9ba592041ff36687d2317fba8d844cb6', 0, 1.00, 30.00, 0.00, 0.00, 30.00, 1, '2021-07-26 22:51:25', '2021-07-26'),
('a6305b5cc23ffbfff4f3c05f7c7e157f', '5db764d1b22ed8b8e6593f3bb70d408d', 'fac9173ebc681c18e432158195adb3b4', 'fb85aee11e7190e586d2422f24a604e6', '6bdb33b0ea397a2fd64f9e380526366c', 0, 1.00, 50.00, 0.00, 0.00, 50.00, 1, '2021-07-26 22:51:25', '2021-07-26'),
('1d094d6c7b5a3af8fc31bc7cfc145c3a', '33a8c3fe91d7cbf355f89b5673fc7810', '76cc0d76bec6a6e8233202afc8bdb688', '1be3842ece0b6fbab575bc32ea7737f5', '8fd0c3ba6c8b0e7280855a9bc4289f43', 0, 2.00, 217.00, 0.00, 0.00, 434.00, 1, '2021-07-27 00:42:48', '2021-07-26'),
('83c4e22014d9e9f47418ec377d99afa6', '33a8c3fe91d7cbf355f89b5673fc7810', '76cc0d76bec6a6e8233202afc8bdb688', 'baa661154ee9582abf982570b201298e', 'eaa73d829fd28bfeac958e0050f5b839', 0, 1.00, 160.00, 0.00, 0.00, 160.00, 1, '2021-07-27 00:42:48', '2021-07-26'),
('2ed726c4663c73e806063160e75e8e05', '33a8c3fe91d7cbf355f89b5673fc7810', '76cc0d76bec6a6e8233202afc8bdb688', '1be3842ece0b6fbab575bc32ea7737f5', '5699a2f79de0f9f1935a6a02ededbc65', 0, 1.00, 117.00, 0.00, 0.00, 117.00, 1, '2021-07-27 00:42:48', '2021-07-26'),
('981ad7e4d878346c7968ced6bfe22248', '33a8c3fe91d7cbf355f89b5673fc7810', '76cc0d76bec6a6e8233202afc8bdb688', '1be3842ece0b6fbab575bc32ea7737f5', '8fd0c3ba6c8b0e7280855a9bc4289f43', 0, 1.00, 217.00, 0.00, 0.00, 217.00, 1, '2021-07-27 00:42:48', '2021-07-26'),
('7f785ea99aa685efdd72bffd79841280', '33a8c3fe91d7cbf355f89b5673fc7810', '76cc0d76bec6a6e8233202afc8bdb688', '1be3842ece0b6fbab575bc32ea7737f5', 'bbf5f1a8db96b89f75ed4e539de74371', 0, 2.00, 210.00, 0.00, 0.00, 420.00, 1, '2021-07-27 00:42:48', '2021-07-26'),
('1abb4a4a75d289da89ba77ea0fdedf99', '33a8c3fe91d7cbf355f89b5673fc7810', '76cc0d76bec6a6e8233202afc8bdb688', 'baa661154ee9582abf982570b201298e', 'd67c626f0a1e31a204ff0fdaffa5958a', 0, 1.00, 225.00, 0.00, 0.00, 225.00, 1, '2021-07-27 00:42:48', '2021-07-26'),
('ee3d6e1471c3bc6809521f86636130d7', '33a8c3fe91d7cbf355f89b5673fc7810', '76cc0d76bec6a6e8233202afc8bdb688', 'baa661154ee9582abf982570b201298e', 'd67c626f0a1e31a204ff0fdaffa5958a', 1, 20.00, 2.50, 0.00, 0.00, 50.00, 1, '2021-07-27 00:42:48', '2021-07-26'),
('ae525c4cce147cdf3425ad50a0f90738', '33a8c3fe91d7cbf355f89b5673fc7810', '76cc0d76bec6a6e8233202afc8bdb688', 'baa661154ee9582abf982570b201298e', '57027c3685ed14d169d91cd18bf69111', 0, 1.00, 185.00, 0.00, 0.00, 185.00, 1, '2021-07-27 00:42:48', '2021-07-26'),
('b4410fb894177aae970d562fb0217923', '33a8c3fe91d7cbf355f89b5673fc7810', '76cc0d76bec6a6e8233202afc8bdb688', 'baa661154ee9582abf982570b201298e', 'd67c626f0a1e31a204ff0fdaffa5958a', 1, 4.00, 2.50, 0.00, 0.00, 10.00, 1, '2021-07-27 00:42:48', '2021-07-26'),
('ee92f2304b6812ed287f6cc79c60ed57', '33a8c3fe91d7cbf355f89b5673fc7810', '76cc0d76bec6a6e8233202afc8bdb688', 'baa661154ee9582abf982570b201298e', 'd67c626f0a1e31a204ff0fdaffa5958a', 1, 2.00, 2.50, 0.00, 0.00, 5.00, 1, '2021-07-27 00:42:48', '2021-07-26'),
('b26f408bb52ac99a5d69202c19c64898', '', '76cc0d76bec6a6e8233202afc8bdb688', 'baa661154ee9582abf982570b201298e', 'd67c626f0a1e31a204ff0fdaffa5958a', 0, 15.00, 225.00, 0.00, 0.00, 3375.00, 5, '2021-07-27 00:41:35', '2021-07-26'),
('fdcde70026221e32f2e7a719b4646528', '33a8c3fe91d7cbf355f89b5673fc7810', '76cc0d76bec6a6e8233202afc8bdb688', 'baa661154ee9582abf982570b201298e', '997b487aa1eac3087ec3dccfe4eff7e1', 1, 1.00, 5.00, 0.00, 0.00, 5.00, 1, '2021-07-27 00:42:48', '2021-07-26'),
('8a699c9683a4ce794647a7064258b5a4', '33a8c3fe91d7cbf355f89b5673fc7810', '76cc0d76bec6a6e8233202afc8bdb688', 'baa661154ee9582abf982570b201298e', 'd67c626f0a1e31a204ff0fdaffa5958a', 1, 20.00, 2.50, 0.00, 0.00, 50.00, 1, '2021-07-27 00:42:48', '2021-07-26'),
('be1b963e2c29e14d6e8a57bd61e8bc67', '33a8c3fe91d7cbf355f89b5673fc7810', '76cc0d76bec6a6e8233202afc8bdb688', 'baa661154ee9582abf982570b201298e', 'd67c626f0a1e31a204ff0fdaffa5958a', 1, 4.00, 2.50, 0.00, 0.00, 10.00, 1, '2021-07-27 00:42:48', '2021-07-26'),
('c89d0a5252b092c5299eafda7ed45ac8', '33a8c3fe91d7cbf355f89b5673fc7810', '76cc0d76bec6a6e8233202afc8bdb688', 'baa661154ee9582abf982570b201298e', 'ae917466270441c2f049ccf746d60da2', 1, 8.00, 0.00, 0.00, 0.00, 0.00, 1, '2021-07-27 00:42:48', '2021-07-26'),
('a629cf7ad715aa0f2c1e34be86144bb1', '33a8c3fe91d7cbf355f89b5673fc7810', '76cc0d76bec6a6e8233202afc8bdb688', 'baa661154ee9582abf982570b201298e', 'd67c626f0a1e31a204ff0fdaffa5958a', 1, 15.00, 2.50, 0.00, 0.00, 37.50, 1, '2021-07-27 00:42:48', '2021-07-26'),
('ded0c5e807845b1172272143014301e6', '4d17873f90c49bfc3d2aeac16c10054b', '76cc0d76bec6a6e8233202afc8bdb688', 'd583ed2bf0381b082922ec1b7f6abf70', '89b24d6796aa0be4a10858d5ec32e9c6', 0, 1.00, 176.00, 0.00, 0.00, 176.00, 1, '2021-07-27 00:58:27', '2021-07-26'),
('38966b7118f2c1eb4f12da828a2b947b', '4d17873f90c49bfc3d2aeac16c10054b', '76cc0d76bec6a6e8233202afc8bdb688', 'baa661154ee9582abf982570b201298e', 'd67c626f0a1e31a204ff0fdaffa5958a', 1, 6.00, 2.50, 0.00, 0.00, 15.00, 1, '2021-07-27 00:58:27', '2021-07-26'),
('1c0d0ea370b4c428d2a2cbe9795d720a', '4d17873f90c49bfc3d2aeac16c10054b', '76cc0d76bec6a6e8233202afc8bdb688', 'baa661154ee9582abf982570b201298e', '9578eb421cc77a2066505fcd877bff01', 1, 6.00, 3.00, 0.00, 0.00, 18.00, 1, '2021-07-27 00:58:27', '2021-07-26'),
('7de3304b1dbcbe30625a8cecf46b3f9d', '4d17873f90c49bfc3d2aeac16c10054b', '76cc0d76bec6a6e8233202afc8bdb688', 'baa661154ee9582abf982570b201298e', 'ae917466270441c2f049ccf746d60da2', 0, 1.00, 225.00, 0.00, 0.00, 225.00, 1, '2021-07-27 00:58:27', '2021-07-26'),
('9bc2d8278c6254c2134aa8dcafc2916a', '4d17873f90c49bfc3d2aeac16c10054b', '76cc0d76bec6a6e8233202afc8bdb688', 'baa661154ee9582abf982570b201298e', 'ae917466270441c2f049ccf746d60da2', 1, 25.00, 0.00, 0.00, 0.00, 0.00, 1, '2021-07-27 00:58:27', '2021-07-26'),
('244e379427a26ac2cd186ce0874ee9d5', '4d17873f90c49bfc3d2aeac16c10054b', '76cc0d76bec6a6e8233202afc8bdb688', 'baa661154ee9582abf982570b201298e', '4f00419eb1e2b886a733526c76e33e47', 0, 1.00, 180.00, 0.00, 0.00, 180.00, 1, '2021-07-27 00:58:27', '2021-07-26'),
('c1ee2e6c7f02f88148e7036253e867ef', '4d17873f90c49bfc3d2aeac16c10054b', '76cc0d76bec6a6e8233202afc8bdb688', 'baa661154ee9582abf982570b201298e', '1e9094269a9a451422cb769c6d80b91b', 0, 2.00, 158.00, 0.00, 0.00, 316.00, 1, '2021-07-27 00:58:27', '2021-07-26'),
('eed7723d318aa68f301cf5cfe528b2bb', '4d17873f90c49bfc3d2aeac16c10054b', '76cc0d76bec6a6e8233202afc8bdb688', 'baa661154ee9582abf982570b201298e', 'ae917466270441c2f049ccf746d60da2', 0, 2.00, 225.00, 0.00, 0.00, 450.00, 1, '2021-07-27 00:58:27', '2021-07-26'),
('a4f9b579ea01dc3cd72d36de9b2f176d', '4d17873f90c49bfc3d2aeac16c10054b', '76cc0d76bec6a6e8233202afc8bdb688', 'baa661154ee9582abf982570b201298e', 'ec6d2557a790bf623c2b9c32e0291a62', 0, 1.00, 180.00, 0.00, 0.00, 180.00, 1, '2021-07-27 00:58:27', '2021-07-26'),
('6c46eae5e8455170e7af7883d88312a4', '4d17873f90c49bfc3d2aeac16c10054b', '76cc0d76bec6a6e8233202afc8bdb688', 'baa661154ee9582abf982570b201298e', 'b2c1e320c81b54537a6270488e335e1c', 0, 1.00, 90.00, 0.00, 0.00, 90.00, 1, '2021-07-27 00:58:27', '2021-07-26'),
('dd8a893719826f617643e55aa986ee22', '4d17873f90c49bfc3d2aeac16c10054b', '76cc0d76bec6a6e8233202afc8bdb688', '1be3842ece0b6fbab575bc32ea7737f5', '5699a2f79de0f9f1935a6a02ededbc65', 0, 1.00, 117.00, 0.00, 0.00, 117.00, 1, '2021-07-27 00:58:27', '2021-07-26'),
('4b9ac3ad7c6b6693a6ed9efd87854d77', '4d17873f90c49bfc3d2aeac16c10054b', '76cc0d76bec6a6e8233202afc8bdb688', '1be3842ece0b6fbab575bc32ea7737f5', '8fd0c3ba6c8b0e7280855a9bc4289f43', 0, 1.00, 217.00, 0.00, 0.00, 217.00, 1, '2021-07-27 00:58:27', '2021-07-26'),
('6a65733a20a890b45737532888d07f5c', '4d17873f90c49bfc3d2aeac16c10054b', '76cc0d76bec6a6e8233202afc8bdb688', 'baa661154ee9582abf982570b201298e', '57027c3685ed14d169d91cd18bf69111', 0, 1.00, 185.00, 0.00, 0.00, 185.00, 1, '2021-07-27 00:58:27', '2021-07-26'),
('005346bf443f88dd56eac4e4603bf50f', '4d17873f90c49bfc3d2aeac16c10054b', '76cc0d76bec6a6e8233202afc8bdb688', 'baa661154ee9582abf982570b201298e', '4be27f694c872972dce6813f3d30498a', 0, 1.00, 140.00, 0.00, 0.00, 140.00, 1, '2021-07-27 00:58:27', '2021-07-26'),
('79c488e1974f64c90c8b6d18f7f7cc6c', '4d17873f90c49bfc3d2aeac16c10054b', '76cc0d76bec6a6e8233202afc8bdb688', 'baa661154ee9582abf982570b201298e', 'ae917466270441c2f049ccf746d60da2', 0, 1.00, 225.00, 0.00, 0.00, 225.00, 1, '2021-07-27 00:58:27', '2021-07-26'),
('800a145b8bba7cfa2c2735c69a0a0a76', '4d17873f90c49bfc3d2aeac16c10054b', '76cc0d76bec6a6e8233202afc8bdb688', 'baa661154ee9582abf982570b201298e', '0de734fc74e4766ee8f55d35afc6bbb4', 1, 40.00, 3.00, 0.00, 0.00, 120.00, 1, '2021-07-27 00:58:27', '2021-07-26'),
('ff5595ed6d581a74efc49a8899db0a5d', '4d17873f90c49bfc3d2aeac16c10054b', '76cc0d76bec6a6e8233202afc8bdb688', 'baa661154ee9582abf982570b201298e', 'd67c626f0a1e31a204ff0fdaffa5958a', 1, 8.00, 2.50, 0.00, 0.00, 20.00, 1, '2021-07-27 00:58:27', '2021-07-26'),
('8ebdba64fa136d76b70618891ab65116', '4d17873f90c49bfc3d2aeac16c10054b', '76cc0d76bec6a6e8233202afc8bdb688', '1be3842ece0b6fbab575bc32ea7737f5', '5699a2f79de0f9f1935a6a02ededbc65', 0, 1.00, 117.00, 0.00, 0.00, 117.00, 1, '2021-07-27 00:58:27', '2021-07-26'),
('3b0e5ebaea56cd2b4a228974c43c9faf', '4d17873f90c49bfc3d2aeac16c10054b', '76cc0d76bec6a6e8233202afc8bdb688', 'baa661154ee9582abf982570b201298e', '9fc21aa42ea2042018f2f6bcdf4b95e3', 0, 3.00, 165.00, 3.00, 9.00, 495.00, 1, '2021-07-27 00:58:27', '2021-07-26'),
('284c8c2e782c8c5334866bd92538ca0c', '4d17873f90c49bfc3d2aeac16c10054b', '76cc0d76bec6a6e8233202afc8bdb688', 'baa661154ee9582abf982570b201298e', 'eaa73d829fd28bfeac958e0050f5b839', 0, 2.00, 160.00, 3.00, 6.00, 320.00, 1, '2021-07-27 00:58:27', '2021-07-26'),
('8a85cd08146593883c3c84d89ff21350', '4d17873f90c49bfc3d2aeac16c10054b', '76cc0d76bec6a6e8233202afc8bdb688', 'baa661154ee9582abf982570b201298e', '0de734fc74e4766ee8f55d35afc6bbb4', 0, 1.00, 245.00, 3.00, 3.00, 245.00, 1, '2021-07-27 00:58:27', '2021-07-26'),
('fd8a4118072cb0aac7d3615283b1ee45', '4d17873f90c49bfc3d2aeac16c10054b', '76cc0d76bec6a6e8233202afc8bdb688', 'baa661154ee9582abf982570b201298e', '4be27f694c872972dce6813f3d30498a', 0, 2.00, 140.00, 3.00, 6.00, 280.00, 1, '2021-07-27 00:58:27', '2021-07-26'),
('1749fb09d6a2928d5688669f87e60424', '4d17873f90c49bfc3d2aeac16c10054b', '76cc0d76bec6a6e8233202afc8bdb688', 'baa661154ee9582abf982570b201298e', '1e9094269a9a451422cb769c6d80b91b', 0, 2.00, 158.00, 3.00, 6.00, 316.00, 1, '2021-07-27 00:58:27', '2021-07-26'),
('335053dd5d3a0a0837774d3687743a87', '4d17873f90c49bfc3d2aeac16c10054b', '76cc0d76bec6a6e8233202afc8bdb688', 'baa661154ee9582abf982570b201298e', 'ae917466270441c2f049ccf746d60da2', 0, 2.00, 225.00, 3.00, 6.00, 450.00, 1, '2021-07-27 00:58:27', '2021-07-26'),
('0f6f60f2c7f75a275999b36c9b8afe25', '4d17873f90c49bfc3d2aeac16c10054b', '76cc0d76bec6a6e8233202afc8bdb688', 'baa661154ee9582abf982570b201298e', 'd67c626f0a1e31a204ff0fdaffa5958a', 0, 2.00, 225.00, 3.00, 6.00, 450.00, 1, '2021-07-27 00:58:27', '2021-07-26'),
('3d542eabd864f166904e4af5e3321908', '4d17873f90c49bfc3d2aeac16c10054b', '76cc0d76bec6a6e8233202afc8bdb688', 'baa661154ee9582abf982570b201298e', '57027c3685ed14d169d91cd18bf69111', 0, 1.00, 185.00, 0.00, 0.00, 185.00, 1, '2021-07-27 00:58:27', '2021-07-26'),
('65bb0ad4d6701b59a25b7530de5decff', '4d17873f90c49bfc3d2aeac16c10054b', '76cc0d76bec6a6e8233202afc8bdb688', 'baa661154ee9582abf982570b201298e', 'd67c626f0a1e31a204ff0fdaffa5958a', 1, 50.00, 2.50, 0.00, 0.00, 125.00, 1, '2021-07-27 00:58:27', '2021-07-26'),
('d7942b37c7f4fa827c6834513825874f', 'ae888df82b2f21c408d2a1528fe2e70d', '76cc0d76bec6a6e8233202afc8bdb688', '1be3842ece0b6fbab575bc32ea7737f5', '2d193486b66012bc87df5856871c9301', 0, 5.00, 213.00, 3.00, 15.00, 1065.00, 1, '2021-07-27 01:02:41', '2021-07-26'),
('e1a2fac358f1ad2ab816aadf3b7b4ec9', 'ae888df82b2f21c408d2a1528fe2e70d', '76cc0d76bec6a6e8233202afc8bdb688', '1be3842ece0b6fbab575bc32ea7737f5', 'bbf5f1a8db96b89f75ed4e539de74371', 0, 20.00, 210.00, 3.00, 60.00, 4200.00, 1, '2021-07-27 01:02:41', '2021-07-26'),
('e5bb739a28fb688c2052d440c1936d6d', 'ae888df82b2f21c408d2a1528fe2e70d', '76cc0d76bec6a6e8233202afc8bdb688', '1be3842ece0b6fbab575bc32ea7737f5', '5f14428e53638b20c55c723141bee4c4', 0, 5.00, 217.00, 3.00, 15.00, 1085.00, 1, '2021-07-27 01:02:41', '2021-07-26'),
('dd69aa997cc60d84141e9da5d3835a3c', 'ae888df82b2f21c408d2a1528fe2e70d', '76cc0d76bec6a6e8233202afc8bdb688', '1be3842ece0b6fbab575bc32ea7737f5', '5699a2f79de0f9f1935a6a02ededbc65', 0, 5.00, 117.00, 3.00, 15.00, 585.00, 1, '2021-07-27 01:02:41', '2021-07-26'),
('0240a49eaa50c37b49ba32455f90e6ec', 'ae888df82b2f21c408d2a1528fe2e70d', '76cc0d76bec6a6e8233202afc8bdb688', '1be3842ece0b6fbab575bc32ea7737f5', '8fd0c3ba6c8b0e7280855a9bc4289f43', 0, 5.00, 217.00, 3.00, 15.00, 1085.00, 1, '2021-07-27 01:02:41', '2021-07-26'),
('377045fb7bc2b5c81ee442a517e83059', 'ae888df82b2f21c408d2a1528fe2e70d', '76cc0d76bec6a6e8233202afc8bdb688', '1be3842ece0b6fbab575bc32ea7737f5', '714ad6bfe88321790732292aae8dcf80', 0, 3.00, 120.00, 3.00, 9.00, 360.00, 1, '2021-07-27 01:02:41', '2021-07-26'),
('2834726bc9931b21f4bad0dbb2934b47', '83ce87e830eba2dbeb78f9f532cdd192', '76cc0d76bec6a6e8233202afc8bdb688', 'fb85aee11e7190e586d2422f24a604e6', 'e42b5938a9f505fc3733d5d1f4d86b75', 0, 6.00, 70.00, 0.00, 0.00, 420.00, 1, '2021-07-27 01:08:06', '2021-07-26'),
('8f4d16f8a9f6c56315b50372bf87944f', '83ce87e830eba2dbeb78f9f532cdd192', '76cc0d76bec6a6e8233202afc8bdb688', 'fb85aee11e7190e586d2422f24a604e6', 'd7578c13b1ac91dc2d1379821f9e4fb1', 0, 3.00, 74.00, 0.00, 0.00, 222.00, 1, '2021-07-27 01:08:06', '2021-07-26'),
('885854719e8d2845f1ea6159672ceb16', '83ce87e830eba2dbeb78f9f532cdd192', '76cc0d76bec6a6e8233202afc8bdb688', 'fb85aee11e7190e586d2422f24a604e6', '9969f7a5c6032acbfc8d6631b04b4941', 0, 3.00, 20.00, 0.00, 0.00, 60.00, 1, '2021-07-27 01:08:06', '2021-07-26'),
('235d0980c9905b4d8741e05f087835b9', '83ce87e830eba2dbeb78f9f532cdd192', '76cc0d76bec6a6e8233202afc8bdb688', 'fb85aee11e7190e586d2422f24a604e6', 'f39504e1768f6205c43f135a0e9e8b55', 0, 2.00, 60.00, 0.00, 0.00, 120.00, 1, '2021-07-27 01:08:06', '2021-07-26'),
('e589f96e1219978ccb9afe445c02618d', '83ce87e830eba2dbeb78f9f532cdd192', '76cc0d76bec6a6e8233202afc8bdb688', 'fb85aee11e7190e586d2422f24a604e6', '1b452a24794ecabd0b0298df04ac6b7e', 0, 1.00, 73.00, 0.00, 0.00, 73.00, 1, '2021-07-27 01:08:06', '2021-07-26'),
('e0c036edd6fa12b27e8620f4300b5655', '83ce87e830eba2dbeb78f9f532cdd192', '76cc0d76bec6a6e8233202afc8bdb688', 'fb85aee11e7190e586d2422f24a604e6', '9ba592041ff36687d2317fba8d844cb6', 0, 1.00, 30.00, 0.00, 0.00, 30.00, 1, '2021-07-27 01:08:06', '2021-07-26'),
('d46f2bc0e151e6ce25ee0f7606576c7e', 'f8e3c4807adda6f8accc693fe294a211', '76cc0d76bec6a6e8233202afc8bdb688', '1be3842ece0b6fbab575bc32ea7737f5', 'bbf5f1a8db96b89f75ed4e539de74371', 0, 3.00, 210.00, 0.00, 0.00, 630.00, 1, '2021-07-27 13:13:53', '2021-07-27'),
('5c2df5fa15323a3ada04aebf799b7bf9', 'f8e3c4807adda6f8accc693fe294a211', '76cc0d76bec6a6e8233202afc8bdb688', '1be3842ece0b6fbab575bc32ea7737f5', '8fd0c3ba6c8b0e7280855a9bc4289f43', 0, 3.00, 217.00, 0.00, 0.00, 651.00, 1, '2021-07-27 13:13:53', '2021-07-27'),
('6d00d76fa66c619335c3137282c4125d', '21986a98e83833d29c2cbd32668a467f', '76cc0d76bec6a6e8233202afc8bdb688', 'baa661154ee9582abf982570b201298e', '0a34d783492e9a8ee5372315167bf199', 0, 1.00, 160.00, 0.00, 0.00, 160.00, 1, '2021-07-27 16:37:46', '2021-07-27'),
('2ef9c1288366ad212f8137e24b4ee1e9', 'd466fb87c5a4c04dc513ee59c073e93e', '76cc0d76bec6a6e8233202afc8bdb688', 'baa661154ee9582abf982570b201298e', 'd67c626f0a1e31a204ff0fdaffa5958a', 1, 6.00, 2.50, 0.00, 0.00, 15.00, 1, '2021-07-27 16:39:27', '2021-07-27'),
('bc3e2be78692380ecb22f83b026440f4', 'd466fb87c5a4c04dc513ee59c073e93e', '76cc0d76bec6a6e8233202afc8bdb688', 'baa661154ee9582abf982570b201298e', '0de734fc74e4766ee8f55d35afc6bbb4', 0, 1.00, 245.00, 0.00, 0.00, 245.00, 1, '2021-07-27 16:39:27', '2021-07-27'),
('5f7cd76cf0fbc747e2bacc60fcc300a7', '', '76cc0d76bec6a6e8233202afc8bdb688', 'baa661154ee9582abf982570b201298e', 'ae917466270441c2f049ccf746d60da2', 1, 44.00, 0.00, 0.00, 0.00, 0.00, 5, '2021-07-27 16:42:12', '2021-07-27'),
('26d37a5a3fced16510a803d2add49f03', '', '76cc0d76bec6a6e8233202afc8bdb688', 'baa661154ee9582abf982570b201298e', 'ae917466270441c2f049ccf746d60da2', 1, 44.00, 0.00, 0.00, 0.00, 0.00, 5, '2021-07-27 16:45:39', '2021-07-27'),
('4d47d109eee49bf69504a7f36dbfd234', '3a8967d07b8e7468b67b2a7abfd9100f', '76cc0d76bec6a6e8233202afc8bdb688', 'baa661154ee9582abf982570b201298e', 'd67c626f0a1e31a204ff0fdaffa5958a', 0, 1.00, 225.00, 0.00, 0.00, 225.00, 1, '2021-07-27 19:51:07', '2021-07-27'),
('1d2b89bf9c41ff7903810541beabb003', '3898af45a7ae4a2e1eb5baa0231317f8', '76cc0d76bec6a6e8233202afc8bdb688', 'baa661154ee9582abf982570b201298e', 'd67c626f0a1e31a204ff0fdaffa5958a', 0, 1.00, 225.00, 0.00, 0.00, 225.00, 1, '2021-07-27 19:53:35', '2021-07-27'),
('cc6bc797ead5f8d74151dbdbb7cc229c', '051a19d2b54db21c493846f4098e20d9', '76cc0d76bec6a6e8233202afc8bdb688', 'baa661154ee9582abf982570b201298e', 'd67c626f0a1e31a204ff0fdaffa5958a', 0, 1.00, 225.00, 0.00, 0.00, 225.00, 0, '2021-07-27 19:55:44', '2021-07-27'),
('303ad1ffc3af302ce67b5e01fbae1a1c', '', '76cc0d76bec6a6e8233202afc8bdb688', 'baa661154ee9582abf982570b201298e', 'e2509bfb848a6568a764ae9b42273a9a', 1, 10.00, 3.00, 0.00, 0.00, 30.00, 5, '2021-07-27 19:57:13', '2021-07-27'),
('d3b1e2700612d5d812a7a930f5d65824', '', '76cc0d76bec6a6e8233202afc8bdb688', 'baa661154ee9582abf982570b201298e', 'e2509bfb848a6568a764ae9b42273a9a', 0, 1.00, 245.00, 3.00, 3.00, 245.00, 4, '2021-07-27 19:58:20', '2021-07-27'),
('08a2020873da30d3791a08f548a09fe6', '', '76cc0d76bec6a6e8233202afc8bdb688', 'd583ed2bf0381b082922ec1b7f6abf70', '18ea44856685650a6ab1bcd137345b37', 0, 25.00, 105.00, 0.00, 0.00, 2625.00, 5, '2021-07-27 20:07:04', '2021-07-27'),
('c06bf3d2cb7db1deb8e98175599bd5ea', '', '76cc0d76bec6a6e8233202afc8bdb688', 'baa661154ee9582abf982570b201298e', 'ae917466270441c2f049ccf746d60da2', 0, 1.00, 225.00, 0.00, 0.00, 225.00, 5, '2021-07-27 20:10:33', '2021-07-27'),
('eb8ddddc0f6870464a06f8d22dd7305e', '8d23f2af664d466085410e97bdce5b48', '76cc0d76bec6a6e8233202afc8bdb688', 'baa661154ee9582abf982570b201298e', 'eaa73d829fd28bfeac958e0050f5b839', 0, 1.00, 160.00, 0.00, 0.00, 160.00, 1, '2021-07-27 20:12:31', '2021-07-27'),
('c77a52c3278c9d56d88980364cf3aca3', '8d23f2af664d466085410e97bdce5b48', '76cc0d76bec6a6e8233202afc8bdb688', 'baa661154ee9582abf982570b201298e', 'ae917466270441c2f049ccf746d60da2', 0, 1.00, 220.00, 0.00, 0.00, 220.00, 1, '2021-07-27 20:12:31', '2021-07-27'),
('62321b57c4505ff983d5523bc671582b', '6523790e4444e7e3648c38ddd64f758a', '76cc0d76bec6a6e8233202afc8bdb688', 'baa661154ee9582abf982570b201298e', '57027c3685ed14d169d91cd18bf69111', 0, 1.00, 185.00, 0.00, 0.00, 185.00, 1, '2021-07-27 22:12:30', '2021-07-27'),
('15bd7b2105283f2d9cd5c580c71a721b', 'e6eb4aea534939b9690b98a95781fd70', '76cc0d76bec6a6e8233202afc8bdb688', 'fb85aee11e7190e586d2422f24a604e6', 'c2ca56faa87067619d5417f56c6e1d4d', 0, 3.00, 20.00, 0.00, 0.00, 60.00, 1, '2021-07-27 22:35:47', '2021-07-27');
INSERT INTO `detalle_factura` (`codigo_detalle`, `codigo_factura`, `codigo_usuario`, `codigo_categoria`, `codigo_producto`, `tipo`, `cantidad`, `precio`, `descuento`, `general`, `subtotal`, `estado`, `hora`, `fecha`) VALUES
('674713d8df4acd43a9d8d1a5ce5ff912', 'e6eb4aea534939b9690b98a95781fd70', '76cc0d76bec6a6e8233202afc8bdb688', 'fb85aee11e7190e586d2422f24a604e6', 'e42b5938a9f505fc3733d5d1f4d86b75', 0, 2.00, 70.00, 0.00, 0.00, 140.00, 1, '2021-07-27 22:35:47', '2021-07-27'),
('83beda2c2639e4873a151c6509fbc8a4', 'e6eb4aea534939b9690b98a95781fd70', '76cc0d76bec6a6e8233202afc8bdb688', 'fb85aee11e7190e586d2422f24a604e6', 'd7578c13b1ac91dc2d1379821f9e4fb1', 0, 1.00, 74.00, 0.00, 0.00, 74.00, 1, '2021-07-27 22:35:47', '2021-07-27'),
('4cc74b9424ee5431c637dc622745f316', 'e6eb4aea534939b9690b98a95781fd70', '76cc0d76bec6a6e8233202afc8bdb688', 'fb85aee11e7190e586d2422f24a604e6', 'd7578c13b1ac91dc2d1379821f9e4fb1', 0, 2.00, 74.00, 0.00, 0.00, 148.00, 1, '2021-07-27 22:35:47', '2021-07-27'),
('c63282aeadd452f83c8a8343910e4d02', '1135d98375a9cd29dc98c85592049ef5', '76cc0d76bec6a6e8233202afc8bdb688', 'd583ed2bf0381b082922ec1b7f6abf70', '89b24d6796aa0be4a10858d5ec32e9c6', 0, 1.00, 176.00, 0.00, 0.00, 176.00, 1, '2021-07-28 13:45:16', '2021-07-28'),
('06f433e26d6fecba4331c861c9acfd91', 'a177952b42bc09698f58e055001283d5', '76cc0d76bec6a6e8233202afc8bdb688', 'baa661154ee9582abf982570b201298e', 'd67c626f0a1e31a204ff0fdaffa5958a', 1, 8.00, 2.50, 0.00, 0.00, 20.00, 1, '2021-07-28 13:46:35', '2021-07-28'),
('fba275042e82040b44463281ed31ced1', 'bbb68578f19b04deb03ce2cdb85d676f', '76cc0d76bec6a6e8233202afc8bdb688', '1be3842ece0b6fbab575bc32ea7737f5', '5699a2f79de0f9f1935a6a02ededbc65', 0, 3.00, 117.00, 0.00, 0.00, 351.00, 1, '2021-07-28 14:48:56', '2021-07-28'),
('cffc56d11dac2e520f1d970feb501277', 'bbb68578f19b04deb03ce2cdb85d676f', '76cc0d76bec6a6e8233202afc8bdb688', '1be3842ece0b6fbab575bc32ea7737f5', '8fd0c3ba6c8b0e7280855a9bc4289f43', 0, 1.00, 217.00, 0.00, 0.00, 217.00, 1, '2021-07-28 14:48:56', '2021-07-28'),
('3d3c670312c614c596b4c12c580ac4e3', '6d29246cb39c7ed2ed0994dbd98edb44', '76cc0d76bec6a6e8233202afc8bdb688', 'fb85aee11e7190e586d2422f24a604e6', 'e42b5938a9f505fc3733d5d1f4d86b75', 0, 1.00, 70.00, 0.00, 0.00, 70.00, 1, '2021-07-28 14:58:28', '2021-07-28'),
('cc6ccd760d7da1692064640d44c52207', '15f378f3424f1c49ba3069fb625eabca', '76cc0d76bec6a6e8233202afc8bdb688', '1be3842ece0b6fbab575bc32ea7737f5', 'bbf5f1a8db96b89f75ed4e539de74371', 0, 1.00, 210.00, 0.00, 0.00, 210.00, 1, '2021-07-28 15:06:32', '2021-07-28'),
('1d01630f3d688c7f1caa399a04fae37a', '72069379f85aac6b28f6222a8bc4565c', '76cc0d76bec6a6e8233202afc8bdb688', 'baa661154ee9582abf982570b201298e', '4f00419eb1e2b886a733526c76e33e47', 0, 1.00, 180.00, 0.00, 0.00, 180.00, 1, '2021-07-28 16:44:59', '2021-07-28'),
('4d50d0b8b257eeee15da7f61a8cea567', '72069379f85aac6b28f6222a8bc4565c', '76cc0d76bec6a6e8233202afc8bdb688', 'baa661154ee9582abf982570b201298e', 'd30da45f5933bf9e7082c58964ef8d48', 0, 1.00, 150.00, 0.00, 0.00, 150.00, 1, '2021-07-28 16:44:59', '2021-07-28'),
('771954fbd7ce9b8217863ace1e94786d', '2054e1d896182ac727d2a809b40b2707', '76cc0d76bec6a6e8233202afc8bdb688', '1be3842ece0b6fbab575bc32ea7737f5', 'bbf5f1a8db96b89f75ed4e539de74371', 0, 1.00, 210.00, 0.00, 0.00, 210.00, 1, '2021-07-28 17:02:57', '2021-07-28'),
('a0fcd11fae88c26b3a1673a39b1c8549', '7e213a79ced6b1e89d28699f53296ec4', '76cc0d76bec6a6e8233202afc8bdb688', 'baa661154ee9582abf982570b201298e', 'ae917466270441c2f049ccf746d60da2', 0, 1.00, 220.00, 0.00, 0.00, 220.00, 1, '2021-07-28 18:07:55', '2021-07-28'),
('ce7c5dab78cd1baeee8b54057dc2cc1b', '', '76cc0d76bec6a6e8233202afc8bdb688', 'baa661154ee9582abf982570b201298e', 'ae917466270441c2f049ccf746d60da2', 1, 10.00, 0.00, 0.00, 0.00, 0.00, 5, '2021-07-28 18:24:01', '2021-07-28'),
('f11e0d32815944fa87169362b3d76338', '5ac83d0e751e6e7223e6ca88b43e3005', '76cc0d76bec6a6e8233202afc8bdb688', 'baa661154ee9582abf982570b201298e', '997b487aa1eac3087ec3dccfe4eff7e1', 1, 5.00, 5.00, 0.00, 0.00, 25.00, 1, '2021-07-28 19:05:09', '2021-07-28'),
('b30fc5bba786fd822603beddb913d561', '', '76cc0d76bec6a6e8233202afc8bdb688', 'baa661154ee9582abf982570b201298e', '997b487aa1eac3087ec3dccfe4eff7e1', 0, 1.00, 450.00, 0.00, 0.00, 450.00, 5, '2021-07-28 20:05:31', '2021-07-28'),
('be45d87c129d6871ec4ac42f1d04aea1', 'ce431b3c5b662f012e3264fc1c0493f9', '76cc0d76bec6a6e8233202afc8bdb688', 'baa661154ee9582abf982570b201298e', '997b487aa1eac3087ec3dccfe4eff7e1', 1, 1.00, 5.00, 0.00, 0.00, 5.00, 1, '2021-07-28 20:06:09', '2021-07-28'),
('0bbbe0ea79e6d819290db05702011581', '39d1b95d08b80fddb752675fc30a0873', '76cc0d76bec6a6e8233202afc8bdb688', 'baa661154ee9582abf982570b201298e', 'eaa73d829fd28bfeac958e0050f5b839', 0, 1.00, 160.00, 0.00, 0.00, 160.00, 1, '2021-07-28 20:56:26', '2021-07-28'),
('a7b7305e3ec3c8f1aa8f9eef358f4f35', '82746fbd0a594b82980a0cb4d3cf6569', '76cc0d76bec6a6e8233202afc8bdb688', 'baa661154ee9582abf982570b201298e', 'ec6d2557a790bf623c2b9c32e0291a62', 0, 3.00, 180.00, 0.00, 0.00, 540.00, 1, '2021-07-28 21:03:00', '2021-07-28'),
('c0dbb8b7cf13f9ba62d0a868b8e6bebf', '935176cb88f04aa62b4906a0090e1a47', '76cc0d76bec6a6e8233202afc8bdb688', 'baa661154ee9582abf982570b201298e', '4be27f694c872972dce6813f3d30498a', 0, 1.00, 140.00, 0.00, 0.00, 140.00, 1, '2021-07-28 22:23:18', '2021-07-28'),
('99e260360b9d09058a8895521165120b', '2891df58fafa756490b542c1053e707d', '76cc0d76bec6a6e8233202afc8bdb688', 'baa661154ee9582abf982570b201298e', 'eaa73d829fd28bfeac958e0050f5b839', 0, 1.00, 160.00, 0.00, 0.00, 160.00, 1, '2021-07-28 22:35:45', '2021-07-28'),
('a7aaa396edcb048caa11431532372ce8', 'c0327320a11c5b427b2d05918dd9930a', '76cc0d76bec6a6e8233202afc8bdb688', '1be3842ece0b6fbab575bc32ea7737f5', 'bbf5f1a8db96b89f75ed4e539de74371', 0, 12.00, 210.00, 0.00, 0.00, 2520.00, 1, '2021-07-29 13:36:03', '2021-07-29'),
('8b7a57873e82d251b4bcada3b64e66e9', 'a4729df38a58b2446fb1c674fca705ed', '76cc0d76bec6a6e8233202afc8bdb688', 'baa661154ee9582abf982570b201298e', '6d90c30cc59e39d6b01ab70d49406830', 0, 1.00, 75.00, 0.00, 0.00, 75.00, 1, '2021-07-29 21:25:24', '2021-07-29'),
('29cbfb5a535e159cccbad766b8f5850b', 'a4729df38a58b2446fb1c674fca705ed', '76cc0d76bec6a6e8233202afc8bdb688', 'baa661154ee9582abf982570b201298e', 'd67c626f0a1e31a204ff0fdaffa5958a', 0, 1.00, 225.00, 0.00, 0.00, 225.00, 1, '2021-07-29 21:25:24', '2021-07-29'),
('09909931134a57ed78902c954bdc3b26', 'd40866fed043ffe83c5b7be5d07df7f6', '76cc0d76bec6a6e8233202afc8bdb688', '1be3842ece0b6fbab575bc32ea7737f5', '5699a2f79de0f9f1935a6a02ededbc65', 0, 1.00, 117.00, 0.00, 0.00, 117.00, 1, '2021-07-29 21:43:47', '2021-07-29'),
('8350ed223d3927781a1fdaef84ac92bf', 'd40866fed043ffe83c5b7be5d07df7f6', '76cc0d76bec6a6e8233202afc8bdb688', '1be3842ece0b6fbab575bc32ea7737f5', 'bbf5f1a8db96b89f75ed4e539de74371', 0, 1.00, 210.00, 0.00, 0.00, 210.00, 1, '2021-07-29 21:43:47', '2021-07-29'),
('e4b4bae42d887ff40d7037cc9025bb47', 'd40866fed043ffe83c5b7be5d07df7f6', '76cc0d76bec6a6e8233202afc8bdb688', '1be3842ece0b6fbab575bc32ea7737f5', '2604b026f292e1c71f048e279cc1e9d3', 0, 2.00, 195.00, 0.00, 0.00, 390.00, 1, '2021-07-29 21:43:47', '2021-07-29'),
('3ed4bcc56f505a63ef14d2fe9e8f2c92', 'd40866fed043ffe83c5b7be5d07df7f6', '76cc0d76bec6a6e8233202afc8bdb688', '1be3842ece0b6fbab575bc32ea7737f5', 'bbf5f1a8db96b89f75ed4e539de74371', 0, 1.00, 210.00, 0.00, 0.00, 210.00, 1, '2021-07-29 21:43:47', '2021-07-29'),
('ed7baec5aa8be047b4d1c539e1badd9f', 'd40866fed043ffe83c5b7be5d07df7f6', '76cc0d76bec6a6e8233202afc8bdb688', '1be3842ece0b6fbab575bc32ea7737f5', '5699a2f79de0f9f1935a6a02ededbc65', 0, 1.00, 117.00, 0.00, 0.00, 117.00, 1, '2021-07-29 21:43:47', '2021-07-29'),
('ee86409ce8839f1ff1411d212b9abbae', 'd40866fed043ffe83c5b7be5d07df7f6', '76cc0d76bec6a6e8233202afc8bdb688', '1be3842ece0b6fbab575bc32ea7737f5', 'bbf5f1a8db96b89f75ed4e539de74371', 0, 10.00, 210.00, 3.00, 30.00, 2100.00, 1, '2021-07-29 21:43:47', '2021-07-29'),
('f52ada825c49784d9accab024b7faba7', 'd40866fed043ffe83c5b7be5d07df7f6', '76cc0d76bec6a6e8233202afc8bdb688', '1be3842ece0b6fbab575bc32ea7737f5', '5699a2f79de0f9f1935a6a02ededbc65', 0, 6.00, 117.00, 3.00, 18.00, 702.00, 1, '2021-07-29 21:43:47', '2021-07-29'),
('678d3c3fbcbc915c5cd40698b415ea6d', 'd40866fed043ffe83c5b7be5d07df7f6', '76cc0d76bec6a6e8233202afc8bdb688', '1be3842ece0b6fbab575bc32ea7737f5', '5f14428e53638b20c55c723141bee4c4', 0, 2.00, 217.00, 2.00, 4.00, 434.00, 1, '2021-07-29 21:43:47', '2021-07-29'),
('20d4f73a664bfe4182b097f24b398a8c', 'd40866fed043ffe83c5b7be5d07df7f6', '76cc0d76bec6a6e8233202afc8bdb688', 'baa661154ee9582abf982570b201298e', '9578eb421cc77a2066505fcd877bff01', 1, 3.00, 3.00, 0.00, 0.00, 9.00, 1, '2021-07-29 21:43:47', '2021-07-29'),
('41129d25797050131d283e53e99f548a', 'd40866fed043ffe83c5b7be5d07df7f6', '76cc0d76bec6a6e8233202afc8bdb688', '1be3842ece0b6fbab575bc32ea7737f5', '5699a2f79de0f9f1935a6a02ededbc65', 0, 1.00, 117.00, 0.00, 0.00, 117.00, 1, '2021-07-29 21:43:47', '2021-07-29'),
('815e94fbb34421cbbac9c14b479260da', 'd40866fed043ffe83c5b7be5d07df7f6', '76cc0d76bec6a6e8233202afc8bdb688', '1be3842ece0b6fbab575bc32ea7737f5', '2d193486b66012bc87df5856871c9301', 0, 1.00, 213.00, 0.00, 0.00, 213.00, 1, '2021-07-29 21:43:47', '2021-07-29'),
('8dd20db624a67f6559a71a7a77f8813e', 'd40866fed043ffe83c5b7be5d07df7f6', '76cc0d76bec6a6e8233202afc8bdb688', '1be3842ece0b6fbab575bc32ea7737f5', '8fd0c3ba6c8b0e7280855a9bc4289f43', 0, 2.00, 217.00, 0.00, 0.00, 434.00, 1, '2021-07-29 21:43:47', '2021-07-29'),
('39035eee864c1863cbd57c122106f940', 'd40866fed043ffe83c5b7be5d07df7f6', '76cc0d76bec6a6e8233202afc8bdb688', '1be3842ece0b6fbab575bc32ea7737f5', 'bbf5f1a8db96b89f75ed4e539de74371', 0, 1.00, 210.00, 0.00, 0.00, 210.00, 1, '2021-07-29 21:43:47', '2021-07-29'),
('2addaa2a3cce855c404970f6c7fe768f', 'd40866fed043ffe83c5b7be5d07df7f6', '76cc0d76bec6a6e8233202afc8bdb688', 'baa661154ee9582abf982570b201298e', '57027c3685ed14d169d91cd18bf69111', 0, 1.00, 185.00, 0.00, 0.00, 185.00, 1, '2021-07-29 21:43:47', '2021-07-29'),
('6483c04d8ce13a60bb1c656e55161bcb', 'd40866fed043ffe83c5b7be5d07df7f6', '76cc0d76bec6a6e8233202afc8bdb688', '1be3842ece0b6fbab575bc32ea7737f5', '5699a2f79de0f9f1935a6a02ededbc65', 0, 2.00, 117.00, 0.00, 0.00, 234.00, 1, '2021-07-29 21:43:47', '2021-07-29'),
('f4199dab3d88fa2609f2da9afc337ab2', 'd40866fed043ffe83c5b7be5d07df7f6', '76cc0d76bec6a6e8233202afc8bdb688', '1be3842ece0b6fbab575bc32ea7737f5', 'bbf5f1a8db96b89f75ed4e539de74371', 0, 1.00, 210.00, 0.00, 0.00, 210.00, 1, '2021-07-29 21:43:47', '2021-07-29'),
('2c5fba2ad98ea996257ddf02a6890d06', 'd40866fed043ffe83c5b7be5d07df7f6', '76cc0d76bec6a6e8233202afc8bdb688', 'baa661154ee9582abf982570b201298e', 'd67c626f0a1e31a204ff0fdaffa5958a', 1, 4.00, 2.50, 0.00, 0.00, 10.00, 1, '2021-07-29 21:43:47', '2021-07-29'),
('db1b1109d2c9f0246cf963b4eb71153d', 'd40866fed043ffe83c5b7be5d07df7f6', '76cc0d76bec6a6e8233202afc8bdb688', 'baa661154ee9582abf982570b201298e', 'ae917466270441c2f049ccf746d60da2', 0, 1.00, 220.00, 0.00, 0.00, 220.00, 1, '2021-07-29 21:43:47', '2021-07-29'),
('da533d0a2cf995119f763dc13700389f', 'd40866fed043ffe83c5b7be5d07df7f6', '76cc0d76bec6a6e8233202afc8bdb688', '1be3842ece0b6fbab575bc32ea7737f5', 'bbf5f1a8db96b89f75ed4e539de74371', 0, 1.00, 210.00, 0.00, 0.00, 210.00, 1, '2021-07-29 21:43:47', '2021-07-29'),
('7537909b17c965e8211ceef56b63425c', 'd40866fed043ffe83c5b7be5d07df7f6', '76cc0d76bec6a6e8233202afc8bdb688', '1be3842ece0b6fbab575bc32ea7737f5', '5699a2f79de0f9f1935a6a02ededbc65', 0, 1.00, 117.00, 0.00, 0.00, 117.00, 1, '2021-07-29 21:43:47', '2021-07-29'),
('98eebc18cce1cfd887cef537af098ae7', 'd40866fed043ffe83c5b7be5d07df7f6', '76cc0d76bec6a6e8233202afc8bdb688', '1be3842ece0b6fbab575bc32ea7737f5', 'bbf5f1a8db96b89f75ed4e539de74371', 0, 1.00, 210.00, 0.00, 0.00, 210.00, 1, '2021-07-29 21:43:47', '2021-07-29'),
('683bfc03ebc24c97c7e393a2e1cc9c43', 'd40866fed043ffe83c5b7be5d07df7f6', '76cc0d76bec6a6e8233202afc8bdb688', 'baa661154ee9582abf982570b201298e', '9578eb421cc77a2066505fcd877bff01', 1, 10.00, 3.00, 0.00, 0.00, 30.00, 1, '2021-07-29 21:43:47', '2021-07-29'),
('e87285d541448a0945013408e80255ec', 'd40866fed043ffe83c5b7be5d07df7f6', '76cc0d76bec6a6e8233202afc8bdb688', 'baa661154ee9582abf982570b201298e', '997b487aa1eac3087ec3dccfe4eff7e1', 1, 1.00, 5.00, 0.00, 0.00, 5.00, 1, '2021-07-29 21:43:47', '2021-07-29'),
('96c05aa4f7f22437a0349b562014142d', 'd40866fed043ffe83c5b7be5d07df7f6', '76cc0d76bec6a6e8233202afc8bdb688', 'baa661154ee9582abf982570b201298e', '90f38713822e915b2ded1438720333fc', 1, 4.00, 3.00, 0.00, 0.00, 12.00, 1, '2021-07-29 21:43:47', '2021-07-29'),
('46d82356d10ae8ba742ac0de692ef029', 'd40866fed043ffe83c5b7be5d07df7f6', '76cc0d76bec6a6e8233202afc8bdb688', '1be3842ece0b6fbab575bc32ea7737f5', '5699a2f79de0f9f1935a6a02ededbc65', 1, 50.00, 1.50, 10.00, 500.00, 75.00, 1, '2021-07-29 21:43:47', '2021-07-29'),
('cb6122aa68d536cfa9f6486903d6c1c1', 'd40866fed043ffe83c5b7be5d07df7f6', '76cc0d76bec6a6e8233202afc8bdb688', '1be3842ece0b6fbab575bc32ea7737f5', '2d193486b66012bc87df5856871c9301', 0, 1.00, 213.00, 0.00, 0.00, 213.00, 1, '2021-07-29 21:43:47', '2021-07-29'),
('6e4bd43d0765958b7e75030ad558d2fa', 'd40866fed043ffe83c5b7be5d07df7f6', '76cc0d76bec6a6e8233202afc8bdb688', 'd583ed2bf0381b082922ec1b7f6abf70', 'd39f6f732213aba7d154ac474825117c', 0, 1.00, 32.00, 0.00, 0.00, 32.00, 1, '2021-07-29 21:43:47', '2021-07-29'),
('ab3c28d5cfca69996192628da9d0bb54', '8e8e33dbd7b1c7f46c0ccfd9f2ba6849', '76cc0d76bec6a6e8233202afc8bdb688', 'baa661154ee9582abf982570b201298e', '6d90c30cc59e39d6b01ab70d49406830', 0, 1.00, 75.00, 0.00, 0.00, 75.00, 1, '2021-07-29 22:00:49', '2021-07-29'),
('68605390985ae9ccd0b2af09ded7ac3a', '0f7b7729112fb7672bd6a81a9e969280', '76cc0d76bec6a6e8233202afc8bdb688', 'baa661154ee9582abf982570b201298e', '4be27f694c872972dce6813f3d30498a', 0, 1.00, 140.00, 0.00, 0.00, 140.00, 1, '2021-07-29 23:00:29', '2021-07-29'),
('5ba2e7d6418de1177cc1290eb276456d', '', '76cc0d76bec6a6e8233202afc8bdb688', 'baa661154ee9582abf982570b201298e', 'eaa73d829fd28bfeac958e0050f5b839', 0, 0.00, 160.00, 0.00, 0.00, 0.00, 5, '2021-07-29 22:59:13', '2021-07-29'),
('25550b338325832bf457041a47e73ffa', '0f7b7729112fb7672bd6a81a9e969280', '76cc0d76bec6a6e8233202afc8bdb688', 'baa661154ee9582abf982570b201298e', 'eaa73d829fd28bfeac958e0050f5b839', 0, 1.00, 160.00, 0.00, 0.00, 160.00, 1, '2021-07-29 23:00:29', '2021-07-29'),
('3ab52224e274b8e98fcb71911cfdb98d', '0f7b7729112fb7672bd6a81a9e969280', '76cc0d76bec6a6e8233202afc8bdb688', 'baa661154ee9582abf982570b201298e', '07afd18bf9982ad2d05a324b853ff457', 0, 3.00, 0.00, 3.00, 9.00, 0.00, 1, '2021-07-29 23:00:29', '2021-07-29'),
('6cac67d271e5ecccbae18b4b3fd404b6', '39ac42348b49dbd24fbae8c8b22087d7', '76cc0d76bec6a6e8233202afc8bdb688', '1be3842ece0b6fbab575bc32ea7737f5', '5699a2f79de0f9f1935a6a02ededbc65', 0, 1.00, 117.00, 0.00, 0.00, 117.00, 1, '2021-07-29 23:13:31', '2021-07-29'),
('e562e3f5053fc027a474ba018999a11d', '39ac42348b49dbd24fbae8c8b22087d7', '76cc0d76bec6a6e8233202afc8bdb688', '1be3842ece0b6fbab575bc32ea7737f5', 'bbf5f1a8db96b89f75ed4e539de74371', 0, 1.00, 210.00, 0.00, 0.00, 210.00, 1, '2021-07-29 23:13:31', '2021-07-29'),
('6b7806ef203f11036d70e88f9ce9347a', '39ac42348b49dbd24fbae8c8b22087d7', '76cc0d76bec6a6e8233202afc8bdb688', 'fb85aee11e7190e586d2422f24a604e6', 'f39504e1768f6205c43f135a0e9e8b55', 0, 1.00, 60.00, 0.00, 0.00, 60.00, 1, '2021-07-29 23:13:31', '2021-07-29'),
('afbff8d2b2777cf2ebc830145c24b23e', '39ac42348b49dbd24fbae8c8b22087d7', '76cc0d76bec6a6e8233202afc8bdb688', 'fb85aee11e7190e586d2422f24a604e6', 'd7578c13b1ac91dc2d1379821f9e4fb1', 0, 1.00, 74.00, 0.00, 0.00, 74.00, 1, '2021-07-29 23:13:31', '2021-07-29'),
('ce06b244fe032f7349a2e8315852da28', '39ac42348b49dbd24fbae8c8b22087d7', '76cc0d76bec6a6e8233202afc8bdb688', 'fb85aee11e7190e586d2422f24a604e6', '83d548b152a44995e5a4d878d73428a0', 0, 2.00, 68.00, 0.00, 0.00, 136.00, 1, '2021-07-29 23:13:31', '2021-07-29'),
('137afa9f7033d3ef98fdd21afe248a3f', '39ac42348b49dbd24fbae8c8b22087d7', '76cc0d76bec6a6e8233202afc8bdb688', 'fb85aee11e7190e586d2422f24a604e6', 'e42b5938a9f505fc3733d5d1f4d86b75', 0, 2.00, 70.00, 0.00, 0.00, 140.00, 1, '2021-07-29 23:13:31', '2021-07-29'),
('3f9e24a973ffa330a62c5ccd9f604de4', '39ac42348b49dbd24fbae8c8b22087d7', '76cc0d76bec6a6e8233202afc8bdb688', 'fb85aee11e7190e586d2422f24a604e6', 'f39504e1768f6205c43f135a0e9e8b55', 0, 1.00, 60.00, 0.00, 0.00, 60.00, 1, '2021-07-29 23:13:31', '2021-07-29'),
('aa98038ec89d3e172f32c7b22fc91f73', '91971beac136aedbcf87df33640b8274', '76cc0d76bec6a6e8233202afc8bdb688', 'd583ed2bf0381b082922ec1b7f6abf70', '8be20f4f18f92c2dda918ef4daa95ea8', 0, 8.00, 50.00, 0.00, 0.00, 400.00, 1, '2021-07-30 12:53:30', '2021-07-30'),
('519d32e6b8deb05be267801fa3c9986a', '91971beac136aedbcf87df33640b8274', '76cc0d76bec6a6e8233202afc8bdb688', 'd583ed2bf0381b082922ec1b7f6abf70', '42cc855e60df2aaa57837a36f2c2e876', 0, 4.00, 55.00, 0.00, 0.00, 220.00, 1, '2021-07-30 12:53:30', '2021-07-30'),
('73f46fc2ad4094d0fa285ff05be93d32', '91971beac136aedbcf87df33640b8274', '76cc0d76bec6a6e8233202afc8bdb688', 'baa661154ee9582abf982570b201298e', '6fe4b69479dfa8c6c3b56da53059d8bb', 0, 3.00, 225.00, 0.00, 0.00, 675.00, 1, '2021-07-30 12:53:30', '2021-07-30'),
('d6d3286129eb3bbb9c5125ea115be528', '91971beac136aedbcf87df33640b8274', '76cc0d76bec6a6e8233202afc8bdb688', 'baa661154ee9582abf982570b201298e', 'df9466b5ce80645800085a22eabe89c3', 0, 1.00, 220.00, 0.00, 0.00, 220.00, 1, '2021-07-30 12:53:30', '2021-07-30'),
('884874599d4154ed35bbbe95c0ebd31b', '91971beac136aedbcf87df33640b8274', '76cc0d76bec6a6e8233202afc8bdb688', 'fb85aee11e7190e586d2422f24a604e6', '1b452a24794ecabd0b0298df04ac6b7e', 0, 5.00, 73.00, 0.00, 0.00, 365.00, 1, '2021-07-30 12:53:30', '2021-07-30'),
('0cde4cfde0461e1c5365668388afee94', '25f915f95877f89c2ddd7804d65c0888', '76cc0d76bec6a6e8233202afc8bdb688', 'baa661154ee9582abf982570b201298e', 'ec6d2557a790bf623c2b9c32e0291a62', 0, 1.00, 180.00, 0.00, 0.00, 180.00, 1, '2021-07-30 22:53:09', '2021-07-30'),
('c5d1146022f8b900b713a995d7db9834', 'c8d91c06780e25c77f24badfe7927b66', 'fac9173ebc681c18e432158195adb3b4', 'fb85aee11e7190e586d2422f24a604e6', 'f39504e1768f6205c43f135a0e9e8b55', 0, 19.00, 60.00, 0.00, 0.00, 1140.00, 1, '2021-07-30 23:19:28', '2021-07-30'),
('1165aa71d81f1bd0d5be58844f78b1ec', 'c8d91c06780e25c77f24badfe7927b66', 'fac9173ebc681c18e432158195adb3b4', 'fb85aee11e7190e586d2422f24a604e6', 'd7578c13b1ac91dc2d1379821f9e4fb1', 0, 33.00, 74.00, 0.00, 0.00, 2442.00, 1, '2021-07-30 23:19:28', '2021-07-30'),
('28ddae68bfec21f2b10c8924619a3911', 'c8d91c06780e25c77f24badfe7927b66', 'fac9173ebc681c18e432158195adb3b4', 'fb85aee11e7190e586d2422f24a604e6', 'e42b5938a9f505fc3733d5d1f4d86b75', 0, 44.00, 70.00, 0.00, 0.00, 3080.00, 1, '2021-07-30 23:19:28', '2021-07-30'),
('8e2b90a323d97738bba464c03f0992b6', 'c8d91c06780e25c77f24badfe7927b66', 'fac9173ebc681c18e432158195adb3b4', 'fb85aee11e7190e586d2422f24a604e6', '1b452a24794ecabd0b0298df04ac6b7e', 0, 5.00, 73.00, 0.00, 0.00, 365.00, 1, '2021-07-30 23:19:28', '2021-07-30'),
('88183e0ca044b17946c52078c4abba61', 'c8d91c06780e25c77f24badfe7927b66', 'fac9173ebc681c18e432158195adb3b4', 'fb85aee11e7190e586d2422f24a604e6', '83d548b152a44995e5a4d878d73428a0', 0, 2.00, 68.00, 0.00, 0.00, 136.00, 1, '2021-07-30 23:19:28', '2021-07-30'),
('bc3703f0a585a96fafa236deab98badd', 'c8d91c06780e25c77f24badfe7927b66', 'fac9173ebc681c18e432158195adb3b4', 'fb85aee11e7190e586d2422f24a604e6', 'c2ca56faa87067619d5417f56c6e1d4d', 0, 13.00, 20.00, 0.00, 0.00, 260.00, 1, '2021-07-30 23:19:28', '2021-07-30'),
('6c209d3617044122f7e22661a59e86de', 'c8d91c06780e25c77f24badfe7927b66', 'fac9173ebc681c18e432158195adb3b4', 'fb85aee11e7190e586d2422f24a604e6', '9969f7a5c6032acbfc8d6631b04b4941', 0, 4.00, 20.00, 0.00, 0.00, 80.00, 1, '2021-07-30 23:19:28', '2021-07-30'),
('36cf0837c37b5dd926ed9a9a744fc500', 'c8d91c06780e25c77f24badfe7927b66', 'fac9173ebc681c18e432158195adb3b4', 'fb85aee11e7190e586d2422f24a604e6', '532cc0b3709ba52694d3694272370552', 0, 2.00, 30.00, 0.00, 0.00, 60.00, 1, '2021-07-30 23:19:28', '2021-07-30'),
('8d7a5b250a1bf83b40a75314ecc71351', 'c8d91c06780e25c77f24badfe7927b66', 'fac9173ebc681c18e432158195adb3b4', 'fb85aee11e7190e586d2422f24a604e6', '41af66ca7433384290782621a3b22afb', 0, 4.00, 60.00, 0.00, 0.00, 240.00, 1, '2021-07-30 23:19:28', '2021-07-30'),
('750f2b2fa25a571f7311d7d04901faa2', 'c8d91c06780e25c77f24badfe7927b66', 'fac9173ebc681c18e432158195adb3b4', 'fb85aee11e7190e586d2422f24a604e6', '22b7c3e00f1c4be3db35d60b5260534b', 0, 2.00, 25.00, 0.00, 0.00, 50.00, 1, '2021-07-30 23:19:28', '2021-07-30'),
('3531141860f1b5613110113cce237aed', 'e2fae93f9704ef27e9ab43db67a4e803', 'fac9173ebc681c18e432158195adb3b4', 'fb85aee11e7190e586d2422f24a604e6', 'd7578c13b1ac91dc2d1379821f9e4fb1', 0, 2.00, 74.00, 0.00, 0.00, 148.00, 1, '2021-07-30 23:20:10', '2021-07-30'),
('0e4ceeeded940c9f8cec0188a2b6e667', 'e2fae93f9704ef27e9ab43db67a4e803', 'fac9173ebc681c18e432158195adb3b4', 'fb85aee11e7190e586d2422f24a604e6', '6bdb33b0ea397a2fd64f9e380526366c', 0, 1.00, 50.00, 0.00, 0.00, 50.00, 1, '2021-07-30 23:20:10', '2021-07-30'),
('43c9e3b47a14ea40db17db5ad77e56ee', 'b22527a551a0e93c66904417dade5fc6', 'fac9173ebc681c18e432158195adb3b4', '1be3842ece0b6fbab575bc32ea7737f5', 'bbf5f1a8db96b89f75ed4e539de74371', 0, 2.00, 210.00, 0.00, 0.00, 420.00, 1, '2021-07-31 17:50:56', '2021-07-31'),
('caa87b2f2e244903fedf6e76dd297596', '8d9a1d4a043b24bedfa97b226010d1fa', 'fac9173ebc681c18e432158195adb3b4', 'd583ed2bf0381b082922ec1b7f6abf70', '22687cc4300d5ed56df6453ab930d44c', 0, 1.00, 25.00, 0.00, 0.00, 25.00, 1, '2021-07-31 19:47:17', '2021-07-31'),
('a972275b96098ed86feb1d4b27be687e', '4023fc76e522cc62f491262f26784162', 'fac9173ebc681c18e432158195adb3b4', 'baa661154ee9582abf982570b201298e', 'ec6d2557a790bf623c2b9c32e0291a62', 0, 1.00, 180.00, 0.00, 0.00, 180.00, 1, '2021-07-31 20:54:02', '2021-07-31'),
('59ec01c923a49c73057b091c2d401173', '9bb857137f5168754dea0e275a881c87', 'fac9173ebc681c18e432158195adb3b4', '1be3842ece0b6fbab575bc32ea7737f5', 'bbf5f1a8db96b89f75ed4e539de74371', 0, 2.00, 210.00, 0.00, 0.00, 420.00, 1, '2021-07-31 22:18:00', '2021-07-31'),
('29059994ede8371d4c72ae30c08c00f8', '9bb857137f5168754dea0e275a881c87', 'fac9173ebc681c18e432158195adb3b4', 'baa661154ee9582abf982570b201298e', 'ec6d2557a790bf623c2b9c32e0291a62', 0, 1.00, 180.00, 0.00, 0.00, 180.00, 1, '2021-07-31 22:18:00', '2021-07-31'),
('dde9052ffef8711800f9dec91c8ed91b', '9bb857137f5168754dea0e275a881c87', 'fac9173ebc681c18e432158195adb3b4', '1be3842ece0b6fbab575bc32ea7737f5', '714ad6bfe88321790732292aae8dcf80', 0, 2.00, 120.00, 0.00, 0.00, 240.00, 1, '2021-07-31 22:18:00', '2021-07-31'),
('7b095b604036639775931629d62df1c6', '9bb857137f5168754dea0e275a881c87', 'fac9173ebc681c18e432158195adb3b4', 'baa661154ee9582abf982570b201298e', '6d90c30cc59e39d6b01ab70d49406830', 0, 4.00, 75.00, 0.00, 0.00, 300.00, 1, '2021-07-31 22:18:00', '2021-07-31'),
('f5bb8c5ec29593a5933999308f373f03', '9bb857137f5168754dea0e275a881c87', 'fac9173ebc681c18e432158195adb3b4', 'baa661154ee9582abf982570b201298e', '9450727da29fd15b3cbd7b5ff463a57f', 0, 1.00, 30.00, 0.00, 0.00, 30.00, 1, '2021-07-31 22:18:00', '2021-07-31'),
('945c6d52be29e9a0ac60cb44a90a443d', '9bb857137f5168754dea0e275a881c87', 'fac9173ebc681c18e432158195adb3b4', 'baa661154ee9582abf982570b201298e', 'eaa73d829fd28bfeac958e0050f5b839', 0, 1.00, 160.00, 0.00, 0.00, 160.00, 1, '2021-07-31 22:18:00', '2021-07-31'),
('edd4c1a9d2fac0e265fcae050036f34a', '9bb857137f5168754dea0e275a881c87', 'fac9173ebc681c18e432158195adb3b4', 'baa661154ee9582abf982570b201298e', 'ae917466270441c2f049ccf746d60da2', 1, 10.00, 0.00, 0.00, 0.00, 0.00, 1, '2021-07-31 22:18:00', '2021-07-31'),
('91ea9b92a6933ae9d840529dc050f7d3', '9bb857137f5168754dea0e275a881c87', 'fac9173ebc681c18e432158195adb3b4', 'baa661154ee9582abf982570b201298e', 'd67c626f0a1e31a204ff0fdaffa5958a', 0, 2.00, 225.00, 0.00, 0.00, 450.00, 1, '2021-07-31 22:18:00', '2021-07-31'),
('69e8f4a37b79072d03f8a10dac570794', '9bb857137f5168754dea0e275a881c87', 'fac9173ebc681c18e432158195adb3b4', 'baa661154ee9582abf982570b201298e', '1e9094269a9a451422cb769c6d80b91b', 0, 1.00, 158.00, 0.00, 0.00, 158.00, 1, '2021-07-31 22:18:00', '2021-07-31'),
('28d148b9eac575322b234751c99ca6f3', '9bb857137f5168754dea0e275a881c87', 'fac9173ebc681c18e432158195adb3b4', 'fb85aee11e7190e586d2422f24a604e6', 'e42b5938a9f505fc3733d5d1f4d86b75', 0, 1.00, 70.00, 0.00, 0.00, 70.00, 1, '2021-07-31 22:18:00', '2021-07-31'),
('7cee8c65a3e6d851183a5ac1b88ecd3e', '9bb857137f5168754dea0e275a881c87', 'fac9173ebc681c18e432158195adb3b4', 'fb85aee11e7190e586d2422f24a604e6', 'd7578c13b1ac91dc2d1379821f9e4fb1', 0, 1.00, 74.00, 0.00, 0.00, 74.00, 1, '2021-07-31 22:18:00', '2021-07-31'),
('8a2cf4a803aa3692eb02e1023d526d70', '9bb857137f5168754dea0e275a881c87', 'fac9173ebc681c18e432158195adb3b4', 'fb85aee11e7190e586d2422f24a604e6', 'f39504e1768f6205c43f135a0e9e8b55', 0, 1.00, 60.00, 0.00, 0.00, 60.00, 1, '2021-07-31 22:18:00', '2021-07-31'),
('ae075644b2f6b5f3ed9d3f4f3803001b', '9bb857137f5168754dea0e275a881c87', 'fac9173ebc681c18e432158195adb3b4', 'fb85aee11e7190e586d2422f24a604e6', 'e42b5938a9f505fc3733d5d1f4d86b75', 0, 1.00, 70.00, 0.00, 0.00, 70.00, 1, '2021-07-31 22:18:00', '2021-07-31'),
('ffb2ea342213fffcb4dc1dcee0173291', '9bb857137f5168754dea0e275a881c87', 'fac9173ebc681c18e432158195adb3b4', 'fb85aee11e7190e586d2422f24a604e6', 'd7578c13b1ac91dc2d1379821f9e4fb1', 0, 1.00, 74.00, 0.00, 0.00, 74.00, 1, '2021-07-31 22:18:00', '2021-07-31'),
('49863fb89cd520ab69e00cfc2196b1c4', '9bb857137f5168754dea0e275a881c87', 'fac9173ebc681c18e432158195adb3b4', 'fb85aee11e7190e586d2422f24a604e6', 'd7578c13b1ac91dc2d1379821f9e4fb1', 0, 25.00, 74.00, 0.00, 0.00, 1850.00, 1, '2021-07-31 22:18:00', '2021-07-31'),
('025c0ed1a1d42bd5445cf0b82ca9044e', '9bb857137f5168754dea0e275a881c87', 'fac9173ebc681c18e432158195adb3b4', 'fb85aee11e7190e586d2422f24a604e6', 'f39504e1768f6205c43f135a0e9e8b55', 0, 1.00, 60.00, 0.00, 0.00, 60.00, 1, '2021-07-31 22:18:00', '2021-07-31'),
('f183bd736c5a79beb052ff6af7d6bbd6', '9bb857137f5168754dea0e275a881c87', 'fac9173ebc681c18e432158195adb3b4', 'fb85aee11e7190e586d2422f24a604e6', '1b452a24794ecabd0b0298df04ac6b7e', 0, 1.00, 73.00, 0.00, 0.00, 73.00, 1, '2021-07-31 22:18:00', '2021-07-31'),
('84f82a963d90595abb71d752bb711b00', '9f598f912638b84e3d54ba3d8606dc61', 'fac9173ebc681c18e432158195adb3b4', 'baa661154ee9582abf982570b201298e', 'e2509bfb848a6568a764ae9b42273a9a', 1, 3.00, 3.00, 0.00, 0.00, 9.00, 1, '2021-07-31 23:31:32', '2021-07-31'),
('b9ceb3175c082c1af5fb61f7b6cde89b', '474d1cac5ff4af69b47e2117a99597ee', '76cc0d76bec6a6e8233202afc8bdb688', '1be3842ece0b6fbab575bc32ea7737f5', '2d193486b66012bc87df5856871c9301', 0, 10.00, 213.00, 0.00, 0.00, 2130.00, 1, '2021-08-01 15:45:38', '2021-08-01'),
('29f411f581588cc85804d94c0e0061be', '', '76cc0d76bec6a6e8233202afc8bdb688', '1be3842ece0b6fbab575bc32ea7737f5', 'bbf5f1a8db96b89f75ed4e539de74371', 0, 6.00, 210.00, 0.00, 0.00, 1260.00, 5, '2021-08-01 17:58:46', '2021-08-01'),
('7d0ef8028ed66860a3e0c701780b391c', '', '76cc0d76bec6a6e8233202afc8bdb688', '1be3842ece0b6fbab575bc32ea7737f5', '8fd0c3ba6c8b0e7280855a9bc4289f43', 0, 7.00, 217.00, 0.00, 0.00, 1519.00, 5, '2021-08-01 17:58:44', '2021-08-01'),
('ae6992a2d04e7d39677686c6d439408d', '', '76cc0d76bec6a6e8233202afc8bdb688', '1be3842ece0b6fbab575bc32ea7737f5', '5699a2f79de0f9f1935a6a02ededbc65', 0, 2.00, 117.00, 0.00, 0.00, 234.00, 5, '2021-08-01 17:58:41', '2021-08-01'),
('8f50433ecd94a70c1989a1a8e5b95569', '51c144fdcbe853f30f51f9c85e4041a1', '76cc0d76bec6a6e8233202afc8bdb688', '1be3842ece0b6fbab575bc32ea7737f5', 'bbf5f1a8db96b89f75ed4e539de74371', 0, 6.00, 210.00, 2.00, 12.00, 1260.00, 1, '2021-08-01 18:04:19', '2021-08-01'),
('6a8a608a99d43bce695a0164ba8966b7', '51c144fdcbe853f30f51f9c85e4041a1', '76cc0d76bec6a6e8233202afc8bdb688', '1be3842ece0b6fbab575bc32ea7737f5', '8fd0c3ba6c8b0e7280855a9bc4289f43', 0, 7.00, 217.00, 2.00, 14.00, 1519.00, 1, '2021-08-01 18:04:19', '2021-08-01'),
('7e3332b6c90d5c7753915c42ad32d700', '51c144fdcbe853f30f51f9c85e4041a1', '76cc0d76bec6a6e8233202afc8bdb688', '1be3842ece0b6fbab575bc32ea7737f5', '5699a2f79de0f9f1935a6a02ededbc65', 0, 2.00, 117.00, 2.00, 4.00, 234.00, 1, '2021-08-01 18:04:19', '2021-08-01'),
('bcc0b7e2efb357306223b1e400409041', 'bfdce8e508efcf443c9f48bec5c49956', '76cc0d76bec6a6e8233202afc8bdb688', '1be3842ece0b6fbab575bc32ea7737f5', 'bbf5f1a8db96b89f75ed4e539de74371', 0, 1.00, 210.00, 2.00, 2.00, 210.00, 1, '2021-08-01 18:16:46', '2021-08-01'),
('7df5336dc63462ca1d8de2e2a3d459cc', 'ae1b90f2ae987e63db275ce54907ec5c', '76cc0d76bec6a6e8233202afc8bdb688', 'fb85aee11e7190e586d2422f24a604e6', 'e42b5938a9f505fc3733d5d1f4d86b75', 0, 3.00, 70.00, 0.00, 0.00, 210.00, 1, '2021-08-01 23:53:34', '2021-08-01'),
('bb0b5da9fd5cfcf24b69fbeab9485222', 'ae1b90f2ae987e63db275ce54907ec5c', '76cc0d76bec6a6e8233202afc8bdb688', 'fb85aee11e7190e586d2422f24a604e6', 'd7578c13b1ac91dc2d1379821f9e4fb1', 0, 2.00, 74.00, 0.00, 0.00, 148.00, 1, '2021-08-01 23:53:34', '2021-08-01'),
('5b2fea305e09503bcaa9215ed90bc891', 'ae1b90f2ae987e63db275ce54907ec5c', '76cc0d76bec6a6e8233202afc8bdb688', 'fb85aee11e7190e586d2422f24a604e6', '1b452a24794ecabd0b0298df04ac6b7e', 0, 2.00, 73.00, 0.00, 0.00, 146.00, 1, '2021-08-01 23:53:34', '2021-08-01'),
('e6ad3f06eeeab171c27f44f3e604ef83', 'ae1b90f2ae987e63db275ce54907ec5c', '76cc0d76bec6a6e8233202afc8bdb688', 'fb85aee11e7190e586d2422f24a604e6', 'f39504e1768f6205c43f135a0e9e8b55', 0, 1.00, 60.00, 0.00, 0.00, 60.00, 1, '2021-08-01 23:53:34', '2021-08-01'),
('f4f63d41c7387963435f939acd505ddb', 'ae1b90f2ae987e63db275ce54907ec5c', '76cc0d76bec6a6e8233202afc8bdb688', 'fb85aee11e7190e586d2422f24a604e6', 'e42b5938a9f505fc3733d5d1f4d86b75', 0, 1.00, 70.00, 0.00, 0.00, 70.00, 1, '2021-08-01 23:53:34', '2021-08-01'),
('7202e7ca335a4e104ae1d0b434dfd20a', 'ae1b90f2ae987e63db275ce54907ec5c', '76cc0d76bec6a6e8233202afc8bdb688', 'fb85aee11e7190e586d2422f24a604e6', 'd7578c13b1ac91dc2d1379821f9e4fb1', 0, 2.00, 74.00, 0.00, 0.00, 148.00, 1, '2021-08-01 23:53:34', '2021-08-01'),
('46063bba09be41460c3548bda9d7e504', '546790ad9316d3672c1a37f27e117779', '76cc0d76bec6a6e8233202afc8bdb688', '1be3842ece0b6fbab575bc32ea7737f5', 'bbf5f1a8db96b89f75ed4e539de74371', 0, 1.00, 210.00, 0.00, 0.00, 210.00, 1, '2021-08-02 00:03:38', '2021-08-01'),
('386429865c7e8e988bf19c29adbbd083', '546790ad9316d3672c1a37f27e117779', '76cc0d76bec6a6e8233202afc8bdb688', '1be3842ece0b6fbab575bc32ea7737f5', '8fd0c3ba6c8b0e7280855a9bc4289f43', 0, 1.00, 217.00, 0.00, 0.00, 217.00, 1, '2021-08-02 00:03:38', '2021-08-01'),
('83542906d3a7717c16c5c5f2d9be13ee', '546790ad9316d3672c1a37f27e117779', '76cc0d76bec6a6e8233202afc8bdb688', '1be3842ece0b6fbab575bc32ea7737f5', '5f14428e53638b20c55c723141bee4c4', 0, 3.00, 217.00, 0.00, 0.00, 651.00, 1, '2021-08-02 00:03:38', '2021-08-01'),
('f5eb12146ba5a9e991bd14749499443f', '546790ad9316d3672c1a37f27e117779', '76cc0d76bec6a6e8233202afc8bdb688', 'baa661154ee9582abf982570b201298e', 'eaa73d829fd28bfeac958e0050f5b839', 0, 1.00, 160.00, 0.00, 0.00, 160.00, 1, '2021-08-02 00:03:38', '2021-08-01'),
('d7007ff9a5510bc27b7cf788262b9666', '546790ad9316d3672c1a37f27e117779', '76cc0d76bec6a6e8233202afc8bdb688', 'baa661154ee9582abf982570b201298e', '6d90c30cc59e39d6b01ab70d49406830', 0, 1.00, 75.00, 0.00, 0.00, 75.00, 1, '2021-08-02 00:03:38', '2021-08-01'),
('4bac9e8ccad10e69655d478adba915ab', '546790ad9316d3672c1a37f27e117779', '76cc0d76bec6a6e8233202afc8bdb688', 'baa661154ee9582abf982570b201298e', 'ec6d2557a790bf623c2b9c32e0291a62', 0, 1.00, 180.00, 0.00, 0.00, 180.00, 1, '2021-08-02 00:03:38', '2021-08-01'),
('2206513b64d02cba23b7fdb92537f3d7', '546790ad9316d3672c1a37f27e117779', '76cc0d76bec6a6e8233202afc8bdb688', '1be3842ece0b6fbab575bc32ea7737f5', 'bbf5f1a8db96b89f75ed4e539de74371', 0, 1.00, 210.00, 0.00, 0.00, 210.00, 1, '2021-08-02 00:03:38', '2021-08-01'),
('ea323bf1d4637d02fe736d07faf3fe51', '546790ad9316d3672c1a37f27e117779', '76cc0d76bec6a6e8233202afc8bdb688', 'baa661154ee9582abf982570b201298e', '07afd18bf9982ad2d05a324b853ff457', 1, 1.00, 6.00, 0.00, 0.00, 6.00, 1, '2021-08-02 00:03:38', '2021-08-01'),
('1ecfb8e1b49c86fea683256bc7cb17e5', '546790ad9316d3672c1a37f27e117779', '76cc0d76bec6a6e8233202afc8bdb688', '1be3842ece0b6fbab575bc32ea7737f5', 'bbf5f1a8db96b89f75ed4e539de74371', 0, 1.00, 210.00, 0.00, 0.00, 210.00, 1, '2021-08-02 00:03:38', '2021-08-01'),
('33da12b71cabb593863ea3cb968ae399', '546790ad9316d3672c1a37f27e117779', '76cc0d76bec6a6e8233202afc8bdb688', '1be3842ece0b6fbab575bc32ea7737f5', '5699a2f79de0f9f1935a6a02ededbc65', 0, 1.00, 117.00, 0.00, 0.00, 117.00, 1, '2021-08-02 00:03:38', '2021-08-01'),
('ef921143e89f009c8d55a5ca1b652aa2', '', '76cc0d76bec6a6e8233202afc8bdb688', 'baa661154ee9582abf982570b201298e', '07afd18bf9982ad2d05a324b853ff457', 0, 1.00, 0.00, 0.00, 0.00, 0.00, 5, '2021-08-02 00:01:55', '2021-08-01'),
('e8411ca4007bdf1c3ca77657eea4dbab', '546790ad9316d3672c1a37f27e117779', '76cc0d76bec6a6e8233202afc8bdb688', 'baa661154ee9582abf982570b201298e', '07afd18bf9982ad2d05a324b853ff457', 1, 1.00, 6.00, 0.00, 0.00, 6.00, 1, '2021-08-02 00:03:38', '2021-08-01'),
('0d43700c5f08adb7d196353262cd73cf', '546790ad9316d3672c1a37f27e117779', '76cc0d76bec6a6e8233202afc8bdb688', '1be3842ece0b6fbab575bc32ea7737f5', 'bbf5f1a8db96b89f75ed4e539de74371', 0, 1.00, 210.00, 0.00, 0.00, 210.00, 1, '2021-08-02 00:03:38', '2021-08-01'),
('c0337757c77f0c4b62f63efdd0054341', '546790ad9316d3672c1a37f27e117779', '76cc0d76bec6a6e8233202afc8bdb688', 'baa661154ee9582abf982570b201298e', 'eaa73d829fd28bfeac958e0050f5b839', 0, 1.00, 160.00, 0.00, 0.00, 160.00, 1, '2021-08-02 00:03:38', '2021-08-01'),
('7881fee015a02f808ae2403bb8e72020', '546790ad9316d3672c1a37f27e117779', '76cc0d76bec6a6e8233202afc8bdb688', '1be3842ece0b6fbab575bc32ea7737f5', 'bbf5f1a8db96b89f75ed4e539de74371', 0, 1.00, 210.00, 0.00, 0.00, 210.00, 1, '2021-08-02 00:03:38', '2021-08-01'),
('076d169273123794f635cae6ad978ce9', '546790ad9316d3672c1a37f27e117779', '76cc0d76bec6a6e8233202afc8bdb688', 'baa661154ee9582abf982570b201298e', '90f38713822e915b2ded1438720333fc', 1, 5.00, 3.00, 0.00, 0.00, 15.00, 1, '2021-08-02 00:03:38', '2021-08-01'),
('1e7f129caeed9b366303c85ce4804b7d', '546790ad9316d3672c1a37f27e117779', '76cc0d76bec6a6e8233202afc8bdb688', 'baa661154ee9582abf982570b201298e', 'd67c626f0a1e31a204ff0fdaffa5958a', 1, 25.00, 2.50, 0.00, 0.00, 62.50, 1, '2021-08-02 00:03:38', '2021-08-01'),
('16fe4a8a41f61aa2dec76b7cf30286cf', '546790ad9316d3672c1a37f27e117779', '76cc0d76bec6a6e8233202afc8bdb688', 'baa661154ee9582abf982570b201298e', 'd67c626f0a1e31a204ff0fdaffa5958a', 1, 15.00, 2.50, 0.00, 0.00, 37.50, 1, '2021-08-02 00:03:38', '2021-08-01'),
('ca66221e7b8112af3e872794093811f7', '1185c4e00e2629985c9baa85c11b2c8c', '76cc0d76bec6a6e8233202afc8bdb688', 'baa661154ee9582abf982570b201298e', 'ec6d2557a790bf623c2b9c32e0291a62', 0, 3.00, 180.00, 0.00, 0.00, 540.00, 1, '2021-08-02 00:14:48', '2021-08-01'),
('52bcb37d0f165a38926352d95753ebfe', '1185c4e00e2629985c9baa85c11b2c8c', '76cc0d76bec6a6e8233202afc8bdb688', 'baa661154ee9582abf982570b201298e', 'ae917466270441c2f049ccf746d60da2', 0, 1.00, 220.00, 0.00, 0.00, 220.00, 1, '2021-08-02 00:14:48', '2021-08-01'),
('d55a13cb06fe59d3bc65fe8ce6415c2a', '1185c4e00e2629985c9baa85c11b2c8c', '76cc0d76bec6a6e8233202afc8bdb688', 'baa661154ee9582abf982570b201298e', '4be27f694c872972dce6813f3d30498a', 0, 1.00, 140.00, 0.00, 0.00, 140.00, 1, '2021-08-02 00:14:48', '2021-08-01'),
('74b8a0bebf096b602f5db04296f5a62b', '1185c4e00e2629985c9baa85c11b2c8c', '76cc0d76bec6a6e8233202afc8bdb688', 'baa661154ee9582abf982570b201298e', '07afd18bf9982ad2d05a324b853ff457', 1, 4.00, 6.00, 0.00, 0.00, 24.00, 1, '2021-08-02 00:14:48', '2021-08-01'),
('0cfe565737cf2475572d00a99829fb89', '1185c4e00e2629985c9baa85c11b2c8c', '76cc0d76bec6a6e8233202afc8bdb688', '1be3842ece0b6fbab575bc32ea7737f5', 'bbf5f1a8db96b89f75ed4e539de74371', 0, 2.00, 210.00, 0.00, 0.00, 420.00, 1, '2021-08-02 00:14:48', '2021-08-01'),
('00f636dcc626c0fba30c0cb7d04bb9c0', '1185c4e00e2629985c9baa85c11b2c8c', '76cc0d76bec6a6e8233202afc8bdb688', '1be3842ece0b6fbab575bc32ea7737f5', 'bbf5f1a8db96b89f75ed4e539de74371', 0, 1.00, 210.00, 0.00, 0.00, 210.00, 1, '2021-08-02 00:14:48', '2021-08-01'),
('3d18437ac4669b2038b9cb53ada19260', '1185c4e00e2629985c9baa85c11b2c8c', '76cc0d76bec6a6e8233202afc8bdb688', '1be3842ece0b6fbab575bc32ea7737f5', '5699a2f79de0f9f1935a6a02ededbc65', 0, 1.00, 117.00, 0.00, 0.00, 117.00, 1, '2021-08-02 00:14:48', '2021-08-01'),
('3bb9f8865da53769a66d0e27395bec0f', '1185c4e00e2629985c9baa85c11b2c8c', '76cc0d76bec6a6e8233202afc8bdb688', 'baa661154ee9582abf982570b201298e', '07afd18bf9982ad2d05a324b853ff457', 1, 2.00, 6.00, 0.00, 0.00, 12.00, 1, '2021-08-02 00:14:48', '2021-08-01'),
('89e507638c5cc14d35980bd192d1ef9d', '1185c4e00e2629985c9baa85c11b2c8c', '76cc0d76bec6a6e8233202afc8bdb688', '1be3842ece0b6fbab575bc32ea7737f5', 'bbf5f1a8db96b89f75ed4e539de74371', 0, 2.00, 210.00, 0.00, 0.00, 420.00, 1, '2021-08-02 00:14:48', '2021-08-01'),
('484e4caecacec6a942fe778aca0c9914', '1185c4e00e2629985c9baa85c11b2c8c', '76cc0d76bec6a6e8233202afc8bdb688', '1be3842ece0b6fbab575bc32ea7737f5', 'bbf5f1a8db96b89f75ed4e539de74371', 0, 2.00, 210.00, 0.00, 0.00, 420.00, 1, '2021-08-02 00:14:48', '2021-08-01'),
('07a8f713a0cf1084afe1bae18ec01c8a', '1185c4e00e2629985c9baa85c11b2c8c', '76cc0d76bec6a6e8233202afc8bdb688', '1be3842ece0b6fbab575bc32ea7737f5', '8fd0c3ba6c8b0e7280855a9bc4289f43', 0, 1.00, 217.00, 0.00, 0.00, 217.00, 1, '2021-08-02 00:14:48', '2021-08-01'),
('4c2aeddaf246a0077fdce2f11209d117', '1185c4e00e2629985c9baa85c11b2c8c', '76cc0d76bec6a6e8233202afc8bdb688', '1be3842ece0b6fbab575bc32ea7737f5', 'bbf5f1a8db96b89f75ed4e539de74371', 0, 1.00, 210.00, 0.00, 0.00, 210.00, 1, '2021-08-02 00:14:48', '2021-08-01'),
('09a2d6c2fec0f3d5da83b33195364f88', '1185c4e00e2629985c9baa85c11b2c8c', '76cc0d76bec6a6e8233202afc8bdb688', '1be3842ece0b6fbab575bc32ea7737f5', 'bbf5f1a8db96b89f75ed4e539de74371', 1, 15.00, 2.50, 0.00, 0.00, 37.50, 1, '2021-08-02 00:14:48', '2021-08-01'),
('3b0010f8dd26c7d6f8750f9549a933a2', '1185c4e00e2629985c9baa85c11b2c8c', '76cc0d76bec6a6e8233202afc8bdb688', 'baa661154ee9582abf982570b201298e', '4be27f694c872972dce6813f3d30498a', 0, 1.00, 140.00, 0.00, 0.00, 140.00, 1, '2021-08-02 00:14:48', '2021-08-01'),
('ee5dfdbd60456df93ef2ee262dbb7442', '1185c4e00e2629985c9baa85c11b2c8c', '76cc0d76bec6a6e8233202afc8bdb688', 'd583ed2bf0381b082922ec1b7f6abf70', '22687cc4300d5ed56df6453ab930d44c', 0, 1.00, 25.00, 0.00, 0.00, 25.00, 1, '2021-08-02 00:14:48', '2021-08-01'),
('30915cee6bf425193b4fe10fbf6c9017', '1185c4e00e2629985c9baa85c11b2c8c', '76cc0d76bec6a6e8233202afc8bdb688', 'baa661154ee9582abf982570b201298e', '1e9094269a9a451422cb769c6d80b91b', 0, 3.00, 158.00, 0.00, 0.00, 474.00, 1, '2021-08-02 00:14:48', '2021-08-01'),
('a01fdbf648fff9b49e240f5955a34e93', '1185c4e00e2629985c9baa85c11b2c8c', '76cc0d76bec6a6e8233202afc8bdb688', 'baa661154ee9582abf982570b201298e', 'ec6d2557a790bf623c2b9c32e0291a62', 0, 1.00, 180.00, 0.00, 0.00, 180.00, 1, '2021-08-02 00:14:48', '2021-08-01'),
('a2aed34ae09f9497a7fc408eccb3ea4f', '1185c4e00e2629985c9baa85c11b2c8c', '76cc0d76bec6a6e8233202afc8bdb688', '1be3842ece0b6fbab575bc32ea7737f5', '5699a2f79de0f9f1935a6a02ededbc65', 0, 1.00, 117.00, 0.00, 0.00, 117.00, 1, '2021-08-02 00:14:48', '2021-08-01'),
('154fde86610896be21e7952b6c7ad38c', '1185c4e00e2629985c9baa85c11b2c8c', '76cc0d76bec6a6e8233202afc8bdb688', 'baa661154ee9582abf982570b201298e', 'd67c626f0a1e31a204ff0fdaffa5958a', 0, 1.00, 225.00, 0.00, 0.00, 225.00, 1, '2021-08-02 00:14:48', '2021-08-01'),
('865385a35d87bb9ecdbfaf107f30c9e8', '1185c4e00e2629985c9baa85c11b2c8c', '76cc0d76bec6a6e8233202afc8bdb688', 'baa661154ee9582abf982570b201298e', '9567ed170208b7d3cbefa1fc53b7363f', 0, 1.00, 175.00, 0.00, 0.00, 175.00, 1, '2021-08-02 00:14:48', '2021-08-01'),
('a4b9b46eff23a5213949f4c9658be02b', '1185c4e00e2629985c9baa85c11b2c8c', '76cc0d76bec6a6e8233202afc8bdb688', 'baa661154ee9582abf982570b201298e', 'd30da45f5933bf9e7082c58964ef8d48', 0, 1.00, 150.00, 0.00, 0.00, 150.00, 1, '2021-08-02 00:14:48', '2021-08-01'),
('064dea807fb40e19598814e5203601a1', '1185c4e00e2629985c9baa85c11b2c8c', '76cc0d76bec6a6e8233202afc8bdb688', 'd583ed2bf0381b082922ec1b7f6abf70', '259d2cfbd5bebf466863ff03c801e676', 0, 1.00, 60.00, 0.00, 0.00, 60.00, 1, '2021-08-02 00:14:48', '2021-08-01'),
('eb2ebe0cd382c1f6785176c6e6686e5f', '1185c4e00e2629985c9baa85c11b2c8c', '76cc0d76bec6a6e8233202afc8bdb688', 'baa661154ee9582abf982570b201298e', '4f00419eb1e2b886a733526c76e33e47', 0, 1.00, 180.00, 0.00, 0.00, 180.00, 1, '2021-08-02 00:14:48', '2021-08-01'),
('01f0da7e4bb13a26629c0cc70f6b9235', '1185c4e00e2629985c9baa85c11b2c8c', '76cc0d76bec6a6e8233202afc8bdb688', 'baa661154ee9582abf982570b201298e', '9578eb421cc77a2066505fcd877bff01', 1, 10.00, 3.00, 0.00, 0.00, 30.00, 1, '2021-08-02 00:14:48', '2021-08-01'),
('30ff9c80cc972b074ee48d401d24970c', '', '76cc0d76bec6a6e8233202afc8bdb688', 'baa661154ee9582abf982570b201298e', 'ae917466270441c2f049ccf746d60da2', 1, 10.00, 0.00, 0.00, 0.00, 0.00, 5, '2021-08-02 20:08:07', '2021-08-02'),
('949217bf7d979092b716dd633d33a4e9', '03d4e74edd81ee8b65f452f6f076a0d0', '76cc0d76bec6a6e8233202afc8bdb688', '1be3842ece0b6fbab575bc32ea7737f5', 'bbf5f1a8db96b89f75ed4e539de74371', 0, 6.00, 210.00, 0.00, 0.00, 1260.00, 1, '2021-08-02 20:30:04', '2021-08-02'),
('2c99f91997dec23e56f335a1802b5532', '03d4e74edd81ee8b65f452f6f076a0d0', '76cc0d76bec6a6e8233202afc8bdb688', '1be3842ece0b6fbab575bc32ea7737f5', '5699a2f79de0f9f1935a6a02ededbc65', 1, 10.00, 1.50, 0.00, 0.00, 15.00, 1, '2021-08-02 20:30:04', '2021-08-02'),
('54bce3afaea5eddfe5a45b7d69697c46', '03d4e74edd81ee8b65f452f6f076a0d0', '76cc0d76bec6a6e8233202afc8bdb688', 'baa661154ee9582abf982570b201298e', 'd67c626f0a1e31a204ff0fdaffa5958a', 1, 2.00, 2.50, 0.00, 0.00, 5.00, 1, '2021-08-02 20:30:04', '2021-08-02'),
('89c8672ebe90d00b1462ec6a596fcfce', '03d4e74edd81ee8b65f452f6f076a0d0', '76cc0d76bec6a6e8233202afc8bdb688', '1be3842ece0b6fbab575bc32ea7737f5', '5699a2f79de0f9f1935a6a02ededbc65', 0, 5.00, 117.00, 0.00, 0.00, 585.00, 1, '2021-08-02 20:30:04', '2021-08-02'),
('f8b40211aa4faaf704ef13050519203b', '03d4e74edd81ee8b65f452f6f076a0d0', '76cc0d76bec6a6e8233202afc8bdb688', '1be3842ece0b6fbab575bc32ea7737f5', 'bbf5f1a8db96b89f75ed4e539de74371', 0, 3.00, 210.00, 0.00, 0.00, 630.00, 1, '2021-08-02 20:30:04', '2021-08-02'),
('8bfd91eae4e99b5294e01c7f0ffcca2b', '03d4e74edd81ee8b65f452f6f076a0d0', '76cc0d76bec6a6e8233202afc8bdb688', '1be3842ece0b6fbab575bc32ea7737f5', '5699a2f79de0f9f1935a6a02ededbc65', 0, 1.00, 117.00, 0.00, 0.00, 117.00, 1, '2021-08-02 20:30:04', '2021-08-02'),
('0049c06a800d9a28f1adf81d0f26404d', '03d4e74edd81ee8b65f452f6f076a0d0', '76cc0d76bec6a6e8233202afc8bdb688', 'baa661154ee9582abf982570b201298e', '57027c3685ed14d169d91cd18bf69111', 0, 1.00, 185.00, 0.00, 0.00, 185.00, 1, '2021-08-02 20:30:04', '2021-08-02'),
('531c0ec2d9e5230f7f3c6ffaa032f6b4', '03d4e74edd81ee8b65f452f6f076a0d0', '76cc0d76bec6a6e8233202afc8bdb688', 'baa661154ee9582abf982570b201298e', '9450727da29fd15b3cbd7b5ff463a57f', 0, 1.00, 30.00, 0.00, 0.00, 30.00, 1, '2021-08-02 20:30:04', '2021-08-02'),
('f26caa95845862491c49436e8981dc9f', '03d4e74edd81ee8b65f452f6f076a0d0', '76cc0d76bec6a6e8233202afc8bdb688', '1be3842ece0b6fbab575bc32ea7737f5', 'bbf5f1a8db96b89f75ed4e539de74371', 0, 10.00, 210.00, 3.00, 30.00, 2100.00, 1, '2021-08-02 20:30:04', '2021-08-02'),
('d0a16f12e280fbaf75b7418d0a06843e', '03d4e74edd81ee8b65f452f6f076a0d0', '76cc0d76bec6a6e8233202afc8bdb688', 'baa661154ee9582abf982570b201298e', '1e9094269a9a451422cb769c6d80b91b', 0, 1.00, 158.00, 3.00, 3.00, 158.00, 1, '2021-08-02 20:30:04', '2021-08-02'),
('9556cded946847397d49d07c480cd6c8', '03d4e74edd81ee8b65f452f6f076a0d0', '76cc0d76bec6a6e8233202afc8bdb688', '1be3842ece0b6fbab575bc32ea7737f5', 'bbf5f1a8db96b89f75ed4e539de74371', 0, 3.00, 210.00, 0.00, 0.00, 630.00, 1, '2021-08-02 20:30:04', '2021-08-02'),
('1641057e06c7f1f21f85a3467408ab23', '03d4e74edd81ee8b65f452f6f076a0d0', '76cc0d76bec6a6e8233202afc8bdb688', '1be3842ece0b6fbab575bc32ea7737f5', '5f14428e53638b20c55c723141bee4c4', 0, 1.00, 217.00, 0.00, 0.00, 217.00, 1, '2021-08-02 20:30:04', '2021-08-02'),
('8b0b76f9255a2fba4e2137ed7319fdf4', '03d4e74edd81ee8b65f452f6f076a0d0', '76cc0d76bec6a6e8233202afc8bdb688', 'd583ed2bf0381b082922ec1b7f6abf70', '8be20f4f18f92c2dda918ef4daa95ea8', 0, 2.00, 50.00, 0.00, 0.00, 100.00, 1, '2021-08-02 20:30:04', '2021-08-02'),
('82f3d1c1ef42fe6a9ac08f9993d20fa2', '03d4e74edd81ee8b65f452f6f076a0d0', '76cc0d76bec6a6e8233202afc8bdb688', 'baa661154ee9582abf982570b201298e', '57027c3685ed14d169d91cd18bf69111', 0, 0.00, 185.00, 0.00, 0.00, 0.00, 1, '2021-08-02 20:30:04', '2021-08-02'),
('837d2cede635aa1bc67045993713a5c8', '03d4e74edd81ee8b65f452f6f076a0d0', '76cc0d76bec6a6e8233202afc8bdb688', 'baa661154ee9582abf982570b201298e', '57027c3685ed14d169d91cd18bf69111', 0, 1.00, 185.00, 0.00, 0.00, 185.00, 1, '2021-08-02 20:30:04', '2021-08-02'),
('314bf42dcb69313cd6adee1b703a084e', '03d4e74edd81ee8b65f452f6f076a0d0', '76cc0d76bec6a6e8233202afc8bdb688', 'baa661154ee9582abf982570b201298e', '9fc21aa42ea2042018f2f6bcdf4b95e3', 0, 1.00, 160.00, 0.00, 0.00, 160.00, 1, '2021-08-02 20:30:04', '2021-08-02'),
('336c672cda7204115a8ec6916ac3ae27', '03d4e74edd81ee8b65f452f6f076a0d0', '76cc0d76bec6a6e8233202afc8bdb688', '1be3842ece0b6fbab575bc32ea7737f5', '8fd0c3ba6c8b0e7280855a9bc4289f43', 0, 3.00, 217.00, 0.00, 0.00, 651.00, 1, '2021-08-02 20:30:04', '2021-08-02'),
('9479a40acd6e9ac09ab188b96ef812b0', '03d4e74edd81ee8b65f452f6f076a0d0', '76cc0d76bec6a6e8233202afc8bdb688', 'baa661154ee9582abf982570b201298e', '57027c3685ed14d169d91cd18bf69111', 0, 1.00, 185.00, 0.00, 0.00, 185.00, 1, '2021-08-02 20:30:04', '2021-08-02'),
('843c1cca8fe21e521b49c03bc2ac21bc', '03d4e74edd81ee8b65f452f6f076a0d0', '76cc0d76bec6a6e8233202afc8bdb688', 'baa661154ee9582abf982570b201298e', '9578eb421cc77a2066505fcd877bff01', 1, 5.00, 3.00, 0.00, 0.00, 15.00, 1, '2021-08-02 20:30:04', '2021-08-02'),
('83709dc77d080cc25cd6b0e278e58bee', '', '76cc0d76bec6a6e8233202afc8bdb688', 'baa661154ee9582abf982570b201298e', '9567ed170208b7d3cbefa1fc53b7363f', 0, 1.00, 175.00, 0.00, 0.00, 175.00, 5, '2021-08-02 21:00:04', '2021-08-02'),
('5f41c4c4b1c345edd92d1e0e9e54d801', '', '76cc0d76bec6a6e8233202afc8bdb688', 'baa661154ee9582abf982570b201298e', '90f38713822e915b2ded1438720333fc', 1, 50.00, 3.00, 25.00, 1250.00, 150.00, 5, '2021-08-02 20:55:06', '2021-08-02'),
('1de24540c3b6b3c6f92467b986fc6ac5', '958d96950506d830f06c954b75622d3c', '76cc0d76bec6a6e8233202afc8bdb688', '1be3842ece0b6fbab575bc32ea7737f5', 'bbf5f1a8db96b89f75ed4e539de74371', 0, 3.00, 210.00, 0.00, 0.00, 630.00, 1, '2021-08-02 21:00:39', '2021-08-02'),
('33929cf87e94893b4b8e93214a55ab69', '958d96950506d830f06c954b75622d3c', '76cc0d76bec6a6e8233202afc8bdb688', '1be3842ece0b6fbab575bc32ea7737f5', '8fd0c3ba6c8b0e7280855a9bc4289f43', 0, 3.00, 217.00, 0.00, 0.00, 651.00, 1, '2021-08-02 21:00:39', '2021-08-02'),
('d41e5bb7fd98aa3a2606c565ddfa418b', 'd7e035d8662bec8bbfb8352a46bed847', '76cc0d76bec6a6e8233202afc8bdb688', 'baa661154ee9582abf982570b201298e', '9567ed170208b7d3cbefa1fc53b7363f', 0, 1.00, 175.00, 0.00, 0.00, 175.00, 1, '2021-08-02 21:06:16', '2021-08-02'),
('050a9660a6d8ba322cb536ebaf5ee159', '', '76cc0d76bec6a6e8233202afc8bdb688', 'baa661154ee9582abf982570b201298e', '90f38713822e915b2ded1438720333fc', 1, 50.00, 3.00, 25.00, 1250.00, 150.00, 5, '2021-08-02 21:03:31', '2021-08-02'),
('f46284060102e9fd7b679845085f82a5', 'd7e035d8662bec8bbfb8352a46bed847', '76cc0d76bec6a6e8233202afc8bdb688', 'baa661154ee9582abf982570b201298e', '90f38713822e915b2ded1438720333fc', 1, 50.00, 3.00, 25.00, 1250.00, 150.00, 1, '2021-08-02 21:06:16', '2021-08-02'),
('975dccb179cfb787ffa59eb69c9d4bfa', 'd7e035d8662bec8bbfb8352a46bed847', '76cc0d76bec6a6e8233202afc8bdb688', 'baa661154ee9582abf982570b201298e', 'ec6d2557a790bf623c2b9c32e0291a62', 0, 1.00, 180.00, 0.00, 0.00, 180.00, 1, '2021-08-02 21:06:16', '2021-08-02'),
('c0e81c01de093173ebcebf094b421121', 'd5bb3c3032da204715d77e2d6354c014', '76cc0d76bec6a6e8233202afc8bdb688', 'fb85aee11e7190e586d2422f24a604e6', 'e42b5938a9f505fc3733d5d1f4d86b75', 0, 3.00, 70.00, 0.00, 0.00, 210.00, 1, '2021-08-02 21:09:12', '2021-08-02'),
('6625eb47a86073bae1e929349edfb163', 'd5bb3c3032da204715d77e2d6354c014', '76cc0d76bec6a6e8233202afc8bdb688', 'fb85aee11e7190e586d2422f24a604e6', 'f39504e1768f6205c43f135a0e9e8b55', 0, 2.00, 60.00, 0.00, 0.00, 120.00, 1, '2021-08-02 21:09:12', '2021-08-02'),
('5b4db38ef74474d442d4c280de58b1c3', 'd5bb3c3032da204715d77e2d6354c014', '76cc0d76bec6a6e8233202afc8bdb688', 'fb85aee11e7190e586d2422f24a604e6', 'd7578c13b1ac91dc2d1379821f9e4fb1', 0, 3.00, 74.00, 0.00, 0.00, 222.00, 1, '2021-08-02 21:09:12', '2021-08-02'),
('456f9235951ec0a3516757909bc98763', 'd5bb3c3032da204715d77e2d6354c014', '76cc0d76bec6a6e8233202afc8bdb688', 'fb85aee11e7190e586d2422f24a604e6', 'c2ca56faa87067619d5417f56c6e1d4d', 0, 2.00, 20.00, 0.00, 0.00, 40.00, 1, '2021-08-02 21:09:12', '2021-08-02'),
('5ed364fe0ec198f5892a63430f0ceb72', 'd5bb3c3032da204715d77e2d6354c014', '76cc0d76bec6a6e8233202afc8bdb688', 'fb85aee11e7190e586d2422f24a604e6', '9969f7a5c6032acbfc8d6631b04b4941', 0, 2.00, 20.00, 0.00, 0.00, 40.00, 1, '2021-08-02 21:09:12', '2021-08-02'),
('c88cff9e507378c70be0473a8b047bea', 'd5bb3c3032da204715d77e2d6354c014', '76cc0d76bec6a6e8233202afc8bdb688', 'fb85aee11e7190e586d2422f24a604e6', 'e42b5938a9f505fc3733d5d1f4d86b75', 0, 2.00, 70.00, 0.00, 0.00, 140.00, 1, '2021-08-02 21:09:12', '2021-08-02'),
('254227e751ec3421cff583bf87768ac5', 'd5bb3c3032da204715d77e2d6354c014', '76cc0d76bec6a6e8233202afc8bdb688', 'fb85aee11e7190e586d2422f24a604e6', 'e42b5938a9f505fc3733d5d1f4d86b75', 0, 2.00, 70.00, 0.00, 0.00, 140.00, 1, '2021-08-02 21:09:12', '2021-08-02'),
('ba9ea5a9a7a1539c333498eedc698a78', '60ea80e529dc70da5a24dd68f77d5435', '76cc0d76bec6a6e8233202afc8bdb688', 'baa661154ee9582abf982570b201298e', '57027c3685ed14d169d91cd18bf69111', 0, 2.00, 185.00, 0.00, 0.00, 370.00, 1, '2021-08-02 21:19:45', '2021-08-02'),
('2b085a03f1809aaa623d3c633b5b6826', '0af1dee46669a96d0ef461522e13438b', '76cc0d76bec6a6e8233202afc8bdb688', 'baa661154ee9582abf982570b201298e', '9fc21aa42ea2042018f2f6bcdf4b95e3', 0, 1.00, 160.00, 0.00, 0.00, 160.00, 1, '2021-08-02 22:54:19', '2021-08-02');
INSERT INTO `detalle_factura` (`codigo_detalle`, `codigo_factura`, `codigo_usuario`, `codigo_categoria`, `codigo_producto`, `tipo`, `cantidad`, `precio`, `descuento`, `general`, `subtotal`, `estado`, `hora`, `fecha`) VALUES
('e1f40abf2163a7f6a22217fbfde00b43', '0af1dee46669a96d0ef461522e13438b', '76cc0d76bec6a6e8233202afc8bdb688', 'baa661154ee9582abf982570b201298e', '4be27f694c872972dce6813f3d30498a', 0, 2.00, 140.00, 0.00, 0.00, 280.00, 1, '2021-08-02 22:54:19', '2021-08-02'),
('9293944ef3964770ff97debe9d2759ba', '55d38f8b564a045e857eba39e813f709', '76cc0d76bec6a6e8233202afc8bdb688', '1be3842ece0b6fbab575bc32ea7737f5', '2604b026f292e1c71f048e279cc1e9d3', 0, 10.00, 195.00, 3.00, 30.00, 1950.00, 1, '2021-08-03 20:03:09', '2021-08-03'),
('d959fdf4632ab8cf03b38c5dd8c7b16b', 'ff99dbb7f993d07ebccd0c4652de274b', '76cc0d76bec6a6e8233202afc8bdb688', 'baa661154ee9582abf982570b201298e', 'd67c626f0a1e31a204ff0fdaffa5958a', 1, 10.00, 2.50, 0.00, 0.00, 25.00, 1, '2021-08-03 20:54:55', '2021-08-03'),
('72387453538b4f89c6ae1e8edfb21092', 'ff99dbb7f993d07ebccd0c4652de274b', '76cc0d76bec6a6e8233202afc8bdb688', 'baa661154ee9582abf982570b201298e', 'eaa73d829fd28bfeac958e0050f5b839', 0, 1.00, 160.00, 0.00, 0.00, 160.00, 1, '2021-08-03 20:54:55', '2021-08-03'),
('fec054ac354bb8f87d79ca6e5fa86f13', 'ff99dbb7f993d07ebccd0c4652de274b', '76cc0d76bec6a6e8233202afc8bdb688', 'baa661154ee9582abf982570b201298e', '4f00419eb1e2b886a733526c76e33e47', 0, 1.00, 180.00, 0.00, 0.00, 180.00, 1, '2021-08-03 20:54:55', '2021-08-03'),
('3cb6e1651e86503e1774bc304d3fbc8b', 'ff99dbb7f993d07ebccd0c4652de274b', '76cc0d76bec6a6e8233202afc8bdb688', '1be3842ece0b6fbab575bc32ea7737f5', '5699a2f79de0f9f1935a6a02ededbc65', 0, 1.00, 117.00, 0.00, 0.00, 117.00, 1, '2021-08-03 20:54:55', '2021-08-03'),
('09913322cc9877ec3cf8592d10b188b2', 'ff99dbb7f993d07ebccd0c4652de274b', '76cc0d76bec6a6e8233202afc8bdb688', '1be3842ece0b6fbab575bc32ea7737f5', 'bbf5f1a8db96b89f75ed4e539de74371', 0, 1.00, 210.00, 0.00, 0.00, 210.00, 1, '2021-08-03 20:54:55', '2021-08-03'),
('64dbd06515d3db834113b6288e4d902e', 'ff99dbb7f993d07ebccd0c4652de274b', '76cc0d76bec6a6e8233202afc8bdb688', '1be3842ece0b6fbab575bc32ea7737f5', 'bbf5f1a8db96b89f75ed4e539de74371', 0, 15.00, 210.00, 0.00, 0.00, 3150.00, 1, '2021-08-03 20:54:55', '2021-08-03'),
('1e845d3caad02f3cd8c5299f9e9d4aaa', 'ff99dbb7f993d07ebccd0c4652de274b', '76cc0d76bec6a6e8233202afc8bdb688', 'baa661154ee9582abf982570b201298e', '57027c3685ed14d169d91cd18bf69111', 0, 1.00, 185.00, 0.00, 0.00, 185.00, 1, '2021-08-03 20:54:55', '2021-08-03'),
('897e224eb4abac8d10816e4d13a817bc', 'ff99dbb7f993d07ebccd0c4652de274b', '76cc0d76bec6a6e8233202afc8bdb688', 'd583ed2bf0381b082922ec1b7f6abf70', '8be20f4f18f92c2dda918ef4daa95ea8', 0, 1.00, 50.00, 0.00, 0.00, 50.00, 1, '2021-08-03 20:54:55', '2021-08-03'),
('fc81c8a7ae3379d652f1145a7f1a1cf9', 'ff99dbb7f993d07ebccd0c4652de274b', '76cc0d76bec6a6e8233202afc8bdb688', '1be3842ece0b6fbab575bc32ea7737f5', 'bbf5f1a8db96b89f75ed4e539de74371', 0, 1.00, 210.00, 0.00, 0.00, 210.00, 1, '2021-08-03 20:54:55', '2021-08-03'),
('7bbae556b076774d2ea49f39e277baee', '9ce124db0e300bbb4eaaa5a71e72e13b', '76cc0d76bec6a6e8233202afc8bdb688', 'baa661154ee9582abf982570b201298e', '6d90c30cc59e39d6b01ab70d49406830', 0, 1.00, 75.00, 0.00, 0.00, 75.00, 1, '2021-08-03 21:52:18', '2021-08-03'),
('7423e581737a56658459a10621822396', '9ce124db0e300bbb4eaaa5a71e72e13b', '76cc0d76bec6a6e8233202afc8bdb688', 'baa661154ee9582abf982570b201298e', '9567ed170208b7d3cbefa1fc53b7363f', 0, 1.00, 175.00, 0.00, 0.00, 175.00, 1, '2021-08-03 21:52:18', '2021-08-03'),
('e2744ec538c34eb78cc1533090bc3688', '9ce124db0e300bbb4eaaa5a71e72e13b', '76cc0d76bec6a6e8233202afc8bdb688', 'fb85aee11e7190e586d2422f24a604e6', 'd7578c13b1ac91dc2d1379821f9e4fb1', 0, 4.00, 74.00, 0.00, 0.00, 296.00, 1, '2021-08-03 21:52:18', '2021-08-03'),
('c60df509c133db6fd1132310b390034e', '9ce124db0e300bbb4eaaa5a71e72e13b', '76cc0d76bec6a6e8233202afc8bdb688', 'fb85aee11e7190e586d2422f24a604e6', 'e42b5938a9f505fc3733d5d1f4d86b75', 0, 1.00, 70.00, 0.00, 0.00, 70.00, 1, '2021-08-03 21:52:18', '2021-08-03'),
('167bf7a913f437e132bfd988c44d0c36', '6d76c06458e4c1d54638d021e3d183c8', '76cc0d76bec6a6e8233202afc8bdb688', 'baa661154ee9582abf982570b201298e', '1e9094269a9a451422cb769c6d80b91b', 0, 3.00, 158.00, 0.00, 0.00, 474.00, 1, '2021-08-03 22:21:52', '2021-08-03'),
('d2acdef433af407232452c47a0977931', '6d76c06458e4c1d54638d021e3d183c8', '76cc0d76bec6a6e8233202afc8bdb688', 'baa661154ee9582abf982570b201298e', 'ec6d2557a790bf623c2b9c32e0291a62', 0, 3.00, 180.00, 0.00, 0.00, 540.00, 1, '2021-08-03 22:21:52', '2021-08-03'),
('4f369370b510b4189269dbc766e94335', '6d76c06458e4c1d54638d021e3d183c8', '76cc0d76bec6a6e8233202afc8bdb688', 'baa661154ee9582abf982570b201298e', 'df9466b5ce80645800085a22eabe89c3', 0, 2.00, 220.00, 0.00, 0.00, 440.00, 1, '2021-08-03 22:21:52', '2021-08-03'),
('bfacd8cb1a9ebc6a7bc55097eac6d57e', '6d76c06458e4c1d54638d021e3d183c8', '76cc0d76bec6a6e8233202afc8bdb688', 'baa661154ee9582abf982570b201298e', 'd67c626f0a1e31a204ff0fdaffa5958a', 0, 1.00, 225.00, 0.00, 0.00, 225.00, 1, '2021-08-03 22:21:52', '2021-08-03'),
('6f3cc172f6a70bb8c74ca412420d761e', 'ab8796840ee5d02e4acb877b392848e1', '76cc0d76bec6a6e8233202afc8bdb688', '1be3842ece0b6fbab575bc32ea7737f5', 'bbf5f1a8db96b89f75ed4e539de74371', 0, 1.00, 210.00, 0.00, 0.00, 210.00, 1, '2021-08-03 22:33:45', '2021-08-03'),
('e5122868281859c9f68760cb2f3e6b91', 'f994bac39eec09bf9b540dcddcef604a', '76cc0d76bec6a6e8233202afc8bdb688', '1be3842ece0b6fbab575bc32ea7737f5', '5699a2f79de0f9f1935a6a02ededbc65', 0, 1.00, 117.00, 0.00, 0.00, 117.00, 1, '2021-08-04 14:05:48', '2021-08-04'),
('f9b80be590c042a31476ef903cfbb267', '9bb1dc3f84db983e1e4a37a702c2b69e', '76cc0d76bec6a6e8233202afc8bdb688', '1be3842ece0b6fbab575bc32ea7737f5', '2d193486b66012bc87df5856871c9301', 0, 1.00, 213.00, 0.00, 0.00, 213.00, 1, '2021-08-04 14:07:25', '2021-08-04'),
('7df1df22bc5c0c5f280c0a140984167b', '9bb1dc3f84db983e1e4a37a702c2b69e', '76cc0d76bec6a6e8233202afc8bdb688', '1be3842ece0b6fbab575bc32ea7737f5', '5699a2f79de0f9f1935a6a02ededbc65', 0, 1.00, 117.00, 0.00, 0.00, 117.00, 1, '2021-08-04 14:07:25', '2021-08-04'),
('c99f7a55722f89dda6580a91df16b0e2', '9bb1dc3f84db983e1e4a37a702c2b69e', '76cc0d76bec6a6e8233202afc8bdb688', 'd583ed2bf0381b082922ec1b7f6abf70', '22687cc4300d5ed56df6453ab930d44c', 0, 1.00, 25.00, 0.00, 0.00, 25.00, 1, '2021-08-04 14:07:25', '2021-08-04'),
('bd477bb391458bfe41dc3c0ed71ae820', 'd319c064cac39436da6023baacc7ff85', '76cc0d76bec6a6e8233202afc8bdb688', 'baa661154ee9582abf982570b201298e', 'df9466b5ce80645800085a22eabe89c3', 0, 1.00, 220.00, 0.00, 0.00, 220.00, 1, '2021-08-04 15:08:57', '2021-08-04'),
('144a453d182f187bae3e8ca7d43aa6de', '8fd50e0641565ffff66da21106f37e69', '76cc0d76bec6a6e8233202afc8bdb688', 'fb85aee11e7190e586d2422f24a604e6', 'e42b5938a9f505fc3733d5d1f4d86b75', 0, 1.00, 70.00, 0.00, 0.00, 70.00, 1, '2021-08-04 15:49:40', '2021-08-04'),
('e6d2b7038fbdcc38486c3ca4e5d7ab17', '8fd50e0641565ffff66da21106f37e69', '76cc0d76bec6a6e8233202afc8bdb688', 'fb85aee11e7190e586d2422f24a604e6', 'd7578c13b1ac91dc2d1379821f9e4fb1', 0, 1.00, 74.00, 0.00, 0.00, 74.00, 1, '2021-08-04 15:49:40', '2021-08-04'),
('0321e68c5e21b3649cb33405ced3dbfc', '4085b37311aeb580614b630d10fdfab9', '76cc0d76bec6a6e8233202afc8bdb688', 'fb85aee11e7190e586d2422f24a604e6', 'e42b5938a9f505fc3733d5d1f4d86b75', 0, 1.00, 70.00, 0.00, 0.00, 70.00, 1, '2021-08-04 17:10:19', '2021-08-04'),
('64634e85801241ddcd53650a20ff91ec', '00a4c5f00cdfb2c54d77b13a34f4931c', '76cc0d76bec6a6e8233202afc8bdb688', '1be3842ece0b6fbab575bc32ea7737f5', '5699a2f79de0f9f1935a6a02ededbc65', 0, 1.00, 117.00, 0.00, 0.00, 117.00, 1, '2021-08-04 17:11:01', '2021-08-04'),
('cc5322425ce70f8786c41a95b6d25879', 'bcb080229f4aa47f119e1d052de096a7', '76cc0d76bec6a6e8233202afc8bdb688', 'fb85aee11e7190e586d2422f24a604e6', 'e42b5938a9f505fc3733d5d1f4d86b75', 0, 5.00, 70.00, 0.00, 0.00, 350.00, 1, '2021-08-04 17:23:11', '2021-08-04'),
('7f9b30ed4b414c38dd37fbc5afba253e', 'bcb080229f4aa47f119e1d052de096a7', '76cc0d76bec6a6e8233202afc8bdb688', 'fb85aee11e7190e586d2422f24a604e6', 'f39504e1768f6205c43f135a0e9e8b55', 0, 2.00, 60.00, 0.00, 0.00, 120.00, 1, '2021-08-04 17:23:11', '2021-08-04'),
('27aa51d729dbbd4b3b8b7d1e034efe18', 'bcb080229f4aa47f119e1d052de096a7', '76cc0d76bec6a6e8233202afc8bdb688', 'fb85aee11e7190e586d2422f24a604e6', 'd7578c13b1ac91dc2d1379821f9e4fb1', 0, 2.00, 74.00, 0.00, 0.00, 148.00, 1, '2021-08-04 17:23:11', '2021-08-04'),
('83104a69b2a3363c2613789573f0ec39', 'bcb080229f4aa47f119e1d052de096a7', '76cc0d76bec6a6e8233202afc8bdb688', 'fb85aee11e7190e586d2422f24a604e6', 'c2ca56faa87067619d5417f56c6e1d4d', 0, 6.00, 20.00, 0.00, 0.00, 120.00, 1, '2021-08-04 17:23:11', '2021-08-04'),
('13b7bc5f664143fa532ee06be85c2efa', 'bcb080229f4aa47f119e1d052de096a7', '76cc0d76bec6a6e8233202afc8bdb688', 'fb85aee11e7190e586d2422f24a604e6', '9969f7a5c6032acbfc8d6631b04b4941', 0, 2.00, 20.00, 0.00, 0.00, 40.00, 1, '2021-08-04 17:23:11', '2021-08-04'),
('a3662a1c2cc395942382393debb67798', '97f0aa96d91d5dbf72687f733ed409ce', '76cc0d76bec6a6e8233202afc8bdb688', 'baa661154ee9582abf982570b201298e', 'd67c626f0a1e31a204ff0fdaffa5958a', 0, 1.00, 225.00, 0.00, 0.00, 225.00, 1, '2021-08-04 18:18:58', '2021-08-04'),
('86bdadc0a1c68fbb91375cc463d875d1', '97f0aa96d91d5dbf72687f733ed409ce', '76cc0d76bec6a6e8233202afc8bdb688', 'baa661154ee9582abf982570b201298e', 'd67c626f0a1e31a204ff0fdaffa5958a', 1, 4.00, 2.50, 0.00, 0.00, 10.00, 1, '2021-08-04 18:18:58', '2021-08-04'),
('0cda8910d83f3a995e0be00f8adaffc7', '05b702d6ead25f51da05ebf34174a7fe', '76cc0d76bec6a6e8233202afc8bdb688', 'fb85aee11e7190e586d2422f24a604e6', 'e42b5938a9f505fc3733d5d1f4d86b75', 0, 3.00, 70.00, 0.00, 0.00, 210.00, 1, '2021-08-04 18:42:55', '2021-08-04'),
('68d9b23e3fda9efa6407230c8edf2378', '05b702d6ead25f51da05ebf34174a7fe', '76cc0d76bec6a6e8233202afc8bdb688', 'fb85aee11e7190e586d2422f24a604e6', '1b452a24794ecabd0b0298df04ac6b7e', 0, 1.00, 73.00, 0.00, 0.00, 73.00, 1, '2021-08-04 18:42:55', '2021-08-04'),
('5891701aed7b2a80be9b6377c04fb963', '4bf7d5eba5b1115abf785c6da61212c3', '76cc0d76bec6a6e8233202afc8bdb688', '1be3842ece0b6fbab575bc32ea7737f5', '5699a2f79de0f9f1935a6a02ededbc65', 0, 2.00, 117.00, 0.00, 0.00, 234.00, 1, '2021-08-04 19:39:48', '2021-08-04'),
('caca4ff92d5e541a1cb3395d822d396a', '4bf7d5eba5b1115abf785c6da61212c3', '76cc0d76bec6a6e8233202afc8bdb688', '1be3842ece0b6fbab575bc32ea7737f5', 'bbf5f1a8db96b89f75ed4e539de74371', 0, 1.00, 210.00, 0.00, 0.00, 210.00, 1, '2021-08-04 19:39:48', '2021-08-04'),
('11a1e8a1666ac24ff05fa27cc570792d', '4bf7d5eba5b1115abf785c6da61212c3', '76cc0d76bec6a6e8233202afc8bdb688', 'd583ed2bf0381b082922ec1b7f6abf70', '8be20f4f18f92c2dda918ef4daa95ea8', 0, 1.00, 50.00, 0.00, 0.00, 50.00, 1, '2021-08-04 19:39:48', '2021-08-04'),
('01f20d245a0f0f497a7b96f352541633', '92658e9c4514355d56d2a2e098e274f7', '76cc0d76bec6a6e8233202afc8bdb688', 'baa661154ee9582abf982570b201298e', 'd8c6e93517459f22f94e0b11f7bf04bd', 0, 1.00, 15.00, 0.00, 0.00, 15.00, 1, '2021-08-04 19:45:10', '2021-08-04'),
('76a5758b77e518de8b9e13938d405288', '26cbd32b8a176ea2e6330bba2e87c035', '76cc0d76bec6a6e8233202afc8bdb688', 'baa661154ee9582abf982570b201298e', '57027c3685ed14d169d91cd18bf69111', 0, 1.00, 185.00, 0.00, 0.00, 185.00, 1, '2021-08-04 21:51:33', '2021-08-04'),
('23b08864243bd44bee181019e5d16437', '26cbd32b8a176ea2e6330bba2e87c035', '76cc0d76bec6a6e8233202afc8bdb688', 'baa661154ee9582abf982570b201298e', 'd67c626f0a1e31a204ff0fdaffa5958a', 1, 25.00, 2.50, 0.00, 0.00, 62.50, 1, '2021-08-04 21:51:33', '2021-08-04'),
('91743dcf9a8b9f7b1e410c804baf70c2', '826b1ad19bdf9c6a788064725284a90f', '76cc0d76bec6a6e8233202afc8bdb688', 'baa661154ee9582abf982570b201298e', '4be27f694c872972dce6813f3d30498a', 0, 1.00, 140.00, 0.00, 0.00, 140.00, 1, '2021-08-04 21:52:25', '2021-08-04'),
('11aa6dcc77b5211c10f46893e9331532', '7a1f1f7516f0b948856c8d8629af9240', '76cc0d76bec6a6e8233202afc8bdb688', '1be3842ece0b6fbab575bc32ea7737f5', 'bbf5f1a8db96b89f75ed4e539de74371', 0, 1.00, 210.00, 10.00, 10.00, 210.00, 1, '2021-08-04 21:56:03', '2021-08-04'),
('45dbd57f11c30f9a8e3cdbd725c31b2f', '7a1f1f7516f0b948856c8d8629af9240', '76cc0d76bec6a6e8233202afc8bdb688', '1be3842ece0b6fbab575bc32ea7737f5', 'bbf5f1a8db96b89f75ed4e539de74371', 1, 5.00, 2.50, 0.00, 0.00, 12.50, 1, '2021-08-04 21:56:03', '2021-08-04'),
('6bbad3d7492ef9ec44d176d8d01b22fd', '7a1f1f7516f0b948856c8d8629af9240', '76cc0d76bec6a6e8233202afc8bdb688', '1be3842ece0b6fbab575bc32ea7737f5', '714ad6bfe88321790732292aae8dcf80', 0, 1.00, 120.00, 10.00, 10.00, 120.00, 1, '2021-08-04 21:56:03', '2021-08-04'),
('555002e76a8802bc1c55dd3aaed6c7a8', '1de472f4d0b05dbc32ac5e414ca4c3f6', '76cc0d76bec6a6e8233202afc8bdb688', 'fb85aee11e7190e586d2422f24a604e6', 'd7578c13b1ac91dc2d1379821f9e4fb1', 0, 1.00, 80.00, 0.00, 0.00, 80.00, 1, '2021-08-04 21:58:59', '2021-08-04'),
('97d77e0d2582f314c5746a365565c6d8', '3b2fcdc5d5b9c91c0593cb7000521efe', '76cc0d76bec6a6e8233202afc8bdb688', 'baa661154ee9582abf982570b201298e', '4be27f694c872972dce6813f3d30498a', 0, 1.00, 140.00, 0.00, 0.00, 140.00, 1, '2021-08-04 22:17:53', '2021-08-04'),
('1aa647276d7f1027bb412e6b7603951e', '837445c0f11554c1ea576b8cf8e21764', '76cc0d76bec6a6e8233202afc8bdb688', 'd583ed2bf0381b082922ec1b7f6abf70', '89b24d6796aa0be4a10858d5ec32e9c6', 0, 1.00, 176.00, 0.00, 0.00, 176.00, 1, '2021-08-04 23:27:12', '2021-08-04'),
('05b87d9505d699bcc18f6a73c6e9c221', '584a53c12027a0dd3f3276e456fd431d', '76cc0d76bec6a6e8233202afc8bdb688', 'baa661154ee9582abf982570b201298e', 'df9466b5ce80645800085a22eabe89c3', 0, 1.00, 220.00, 0.00, 0.00, 220.00, 1, '2021-08-04 23:38:32', '2021-08-04'),
('d37e513d61322afd79b1f7e230454d15', '584a53c12027a0dd3f3276e456fd431d', '76cc0d76bec6a6e8233202afc8bdb688', '1be3842ece0b6fbab575bc32ea7737f5', 'bbf5f1a8db96b89f75ed4e539de74371', 0, 1.00, 210.00, 0.00, 0.00, 210.00, 1, '2021-08-04 23:38:32', '2021-08-04'),
('2b7d0a92469cf76eff079ac53b0ab612', '584a53c12027a0dd3f3276e456fd431d', '76cc0d76bec6a6e8233202afc8bdb688', 'baa661154ee9582abf982570b201298e', '9567ed170208b7d3cbefa1fc53b7363f', 0, 1.00, 175.00, 0.00, 0.00, 175.00, 1, '2021-08-04 23:38:32', '2021-08-04'),
('99312f44e5cae72669ee0f38d3ff4471', 'a68ab9a978f3a6c4f417a1ff67de9acc', '76cc0d76bec6a6e8233202afc8bdb688', 'fb85aee11e7190e586d2422f24a604e6', 'e42b5938a9f505fc3733d5d1f4d86b75', 0, 10.00, 70.00, 0.00, 0.00, 700.00, 1, '2021-08-05 16:56:16', '2021-08-05'),
('ff189ad7c2f72a954e8cbc32c6be2f23', 'a68ab9a978f3a6c4f417a1ff67de9acc', '76cc0d76bec6a6e8233202afc8bdb688', 'fb85aee11e7190e586d2422f24a604e6', 'd7578c13b1ac91dc2d1379821f9e4fb1', 0, 5.00, 80.00, 0.00, 0.00, 400.00, 1, '2021-08-05 16:56:16', '2021-08-05'),
('ac78d0a05c03ad1e8c43d17ed65cac67', '', '76cc0d76bec6a6e8233202afc8bdb688', 'fb85aee11e7190e586d2422f24a604e6', 'c2ca56faa87067619d5417f56c6e1d4d', 0, 3.00, 20.00, 0.00, 0.00, 60.00, 5, '2021-08-05 16:52:43', '2021-08-05'),
('37388505ea3a39546e94e38c9268666b', 'a68ab9a978f3a6c4f417a1ff67de9acc', '76cc0d76bec6a6e8233202afc8bdb688', 'fb85aee11e7190e586d2422f24a604e6', 'c2ca56faa87067619d5417f56c6e1d4d', 0, 2.00, 20.00, 0.00, 0.00, 40.00, 1, '2021-08-05 16:56:16', '2021-08-05'),
('7b61a6c3b8779a4cb14dbc83bc9ac2b8', 'a68ab9a978f3a6c4f417a1ff67de9acc', '76cc0d76bec6a6e8233202afc8bdb688', 'fb85aee11e7190e586d2422f24a604e6', '9969f7a5c6032acbfc8d6631b04b4941', 0, 3.00, 20.00, 0.00, 0.00, 60.00, 1, '2021-08-05 16:56:16', '2021-08-05'),
('bb1daf9ac2814b788414a258dff67b50', 'a68ab9a978f3a6c4f417a1ff67de9acc', '76cc0d76bec6a6e8233202afc8bdb688', 'fb85aee11e7190e586d2422f24a604e6', 'c2ca56faa87067619d5417f56c6e1d4d', 0, 1.00, 20.00, 0.00, 0.00, 20.00, 1, '2021-08-05 16:56:16', '2021-08-05'),
('0b76d954ae0f149f6914a705daad928b', '', '76cc0d76bec6a6e8233202afc8bdb688', 'baa661154ee9582abf982570b201298e', '4be27f694c872972dce6813f3d30498a', 0, 1.00, 140.00, 0.00, 0.00, 140.00, 4, '2021-08-05 21:08:16', '2021-08-05'),
('9a8b637714ffa41aa28e164afaa9082e', '', '76cc0d76bec6a6e8233202afc8bdb688', 'd583ed2bf0381b082922ec1b7f6abf70', '24c6d0e9cfd1ae282db6b16461fdc8e8', 0, 1.00, 200.00, 0.00, 0.00, 200.00, 4, '2021-08-05 21:08:16', '2021-08-05'),
('a4b6012abddbd0f79ea304fa7b317ef6', '', '76cc0d76bec6a6e8233202afc8bdb688', 'd583ed2bf0381b082922ec1b7f6abf70', '49315777eca0ab4fb7d6a46951e40d62', 0, 1.00, 12.00, 0.00, 0.00, 12.00, 4, '2021-08-05 21:08:16', '2021-08-05'),
('d601be7cc20b9112a081351b6a131a6c', '', '76cc0d76bec6a6e8233202afc8bdb688', 'd583ed2bf0381b082922ec1b7f6abf70', '88e004d005e0d3abc77fefe03422bc3c', 0, 1.00, 26.00, 0.00, 0.00, 26.00, 4, '2021-08-05 21:08:16', '2021-08-05'),
('6da28c0e453d7c6e643bc4bf3b117f22', '', '76cc0d76bec6a6e8233202afc8bdb688', '1be3842ece0b6fbab575bc32ea7737f5', 'bbf5f1a8db96b89f75ed4e539de74371', 0, 1.00, 210.00, 0.00, 0.00, 210.00, 4, '2021-08-05 21:08:16', '2021-08-05'),
('e806cff683e84c6f2e6a363cd6157489', '', '76cc0d76bec6a6e8233202afc8bdb688', 'baa661154ee9582abf982570b201298e', '07afd18bf9982ad2d05a324b853ff457', 0, 4.00, 0.00, 0.00, 0.00, 0.00, 4, '2021-08-05 21:08:16', '2021-08-05'),
('5a1dd56054a1138d798d37ffd8889cd5', 'fb2787979d2baf1cbff4ebe2addb06c7', '76cc0d76bec6a6e8233202afc8bdb688', 'baa661154ee9582abf982570b201298e', '4be27f694c872972dce6813f3d30498a', 0, 1.00, 140.00, 0.00, 0.00, 140.00, 1, '2021-08-05 21:22:06', '2021-08-05'),
('39a10f1fd7aa6d28f6733b54b5f3870e', 'fb2787979d2baf1cbff4ebe2addb06c7', '76cc0d76bec6a6e8233202afc8bdb688', 'd583ed2bf0381b082922ec1b7f6abf70', '24c6d0e9cfd1ae282db6b16461fdc8e8', 0, 1.00, 200.00, 0.00, 0.00, 200.00, 1, '2021-08-05 21:22:06', '2021-08-05'),
('d137a369320b8d8950be0ac6993f6413', 'fb2787979d2baf1cbff4ebe2addb06c7', '76cc0d76bec6a6e8233202afc8bdb688', 'd583ed2bf0381b082922ec1b7f6abf70', '49315777eca0ab4fb7d6a46951e40d62', 0, 1.00, 12.00, 0.00, 0.00, 12.00, 1, '2021-08-05 21:22:06', '2021-08-05'),
('d80d2457738f1fec5936f2d44105d9b2', 'fb2787979d2baf1cbff4ebe2addb06c7', '76cc0d76bec6a6e8233202afc8bdb688', 'd583ed2bf0381b082922ec1b7f6abf70', '88e004d005e0d3abc77fefe03422bc3c', 0, 1.00, 26.00, 0.00, 0.00, 26.00, 1, '2021-08-05 21:22:06', '2021-08-05'),
('4475086077f09d31aaff82614178a8d9', 'fb2787979d2baf1cbff4ebe2addb06c7', '76cc0d76bec6a6e8233202afc8bdb688', '1be3842ece0b6fbab575bc32ea7737f5', 'bbf5f1a8db96b89f75ed4e539de74371', 0, 1.00, 210.00, 0.00, 0.00, 210.00, 1, '2021-08-05 21:22:06', '2021-08-05'),
('445b793594f1524f9232559de53ed3c1', 'fb2787979d2baf1cbff4ebe2addb06c7', '76cc0d76bec6a6e8233202afc8bdb688', 'baa661154ee9582abf982570b201298e', '07afd18bf9982ad2d05a324b853ff457', 1, 4.00, 6.00, 0.00, 0.00, 24.00, 1, '2021-08-05 21:22:06', '2021-08-05'),
('a4254b80a69c147dd09fe7f6964b3485', 'fb2787979d2baf1cbff4ebe2addb06c7', '76cc0d76bec6a6e8233202afc8bdb688', 'baa661154ee9582abf982570b201298e', '90f38713822e915b2ded1438720333fc', 1, 5.00, 3.00, 0.00, 0.00, 15.00, 1, '2021-08-05 21:22:06', '2021-08-05'),
('22961ad1934165651f90c5b843b57383', 'fb2787979d2baf1cbff4ebe2addb06c7', '76cc0d76bec6a6e8233202afc8bdb688', '1be3842ece0b6fbab575bc32ea7737f5', '8fd0c3ba6c8b0e7280855a9bc4289f43', 0, 2.00, 217.00, 0.00, 0.00, 434.00, 1, '2021-08-05 21:22:06', '2021-08-05'),
('5638e2aa18c941afc81635581b950000', 'fb2787979d2baf1cbff4ebe2addb06c7', '76cc0d76bec6a6e8233202afc8bdb688', '1be3842ece0b6fbab575bc32ea7737f5', 'bbf5f1a8db96b89f75ed4e539de74371', 0, 1.00, 210.00, 0.00, 0.00, 210.00, 1, '2021-08-05 21:22:06', '2021-08-05'),
('1428c81a6d3411c186ed5a42b2ef1983', 'fb2787979d2baf1cbff4ebe2addb06c7', '76cc0d76bec6a6e8233202afc8bdb688', 'baa661154ee9582abf982570b201298e', 'eaa73d829fd28bfeac958e0050f5b839', 0, 2.00, 160.00, 0.00, 0.00, 320.00, 1, '2021-08-05 21:22:06', '2021-08-05'),
('92bb731c71ada3baf00757ec36276773', 'fb2787979d2baf1cbff4ebe2addb06c7', '76cc0d76bec6a6e8233202afc8bdb688', '1be3842ece0b6fbab575bc32ea7737f5', '5699a2f79de0f9f1935a6a02ededbc65', 0, 3.00, 117.00, 0.00, 0.00, 351.00, 1, '2021-08-05 21:22:06', '2021-08-05'),
('7632dc8baee0d9ca134552cdd4ef941e', 'fb2787979d2baf1cbff4ebe2addb06c7', '76cc0d76bec6a6e8233202afc8bdb688', '1be3842ece0b6fbab575bc32ea7737f5', '714ad6bfe88321790732292aae8dcf80', 0, 3.00, 120.00, 0.00, 0.00, 360.00, 1, '2021-08-05 21:22:06', '2021-08-05'),
('157730ed57525727055166b3d6d212a4', 'fb2787979d2baf1cbff4ebe2addb06c7', '76cc0d76bec6a6e8233202afc8bdb688', '1be3842ece0b6fbab575bc32ea7737f5', '8fd0c3ba6c8b0e7280855a9bc4289f43', 0, 1.00, 217.00, 0.00, 0.00, 217.00, 1, '2021-08-05 21:22:06', '2021-08-05'),
('3028657cc81803a88cf67840b56c3b7e', 'fb2787979d2baf1cbff4ebe2addb06c7', '76cc0d76bec6a6e8233202afc8bdb688', 'd583ed2bf0381b082922ec1b7f6abf70', '8be20f4f18f92c2dda918ef4daa95ea8', 0, 1.00, 50.00, 0.00, 0.00, 50.00, 1, '2021-08-05 21:22:06', '2021-08-05'),
('5ae8cf4e8635577808a57e3bdded38a3', 'fb2787979d2baf1cbff4ebe2addb06c7', '76cc0d76bec6a6e8233202afc8bdb688', 'baa661154ee9582abf982570b201298e', '90f38713822e915b2ded1438720333fc', 1, 4.00, 3.00, 0.00, 0.00, 12.00, 1, '2021-08-05 21:22:06', '2021-08-05'),
('cf4b92e7ba423bbe39de87e1456b83b4', 'fb2787979d2baf1cbff4ebe2addb06c7', '76cc0d76bec6a6e8233202afc8bdb688', 'fb85aee11e7190e586d2422f24a604e6', 'd7578c13b1ac91dc2d1379821f9e4fb1', 0, 1.00, 80.00, 0.00, 0.00, 80.00, 1, '2021-08-05 21:22:06', '2021-08-05'),
('27716780a3c50434405e05a34c7867c4', 'fb2787979d2baf1cbff4ebe2addb06c7', '76cc0d76bec6a6e8233202afc8bdb688', 'fb85aee11e7190e586d2422f24a604e6', 'd7578c13b1ac91dc2d1379821f9e4fb1', 0, 2.00, 80.00, 0.00, 0.00, 160.00, 1, '2021-08-05 21:22:06', '2021-08-05'),
('4b3aec427d6955bde1302a38e8652989', 'fb2787979d2baf1cbff4ebe2addb06c7', '76cc0d76bec6a6e8233202afc8bdb688', 'fb85aee11e7190e586d2422f24a604e6', '1b452a24794ecabd0b0298df04ac6b7e', 0, 2.00, 73.00, 0.00, 0.00, 146.00, 1, '2021-08-05 21:22:06', '2021-08-05'),
('f44d9fcb798058c11535a84562262aad', 'fb2787979d2baf1cbff4ebe2addb06c7', '76cc0d76bec6a6e8233202afc8bdb688', 'fb85aee11e7190e586d2422f24a604e6', 'f39504e1768f6205c43f135a0e9e8b55', 0, 1.00, 60.00, 0.00, 0.00, 60.00, 1, '2021-08-05 21:22:06', '2021-08-05'),
('e801cc881844746f86843f9a56905cc8', 'fb2787979d2baf1cbff4ebe2addb06c7', '76cc0d76bec6a6e8233202afc8bdb688', 'fb85aee11e7190e586d2422f24a604e6', '9969f7a5c6032acbfc8d6631b04b4941', 0, 2.00, 20.00, 0.00, 0.00, 40.00, 1, '2021-08-05 21:22:06', '2021-08-05'),
('66e69a0b03d1031a9e1d3341f7517749', '3e6a0ef1f98c1776b1106e2dcce06d19', '76cc0d76bec6a6e8233202afc8bdb688', '1be3842ece0b6fbab575bc32ea7737f5', '5699a2f79de0f9f1935a6a02ededbc65', 0, 1.00, 117.00, 0.00, 0.00, 117.00, 1, '2021-08-06 23:33:52', '2021-08-06'),
('bdc90fd8bcfafe9b98b951a622961fc2', '3e6a0ef1f98c1776b1106e2dcce06d19', '76cc0d76bec6a6e8233202afc8bdb688', '1be3842ece0b6fbab575bc32ea7737f5', '2604b026f292e1c71f048e279cc1e9d3', 0, 1.00, 195.00, 0.00, 0.00, 195.00, 1, '2021-08-06 23:33:52', '2021-08-06'),
('8e085ceb85aa54951d6216166d96e04e', '3e6a0ef1f98c1776b1106e2dcce06d19', '76cc0d76bec6a6e8233202afc8bdb688', 'baa661154ee9582abf982570b201298e', '9578eb421cc77a2066505fcd877bff01', 1, 3.00, 3.00, 0.00, 0.00, 9.00, 1, '2021-08-06 23:33:52', '2021-08-06'),
('81a794406d86b4a0e7ffa19f46ab2a23', '3e6a0ef1f98c1776b1106e2dcce06d19', '76cc0d76bec6a6e8233202afc8bdb688', 'baa661154ee9582abf982570b201298e', '997b487aa1eac3087ec3dccfe4eff7e1', 1, 1.00, 5.00, 0.00, 0.00, 5.00, 1, '2021-08-06 23:33:52', '2021-08-06'),
('b82f21c21399f24609e998653facebf2', '3e6a0ef1f98c1776b1106e2dcce06d19', '76cc0d76bec6a6e8233202afc8bdb688', 'baa661154ee9582abf982570b201298e', '4be27f694c872972dce6813f3d30498a', 0, 1.00, 140.00, 0.00, 0.00, 140.00, 1, '2021-08-06 23:33:52', '2021-08-06'),
('c4cf579c2f9c8e397e0e9d8c2c657125', '3e6a0ef1f98c1776b1106e2dcce06d19', '76cc0d76bec6a6e8233202afc8bdb688', '1be3842ece0b6fbab575bc32ea7737f5', '8fd0c3ba6c8b0e7280855a9bc4289f43', 0, 1.00, 217.00, 0.00, 0.00, 217.00, 1, '2021-08-06 23:33:52', '2021-08-06'),
('2b8bbfd9e50a8ba232ec1f92941a23e5', '3e6a0ef1f98c1776b1106e2dcce06d19', '76cc0d76bec6a6e8233202afc8bdb688', '1be3842ece0b6fbab575bc32ea7737f5', '5f14428e53638b20c55c723141bee4c4', 1, 27.00, 2.50, 0.00, 0.00, 67.50, 1, '2021-08-06 23:33:52', '2021-08-06'),
('96d3ed3862acb16921118a2c8adbeaa3', '3e6a0ef1f98c1776b1106e2dcce06d19', '76cc0d76bec6a6e8233202afc8bdb688', '1be3842ece0b6fbab575bc32ea7737f5', '5699a2f79de0f9f1935a6a02ededbc65', 1, 25.00, 1.50, 0.00, 0.00, 37.50, 1, '2021-08-06 23:33:52', '2021-08-06'),
('36daa20d0024e5391a3e6dbb9864e778', '3e6a0ef1f98c1776b1106e2dcce06d19', '76cc0d76bec6a6e8233202afc8bdb688', '1be3842ece0b6fbab575bc32ea7737f5', 'bbf5f1a8db96b89f75ed4e539de74371', 1, 30.00, 2.50, 0.00, 0.00, 75.00, 1, '2021-08-06 23:33:52', '2021-08-06'),
('6e6e570db28755e3bf1cd415aa129bfb', '3e6a0ef1f98c1776b1106e2dcce06d19', '76cc0d76bec6a6e8233202afc8bdb688', '1be3842ece0b6fbab575bc32ea7737f5', '5699a2f79de0f9f1935a6a02ededbc65', 1, 15.00, 1.50, 0.00, 0.00, 22.50, 1, '2021-08-06 23:33:52', '2021-08-06'),
('70d974607e3f5de9e084601a0c142896', '3e6a0ef1f98c1776b1106e2dcce06d19', '76cc0d76bec6a6e8233202afc8bdb688', 'baa661154ee9582abf982570b201298e', 'ae917466270441c2f049ccf746d60da2', 1, 4.00, 0.00, 0.00, 0.00, 0.00, 1, '2021-08-06 23:33:52', '2021-08-06'),
('3fcf7370186340a63110259775b0885d', '3e6a0ef1f98c1776b1106e2dcce06d19', '76cc0d76bec6a6e8233202afc8bdb688', '1be3842ece0b6fbab575bc32ea7737f5', '5699a2f79de0f9f1935a6a02ededbc65', 0, 1.00, 117.00, 1.00, 1.00, 117.00, 1, '2021-08-06 23:33:52', '2021-08-06'),
('c42e3c3a226fb78a723d1fc32adebe88', '3e6a0ef1f98c1776b1106e2dcce06d19', '76cc0d76bec6a6e8233202afc8bdb688', '1be3842ece0b6fbab575bc32ea7737f5', 'bbf5f1a8db96b89f75ed4e539de74371', 0, 1.00, 210.00, 1.00, 1.00, 210.00, 1, '2021-08-06 23:33:52', '2021-08-06'),
('d15197f6419624c96fa5824f2edac1ef', '3e6a0ef1f98c1776b1106e2dcce06d19', '76cc0d76bec6a6e8233202afc8bdb688', 'baa661154ee9582abf982570b201298e', 'ae917466270441c2f049ccf746d60da2', 1, 16.00, 0.00, 0.00, 0.00, 0.00, 1, '2021-08-06 23:33:52', '2021-08-06'),
('ef03feb6aef838f13baa290d4769fbf6', '3e6a0ef1f98c1776b1106e2dcce06d19', '76cc0d76bec6a6e8233202afc8bdb688', 'baa661154ee9582abf982570b201298e', 'd67c626f0a1e31a204ff0fdaffa5958a', 0, 1.00, 225.00, 0.00, 0.00, 225.00, 1, '2021-08-06 23:33:52', '2021-08-06'),
('50b88121f097fee5b27149ff44eb8a4d', '3e6a0ef1f98c1776b1106e2dcce06d19', '76cc0d76bec6a6e8233202afc8bdb688', 'baa661154ee9582abf982570b201298e', 'd8c6e93517459f22f94e0b11f7bf04bd', 0, 1.00, 15.00, 0.00, 0.00, 15.00, 1, '2021-08-06 23:33:52', '2021-08-06'),
('fe9ec81fc962c55b89241d218489e3b1', '3e6a0ef1f98c1776b1106e2dcce06d19', '76cc0d76bec6a6e8233202afc8bdb688', '1be3842ece0b6fbab575bc32ea7737f5', 'b7e67b42b99762b090e84396e6145925', 0, 1.00, 200.00, 0.00, 0.00, 200.00, 1, '2021-08-06 23:33:52', '2021-08-06'),
('c254f5c01eabbe0c1d51c8c81f17dc1c', '0653203728c12acc22d82ad6501ecd28', '76cc0d76bec6a6e8233202afc8bdb688', '1be3842ece0b6fbab575bc32ea7737f5', 'bbf5f1a8db96b89f75ed4e539de74371', 0, 2.00, 210.00, 0.00, 0.00, 420.00, 1, '2021-08-07 15:25:13', '2021-08-07'),
('dfbf803c401280acb6a9add1220c4325', '0653203728c12acc22d82ad6501ecd28', '76cc0d76bec6a6e8233202afc8bdb688', '1be3842ece0b6fbab575bc32ea7737f5', '8fd0c3ba6c8b0e7280855a9bc4289f43', 0, 1.00, 217.00, 0.00, 0.00, 217.00, 1, '2021-08-07 15:25:13', '2021-08-07'),
('d4481e9adba0eb5543fb8bbea47416a7', '0653203728c12acc22d82ad6501ecd28', '76cc0d76bec6a6e8233202afc8bdb688', '1be3842ece0b6fbab575bc32ea7737f5', '5699a2f79de0f9f1935a6a02ededbc65', 0, 1.00, 117.00, 0.00, 0.00, 117.00, 1, '2021-08-07 15:25:13', '2021-08-07'),
('9b549447286ccb2733d42810fd485a4e', '0653203728c12acc22d82ad6501ecd28', '76cc0d76bec6a6e8233202afc8bdb688', 'baa661154ee9582abf982570b201298e', 'eaa73d829fd28bfeac958e0050f5b839', 0, 1.00, 160.00, 0.00, 0.00, 160.00, 1, '2021-08-07 15:25:13', '2021-08-07'),
('14614a1ed80a85a036cf8a0b81215cac', '0653203728c12acc22d82ad6501ecd28', '76cc0d76bec6a6e8233202afc8bdb688', 'baa661154ee9582abf982570b201298e', 'ae917466270441c2f049ccf746d60da2', 0, 1.00, 220.00, 0.00, 0.00, 220.00, 1, '2021-08-07 15:25:13', '2021-08-07'),
('2341ed117d62cef2fc663e22f1df9840', '0653203728c12acc22d82ad6501ecd28', '76cc0d76bec6a6e8233202afc8bdb688', 'baa661154ee9582abf982570b201298e', '4be27f694c872972dce6813f3d30498a', 0, 1.00, 140.00, 0.00, 0.00, 140.00, 1, '2021-08-07 15:25:13', '2021-08-07'),
('51875f345e96799e22d73d5bdca8c6e5', '0653203728c12acc22d82ad6501ecd28', '76cc0d76bec6a6e8233202afc8bdb688', 'baa661154ee9582abf982570b201298e', '6d90c30cc59e39d6b01ab70d49406830', 0, 4.00, 75.00, 0.00, 0.00, 300.00, 1, '2021-08-07 15:25:13', '2021-08-07'),
('b67dbf754113e0dbe9edf3e8910173aa', 'a1dbfe11b20458e7f48621e9a13517af', '76cc0d76bec6a6e8233202afc8bdb688', 'd583ed2bf0381b082922ec1b7f6abf70', 'df3cbf191e1763939617de8d0ecce8cf', 0, 1.00, 50.00, 0.00, 0.00, 50.00, 1, '2021-08-07 16:45:26', '2021-08-07'),
('ea203b090f4590019cfa5d053a754459', 'a1dbfe11b20458e7f48621e9a13517af', '76cc0d76bec6a6e8233202afc8bdb688', 'baa661154ee9582abf982570b201298e', 'd67c626f0a1e31a204ff0fdaffa5958a', 1, 8.00, 2.50, 0.00, 0.00, 20.00, 1, '2021-08-07 16:45:26', '2021-08-07'),
('c42cd6f115ec5123f06a7790102c354f', '8c5c9342bfc206cdd3940ba007c2449c', '76cc0d76bec6a6e8233202afc8bdb688', 'fb85aee11e7190e586d2422f24a604e6', 'e42b5938a9f505fc3733d5d1f4d86b75', 0, 3.00, 70.00, 0.00, 0.00, 210.00, 1, '2021-08-07 22:33:56', '2021-08-07'),
('a4e7b244389098018dd7cacca57332f4', '8c5c9342bfc206cdd3940ba007c2449c', '76cc0d76bec6a6e8233202afc8bdb688', 'fb85aee11e7190e586d2422f24a604e6', 'f39504e1768f6205c43f135a0e9e8b55', 0, 1.00, 60.00, 0.00, 0.00, 60.00, 1, '2021-08-07 22:33:56', '2021-08-07'),
('e18d62a2d3304e9c884e674adf6b47ea', '8c5c9342bfc206cdd3940ba007c2449c', '76cc0d76bec6a6e8233202afc8bdb688', 'fb85aee11e7190e586d2422f24a604e6', 'c2ca56faa87067619d5417f56c6e1d4d', 0, 3.00, 20.00, 0.00, 0.00, 60.00, 1, '2021-08-07 22:33:56', '2021-08-07'),
('ff9e28089896a3ad1c007e7dc9760e58', '8c5c9342bfc206cdd3940ba007c2449c', '76cc0d76bec6a6e8233202afc8bdb688', 'fb85aee11e7190e586d2422f24a604e6', 'e42b5938a9f505fc3733d5d1f4d86b75', 0, 9.00, 70.00, 0.00, 0.00, 630.00, 1, '2021-08-07 22:33:56', '2021-08-07'),
('1ebdd0229c4623e80f22cf6cdcbc86ac', '8c5c9342bfc206cdd3940ba007c2449c', '76cc0d76bec6a6e8233202afc8bdb688', '1be3842ece0b6fbab575bc32ea7737f5', '5699a2f79de0f9f1935a6a02ededbc65', 0, 1.00, 117.00, 0.00, 0.00, 117.00, 1, '2021-08-07 22:33:56', '2021-08-07'),
('647a4b207b6b32cb113c885811945c67', '8c5c9342bfc206cdd3940ba007c2449c', '76cc0d76bec6a6e8233202afc8bdb688', 'baa661154ee9582abf982570b201298e', '1e9094269a9a451422cb769c6d80b91b', 0, 1.00, 158.00, 0.00, 0.00, 158.00, 1, '2021-08-07 22:33:56', '2021-08-07'),
('c038710eee9dbd5d8446358117ef12f4', '8c5c9342bfc206cdd3940ba007c2449c', '76cc0d76bec6a6e8233202afc8bdb688', 'baa661154ee9582abf982570b201298e', 'ec6d2557a790bf623c2b9c32e0291a62', 0, 3.00, 180.00, 0.00, 0.00, 540.00, 1, '2021-08-07 22:33:56', '2021-08-07'),
('dc754fe0ee0dbcfc5e56d083bc90db82', '8c5c9342bfc206cdd3940ba007c2449c', '76cc0d76bec6a6e8233202afc8bdb688', '1be3842ece0b6fbab575bc32ea7737f5', 'bbf5f1a8db96b89f75ed4e539de74371', 0, 3.00, 210.00, 0.00, 0.00, 630.00, 1, '2021-08-07 22:33:56', '2021-08-07'),
('8620a6107485bad3f78fd955f62c2e2e', '8c5c9342bfc206cdd3940ba007c2449c', '76cc0d76bec6a6e8233202afc8bdb688', '1be3842ece0b6fbab575bc32ea7737f5', 'b7e67b42b99762b090e84396e6145925', 0, 1.00, 210.00, 0.00, 0.00, 210.00, 1, '2021-08-07 22:33:56', '2021-08-07'),
('6fc4cde8a60520981a24c0f10af93af8', '8c5c9342bfc206cdd3940ba007c2449c', '76cc0d76bec6a6e8233202afc8bdb688', 'baa661154ee9582abf982570b201298e', '9578eb421cc77a2066505fcd877bff01', 1, 8.00, 3.00, 0.00, 0.00, 24.00, 1, '2021-08-07 22:33:56', '2021-08-07'),
('19c344a27fc4dd689737bfd77866dcf5', 'd39519086a0f538be8d8e3cb22a8ef14', '76cc0d76bec6a6e8233202afc8bdb688', 'baa661154ee9582abf982570b201298e', 'ae917466270441c2f049ccf746d60da2', 0, 1.00, 220.00, 0.00, 0.00, 220.00, 1, '2021-08-07 22:44:11', '2021-08-07'),
('e8f19a0ca23b259539718ab6e76d5f3e', 'd39519086a0f538be8d8e3cb22a8ef14', '76cc0d76bec6a6e8233202afc8bdb688', 'baa661154ee9582abf982570b201298e', 'ec6d2557a790bf623c2b9c32e0291a62', 0, 2.00, 180.00, 0.00, 0.00, 360.00, 1, '2021-08-07 22:44:11', '2021-08-07'),
('f79d6aafc831ff3b63aef6eb4987fd1c', 'd39519086a0f538be8d8e3cb22a8ef14', '76cc0d76bec6a6e8233202afc8bdb688', 'baa661154ee9582abf982570b201298e', '1e9094269a9a451422cb769c6d80b91b', 0, 2.00, 158.00, 0.00, 0.00, 316.00, 1, '2021-08-07 22:44:11', '2021-08-07'),
('50dd5c43b2e65a710b72d3bc1f5433db', '62a2a4612b7e0906a9b3b41e5c13f4ed', '76cc0d76bec6a6e8233202afc8bdb688', '1be3842ece0b6fbab575bc32ea7737f5', '2d193486b66012bc87df5856871c9301', 0, 2.00, 213.00, 0.00, 0.00, 426.00, 1, '2021-08-13 12:57:13', '2021-08-13'),
('1cfee498b86f90262cf62fc2c840d884', '62a2a4612b7e0906a9b3b41e5c13f4ed', '76cc0d76bec6a6e8233202afc8bdb688', '1be3842ece0b6fbab575bc32ea7737f5', 'bbf5f1a8db96b89f75ed4e539de74371', 0, 1.00, 210.00, 0.00, 0.00, 210.00, 1, '2021-08-13 12:57:13', '2021-08-13'),
('1f6caec977bb257220a70c8662012ad1', '62a2a4612b7e0906a9b3b41e5c13f4ed', '76cc0d76bec6a6e8233202afc8bdb688', '1be3842ece0b6fbab575bc32ea7737f5', '5699a2f79de0f9f1935a6a02ededbc65', 0, 1.00, 117.00, 0.00, 0.00, 117.00, 1, '2021-08-13 12:57:13', '2021-08-13'),
('3389cf00314f3648f5f384b20b8e3942', '55d12c7ff2e9357e86dbbe1f7722d610', '76cc0d76bec6a6e8233202afc8bdb688', 'fb85aee11e7190e586d2422f24a604e6', 'd7578c13b1ac91dc2d1379821f9e4fb1', 0, 15.00, 80.00, 0.00, 0.00, 1200.00, 1, '2021-08-14 20:51:45', '2021-08-14'),
('3ccb0f7ae61e2d62049fb18019c018c8', '55d12c7ff2e9357e86dbbe1f7722d610', '76cc0d76bec6a6e8233202afc8bdb688', 'fb85aee11e7190e586d2422f24a604e6', 'e42b5938a9f505fc3733d5d1f4d86b75', 0, 10.00, 70.00, 0.00, 0.00, 700.00, 1, '2021-08-14 20:51:45', '2021-08-14'),
('9e7a2f1f1730a516639077ec4b1b6de9', '55d12c7ff2e9357e86dbbe1f7722d610', '76cc0d76bec6a6e8233202afc8bdb688', 'fb85aee11e7190e586d2422f24a604e6', 'f39504e1768f6205c43f135a0e9e8b55', 0, 2.00, 60.00, 0.00, 0.00, 120.00, 1, '2021-08-14 20:51:45', '2021-08-14'),
('c251c16ae4199d1e463569abd3d4e9ff', '97c0a3d97c78a38c512f421606f50965', '76cc0d76bec6a6e8233202afc8bdb688', '1be3842ece0b6fbab575bc32ea7737f5', '5699a2f79de0f9f1935a6a02ededbc65', 0, 4.00, 117.00, 0.00, 0.00, 468.00, 1, '2021-08-19 12:33:47', '2021-08-15'),
('29fc186aac316b85a758321c4deb9ce4', '97c0a3d97c78a38c512f421606f50965', '76cc0d76bec6a6e8233202afc8bdb688', 'baa661154ee9582abf982570b201298e', '1e9094269a9a451422cb769c6d80b91b', 0, 2.00, 158.00, 0.00, 0.00, 316.00, 1, '2021-08-19 12:33:47', '2021-08-15'),
('b533f5e3b1ecec19f0261c658602f671', '97c0a3d97c78a38c512f421606f50965', '76cc0d76bec6a6e8233202afc8bdb688', 'baa661154ee9582abf982570b201298e', 'ec6d2557a790bf623c2b9c32e0291a62', 0, 2.00, 180.00, 0.00, 0.00, 360.00, 1, '2021-08-19 12:33:47', '2021-08-15'),
('c7e5f886058681fff1458ecae21148db', '97c0a3d97c78a38c512f421606f50965', '76cc0d76bec6a6e8233202afc8bdb688', 'baa661154ee9582abf982570b201298e', 'ae917466270441c2f049ccf746d60da2', 0, 2.00, 220.00, 0.00, 0.00, 440.00, 1, '2021-08-19 12:33:47', '2021-08-15'),
('7c39d23c1b8f4fac7334ca5c22ee0594', '2618dafdc4b812e84bbe510397587dbc', '76cc0d76bec6a6e8233202afc8bdb688', 'baa661154ee9582abf982570b201298e', '4be27f694c872972dce6813f3d30498a', 0, 0.00, 140.00, 0.00, 0.00, 0.00, 1, '2021-08-19 14:01:54', '2021-08-19'),
('7c21369fe006094dad674d86f8318cea', '2618dafdc4b812e84bbe510397587dbc', '76cc0d76bec6a6e8233202afc8bdb688', 'baa661154ee9582abf982570b201298e', '4be27f694c872972dce6813f3d30498a', 0, 1.00, 140.00, 0.00, 0.00, 140.00, 1, '2021-08-19 14:01:54', '2021-08-19'),
('0cdc8e743f3d72bd63527d59cb78c013', 'd07c80bb9c1e916f11c230532e20e2e4', '76cc0d76bec6a6e8233202afc8bdb688', 'baa661154ee9582abf982570b201298e', '4be27f694c872972dce6813f3d30498a', 0, 1.00, 140.00, 0.00, 0.00, 140.00, 1, '2021-08-19 14:05:48', '2021-08-19'),
('1731a8ff111fa4ce95af065aa863f5b3', '95351af8a3d2ec95e3d2abd7a0523f13', '76cc0d76bec6a6e8233202afc8bdb688', '1be3842ece0b6fbab575bc32ea7737f5', '5f14428e53638b20c55c723141bee4c4', 0, 1.00, 217.00, 0.00, 0.00, 217.00, 1, '2021-08-21 15:12:43', '2021-08-21'),
('8843b239b1a9e3aa6ce5ecca812aa425', '95351af8a3d2ec95e3d2abd7a0523f13', '76cc0d76bec6a6e8233202afc8bdb688', '1be3842ece0b6fbab575bc32ea7737f5', '8fd0c3ba6c8b0e7280855a9bc4289f43', 0, 1.00, 217.00, 0.00, 0.00, 217.00, 1, '2021-08-21 15:12:43', '2021-08-21'),
('871ff814f3b336c922ecec77ac52b7b8', '469a25ef3663bad62b0a195360cf7b83', '76cc0d76bec6a6e8233202afc8bdb688', 'd583ed2bf0381b082922ec1b7f6abf70', '259d2cfbd5bebf466863ff03c801e676', 0, 1.00, 60.00, 0.00, 0.00, 60.00, 1, '2021-08-23 13:29:09', '2021-08-23'),
('c8cdf814aa899b4087b0b5c79c4d8009', '469a25ef3663bad62b0a195360cf7b83', '76cc0d76bec6a6e8233202afc8bdb688', 'fb85aee11e7190e586d2422f24a604e6', 'd7578c13b1ac91dc2d1379821f9e4fb1', 0, 1.00, 80.00, 0.00, 0.00, 80.00, 1, '2021-08-23 13:29:09', '2021-08-23'),
('f582b0651a9457fc30bef8123c6180b7', '469a25ef3663bad62b0a195360cf7b83', '76cc0d76bec6a6e8233202afc8bdb688', 'fb85aee11e7190e586d2422f24a604e6', 'e42b5938a9f505fc3733d5d1f4d86b75', 0, 1.00, 70.00, 0.00, 0.00, 70.00, 1, '2021-08-23 13:29:09', '2021-08-23'),
('923cd07dde2c8dae566748e52b8554fd', 'f7fba8b6bd2f88cbf46235e2c9ec9f9a', '76cc0d76bec6a6e8233202afc8bdb688', '1be3842ece0b6fbab575bc32ea7737f5', 'bbf5f1a8db96b89f75ed4e539de74371', 0, 3.00, 210.00, 0.00, 0.00, 630.00, 1, '2021-08-24 16:32:52', '2021-08-24'),
('204cebdde1d92b61c6ab5db5c6ef3ff1', 'd730cdb548b63124bc8eacd81650b332', '76cc0d76bec6a6e8233202afc8bdb688', '1be3842ece0b6fbab575bc32ea7737f5', 'bbf5f1a8db96b89f75ed4e539de74371', 0, 2.00, 210.00, 0.00, 0.00, 420.00, 1, '2021-08-24 17:51:40', '2021-08-24'),
('ba94f5bcea340056e0d89a95b53dfdd5', 'd730cdb548b63124bc8eacd81650b332', '76cc0d76bec6a6e8233202afc8bdb688', '1be3842ece0b6fbab575bc32ea7737f5', '5f14428e53638b20c55c723141bee4c4', 0, 1.00, 217.00, 0.00, 0.00, 217.00, 1, '2021-08-24 17:51:40', '2021-08-24'),
('0f90f453bc42676cc407e4fa19024e6b', 'aa27be7ac1908292331e089af72937a8', '76cc0d76bec6a6e8233202afc8bdb688', '1be3842ece0b6fbab575bc32ea7737f5', 'bbf5f1a8db96b89f75ed4e539de74371', 0, 3.00, 210.00, 0.00, 0.00, 630.00, 1, '2021-08-25 14:00:31', '2021-08-25'),
('92c0bdbbb57e61169a332a9bf2df5f3a', 'aa27be7ac1908292331e089af72937a8', '76cc0d76bec6a6e8233202afc8bdb688', '1be3842ece0b6fbab575bc32ea7737f5', '5f14428e53638b20c55c723141bee4c4', 0, 1.00, 217.00, 0.00, 0.00, 217.00, 1, '2021-08-25 14:00:31', '2021-08-25'),
('da366d1f5141ab4baf0e3732b88cf2ec', 'aa27be7ac1908292331e089af72937a8', '76cc0d76bec6a6e8233202afc8bdb688', '1be3842ece0b6fbab575bc32ea7737f5', 'b7e67b42b99762b090e84396e6145925', 0, 1.00, 210.00, 0.00, 0.00, 210.00, 1, '2021-08-25 14:00:31', '2021-08-25'),
('0044d77c77037ba2c4506b9f4103a9c5', 'c37f6bf0a9f37727010f7440d0072336', '76cc0d76bec6a6e8233202afc8bdb688', '1be3842ece0b6fbab575bc32ea7737f5', 'b7e67b42b99762b090e84396e6145925', 0, 2.00, 210.00, 0.00, 0.00, 420.00, 1, '2021-08-25 19:23:26', '2021-08-25'),
('3efad391270bc813cc4144437e23e5c0', 'c37f6bf0a9f37727010f7440d0072336', '76cc0d76bec6a6e8233202afc8bdb688', '1be3842ece0b6fbab575bc32ea7737f5', '5f14428e53638b20c55c723141bee4c4', 0, 1.00, 217.00, 0.00, 0.00, 217.00, 1, '2021-08-25 19:23:26', '2021-08-25'),
('08f6a740666d3f3d2883adae3572c57b', 'c37f6bf0a9f37727010f7440d0072336', '76cc0d76bec6a6e8233202afc8bdb688', '1be3842ece0b6fbab575bc32ea7737f5', '5699a2f79de0f9f1935a6a02ededbc65', 0, 1.00, 117.00, 0.00, 0.00, 117.00, 1, '2021-08-25 19:23:26', '2021-08-25'),
('8bb7b17c5eeb07770c06de5ae4745f5b', '218a873662b61da6898959f4bb25b670', '76cc0d76bec6a6e8233202afc8bdb688', '1be3842ece0b6fbab575bc32ea7737f5', 'bbf5f1a8db96b89f75ed4e539de74371', 1, 40.00, 2.50, 0.00, 0.00, 100.00, 1, '2021-08-28 13:43:54', '2021-08-28'),
('89dd51a4bfcb416924c011e2ed0623ef', '401dac519243fd9a82872cdda081fef3', '76cc0d76bec6a6e8233202afc8bdb688', '1be3842ece0b6fbab575bc32ea7737f5', '5699a2f79de0f9f1935a6a02ededbc65', 0, 1.00, 117.00, 0.00, 0.00, 117.00, 1, '2021-08-30 21:59:02', '2021-08-30'),
('904297fbb25476c0ea198ed5604ecd3b', 'fa9c27c694d2fdb493b8338e2ef1d3ad', '76cc0d76bec6a6e8233202afc8bdb688', '1be3842ece0b6fbab575bc32ea7737f5', 'bbf5f1a8db96b89f75ed4e539de74371', 0, 1.00, 210.00, 0.00, 0.00, 210.00, 1, '2021-09-01 14:06:43', '2021-09-01'),
('8dec941786962213054800e74d44902d', 'fa9c27c694d2fdb493b8338e2ef1d3ad', '76cc0d76bec6a6e8233202afc8bdb688', '1be3842ece0b6fbab575bc32ea7737f5', '5699a2f79de0f9f1935a6a02ededbc65', 0, 1.00, 115.00, 0.00, 0.00, 115.00, 1, '2021-09-01 14:06:43', '2021-09-01'),
('4dd28dbb6d73342a65f7c1d62beecd80', '7055245f82b3395e3d0ace9a8b8f6723', '76cc0d76bec6a6e8233202afc8bdb688', 'fb85aee11e7190e586d2422f24a604e6', 'd7578c13b1ac91dc2d1379821f9e4fb1', 0, 1.00, 80.00, 0.00, 0.00, 80.00, 1, '2021-09-01 21:29:31', '2021-09-01'),
('19cbd6935b017f59d0630563a61554bb', '7055245f82b3395e3d0ace9a8b8f6723', '76cc0d76bec6a6e8233202afc8bdb688', 'fb85aee11e7190e586d2422f24a604e6', 'f39504e1768f6205c43f135a0e9e8b55', 0, 1.00, 60.00, 0.00, 0.00, 60.00, 1, '2021-09-01 21:29:31', '2021-09-01'),
('a028fd4c47ee7de3a07e7ab870291957', '7055245f82b3395e3d0ace9a8b8f6723', '76cc0d76bec6a6e8233202afc8bdb688', 'fb85aee11e7190e586d2422f24a604e6', 'e42b5938a9f505fc3733d5d1f4d86b75', 0, 1.00, 70.00, 0.00, 0.00, 70.00, 1, '2021-09-01 21:29:31', '2021-09-01'),
('c98780d4b0c4761c2042f669000994cc', '7055245f82b3395e3d0ace9a8b8f6723', '76cc0d76bec6a6e8233202afc8bdb688', 'fb85aee11e7190e586d2422f24a604e6', '1b452a24794ecabd0b0298df04ac6b7e', 0, 0.00, 73.00, 3.00, 0.00, 0.00, 1, '2021-09-01 21:29:31', '2021-09-01'),
('f71f879645d4d7354226236e92fce97b', '0d77a8aadae340a30e25ce57bc5d3874', '76cc0d76bec6a6e8233202afc8bdb688', 'fb85aee11e7190e586d2422f24a604e6', 'd7578c13b1ac91dc2d1379821f9e4fb1', 0, 1.00, 80.00, 0.00, 0.00, 80.00, 1, '2021-09-01 21:32:07', '2021-09-01'),
('ff74469b04d236b183896f306aba38a1', '0d77a8aadae340a30e25ce57bc5d3874', '76cc0d76bec6a6e8233202afc8bdb688', 'fb85aee11e7190e586d2422f24a604e6', 'f39504e1768f6205c43f135a0e9e8b55', 0, 1.00, 60.00, 0.00, 0.00, 60.00, 1, '2021-09-01 21:32:07', '2021-09-01'),
('f7afeaad38ca24a7fe9b37b31198af96', '0d77a8aadae340a30e25ce57bc5d3874', '76cc0d76bec6a6e8233202afc8bdb688', 'fb85aee11e7190e586d2422f24a604e6', 'e42b5938a9f505fc3733d5d1f4d86b75', 0, 1.00, 70.00, 0.00, 0.00, 70.00, 1, '2021-09-01 21:32:07', '2021-09-01'),
('38b002365909fb0d4418f2dc73a614a2', '0d77a8aadae340a30e25ce57bc5d3874', '76cc0d76bec6a6e8233202afc8bdb688', 'fb85aee11e7190e586d2422f24a604e6', '1b452a24794ecabd0b0298df04ac6b7e', 0, 1.00, 70.00, 0.00, 0.00, 70.00, 1, '2021-09-01 21:32:07', '2021-09-01'),
('c2ffac03c2485d13019e552feced003e', '0d77a8aadae340a30e25ce57bc5d3874', '76cc0d76bec6a6e8233202afc8bdb688', 'fb85aee11e7190e586d2422f24a604e6', '9ba592041ff36687d2317fba8d844cb6', 0, 1.00, 30.00, 0.00, 0.00, 30.00, 1, '2021-09-01 21:32:07', '2021-09-01'),
('06dbb7da4ac181609e3c68a44e911a4c', '0d77a8aadae340a30e25ce57bc5d3874', '76cc0d76bec6a6e8233202afc8bdb688', 'fb85aee11e7190e586d2422f24a604e6', '83d548b152a44995e5a4d878d73428a0', 0, 1.00, 68.00, 0.00, 0.00, 68.00, 1, '2021-09-01 21:32:07', '2021-09-01'),
('ad7eee7fb6e1d59dd6001e516d0a14e7', '87034e219bf5532fea1c33793445c426', '76cc0d76bec6a6e8233202afc8bdb688', '1be3842ece0b6fbab575bc32ea7737f5', 'bbf5f1a8db96b89f75ed4e539de74371', 0, 2.00, 210.00, 0.00, 0.00, 420.00, 1, '2021-09-02 14:52:40', '2021-09-02'),
('f36abfb889caf5bfdf96eb54415deebe', 'fbacae9f1d33cc81deb79130e80c5e44', '76cc0d76bec6a6e8233202afc8bdb688', '1be3842ece0b6fbab575bc32ea7737f5', 'bbf5f1a8db96b89f75ed4e539de74371', 0, 2.00, 210.00, 0.00, 0.00, 420.00, 1, '2021-09-02 14:53:41', '2021-09-02'),
('e2e245e0b343b995ef79b8a744ea345f', '2d8cae8372348b430259088acce28e11', '6db9e08e4295925697af15059da4e995', '1be3842ece0b6fbab575bc32ea7737f5', 'bbf5f1a8db96b89f75ed4e539de74371', 0, 2.00, 210.00, 0.00, 0.00, 420.00, 1, '2021-09-02 14:55:50', '2021-09-02'),
('f564ab1a9fc1f7606d5ab56d9bfeae6e', '00443bd07ac2cc255577f1b5f2723221', '76cc0d76bec6a6e8233202afc8bdb688', 'baa661154ee9582abf982570b201298e', 'd67c626f0a1e31a204ff0fdaffa5958a', 0, 1.00, 225.00, 0.00, 0.00, 225.00, 1, '2021-09-02 21:54:53', '2021-09-02');

-- --------------------------------------------------------

--
-- Estructura de tabla para la tabla `factura`
--

CREATE TABLE `factura` (
  `codigo_factura` varchar(50) NOT NULL,
  `codigo_usuario` varchar(50) NOT NULL,
  `correlativo` varchar(50) NOT NULL,
  `cliente` varchar(50) NOT NULL,
  `direccion` text DEFAULT NULL,
  `telefono` int(11) DEFAULT NULL,
  `descuento` double(10,2) NOT NULL,
  `total` double(10,2) NOT NULL DEFAULT 0.00,
  `fecha` timestamp NOT NULL DEFAULT current_timestamp() ON UPDATE current_timestamp(),
  `fechas` date NOT NULL DEFAULT curdate(),
  `estado` bit(1) NOT NULL DEFAULT b'1'
) ENGINE=InnoDB DEFAULT CHARSET=utf8;

--
-- Volcado de datos para la tabla `factura`
--

INSERT INTO `factura` (`codigo_factura`, `codigo_usuario`, `correlativo`, `cliente`, `direccion`, `telefono`, `descuento`, `total`, `fecha`, `fechas`, `estado`) VALUES
('00443bd07ac2cc255577f1b5f2723221', '76cc0d76bec6a6e8233202afc8bdb688', 'FAC-2021-ZYQDU', 'tuc  rolando', 'patzajito', 0, 0.00, 225.00, '2021-09-02 21:54:53', '2021-09-02', b'1'),
('006f5ef6e6b8c1f71f4f3dc677f74bf9', '76cc0d76bec6a6e8233202afc8bdb688', 'FAC-2021-JWCNN', 'tavo', '', 0, 0.00, 282.00, '2021-07-12 12:55:10', '2021-07-12', b'1'),
('00a4c5f00cdfb2c54d77b13a34f4931c', '76cc0d76bec6a6e8233202afc8bdb688', 'FAC-2021-NXMSS', 'tuc victor', 'patzajito', 0, 0.00, 117.00, '2021-08-04 17:11:01', '2021-08-04', b'1'),
('02d29e0e02146b906685478b6349700b', '76cc0d76bec6a6e8233202afc8bdb688', 'FAC-2021-DSVEL', 'casa', 'el rancho', 0, 0.00, 1245.00, '2021-07-13 01:08:05', '2021-07-12', b'1'),
('02d5af1e965db505342b6cba474eecf4', '76cc0d76bec6a6e8233202afc8bdb688', 'FAC-2021-EMIRF', 'wuilson ', 'choabaj grande', 0, 0.00, 540.00, '2021-07-20 21:31:26', '2021-07-20', b'1'),
('03b035fd4018320d90faab855dc72a79', '76cc0d76bec6a6e8233202afc8bdb688', 'FAC-2021-AJELK', 'jonathan', 'patzajito', 0, 0.00, 210.00, '2021-07-20 22:14:41', '2021-07-20', b'1'),
('03d4e74edd81ee8b65f452f6f076a0d0', '76cc0d76bec6a6e8233202afc8bdb688', 'FAC-2021-ORUYZ', 'Tomas', 'local', 0, 0.00, 7228.00, '2021-08-02 20:30:04', '2021-08-02', b'1'),
('04a50badf8414b7001bcdaf83764d699', '76cc0d76bec6a6e8233202afc8bdb688', 'FAC-2021-SKMKM', 'juventino', 'patzajito', 0, 0.00, 50.00, '2021-07-12 20:49:00', '2021-07-12', b'1'),
('04d27b855a4441860f77417e8ea1a0c5', '76cc0d76bec6a6e8233202afc8bdb688', 'FAC-2021-ZXMXA', 'francisco duarte', 'patzajito', 0, 0.00, 2967.00, '2021-07-12 13:36:51', '2021-07-12', b'1'),
('051a19d2b54db21c493846f4098e20d9', '76cc0d76bec6a6e8233202afc8bdb688', 'FAC-2021-ZTEDY', 'carro verde', 'desconocido', 0, 0.00, 225.00, '2021-07-27 19:55:44', '2021-07-27', b'0'),
('05969402f0bfc090584afbfe9f3dc40c', 'fac9173ebc681c18e432158195adb3b4', 'FAC-2021-QOUNL', 'tono aguas viernes 24-07', '', 0, 0.00, 10550.00, '2021-07-25 03:21:09', '2021-07-24', b'1'),
('05b702d6ead25f51da05ebf34174a7fe', '76cc0d76bec6a6e8233202afc8bdb688', 'FAC-2021-UUFWM', 'tomasa  curruchich', 'la providencia', 0, 0.00, 283.00, '2021-08-04 18:42:55', '2021-08-04', b'1'),
('05d6791beeae537a273c15e56cbad9cc', '76cc0d76bec6a6e8233202afc8bdb688', 'FAC-2021-AUOKH', 'Tomas', '', 0, 0.00, 9493.00, '2021-07-24 01:24:31', '2021-07-23', b'1'),
('061f135e5b545633937339f2e4a9df6d', '76cc0d76bec6a6e8233202afc8bdb688', 'FAC-2021-CFIOK', 'fransisco  velazco', '', 0, 0.00, 60.00, '2021-07-06 22:10:12', '2021-07-06', b'0'),
('0653203728c12acc22d82ad6501ecd28', '76cc0d76bec6a6e8233202afc8bdb688', 'FAC-2021-DMFON', 'Tomas', '', 0, 0.00, 1574.00, '2021-08-07 15:25:13', '2021-08-07', b'1'),
('072c8ad3db29bbfbd1806affa69b4e8d', '76cc0d76bec6a6e8233202afc8bdb688', 'FAC-2021-YIXMZ', 'tuc pancho', 'magueyes', 0, 0.00, 117.00, '2021-07-07 19:40:59', '2021-07-07', b'1'),
('095dcfc955c71bc10f726c396cc150df', '76cc0d76bec6a6e8233202afc8bdb688', 'FAC-2021-AHCJN', 'paulino julaj', 'magueyes', 0, 0.00, 2289.00, '2021-07-09 14:01:04', '2021-07-09', b'1'),
('0ad74091c12ef92385191661e8997f13', '76cc0d76bec6a6e8233202afc8bdb688', 'FAC-2021-MCMEV', 'CF', '', 0, 0.00, 6.00, '2021-07-12 18:29:20', '2021-07-12', b'1'),
('0ae9056dcb9187b1575519865e517420', 'fac9173ebc681c18e432158195adb3b4', 'FAC-2021-QKRLN', 'CF', '', 0, 0.00, 15.00, '2021-07-17 16:42:23', '2021-07-17', b'1'),
('0af1dee46669a96d0ef461522e13438b', '76cc0d76bec6a6e8233202afc8bdb688', 'FAC-2021-FVWXP', 'Tomas', '', 0, 0.00, 440.00, '2021-08-02 22:54:19', '2021-08-02', b'1'),
('0b0be122ed8acd81e61cf2eb7200fd3d', '76cc0d76bec6a6e8233202afc8bdb688', 'FAC-2021-EKJFT', 'carlos', 'LA ESPERANCITA', 0, 0.00, 2100.00, '2021-07-07 21:24:29', '2021-07-07', b'1'),
('0b908bae5ecf17f23db6f99f873f7220', '76cc0d76bec6a6e8233202afc8bdb688', 'FAC-2021-IXBWN', 'rufina', 'la providencia', 0, 0.00, 74.00, '2021-07-08 02:53:45', '2021-07-07', b'1'),
('0d028c220d4caaf9fc8d32b7d94acf5d', '76cc0d76bec6a6e8233202afc8bdb688', 'FAC-2021-EZUJK', 'geremias', 'el rancho', 0, 0.00, 420.00, '2021-07-08 06:20:54', '2021-07-07', b'1'),
('0d77a8aadae340a30e25ce57bc5d3874', '76cc0d76bec6a6e8233202afc8bdb688', 'FAC-2021-UMMAM', 'tuc victor', 'patzajito', 0, 0.00, 378.00, '2021-09-01 21:32:07', '2021-09-01', b'1'),
('0f7b7729112fb7672bd6a81a9e969280', '76cc0d76bec6a6e8233202afc8bdb688', 'FAC-2021-RFVXH', 'Tomas', '', 0, 0.00, 300.00, '2021-07-29 23:00:29', '2021-07-29', b'1'),
('103ac73b806751d220248c70de4afec4', '76cc0d76bec6a6e8233202afc8bdb688', 'FAC-2021-OBLNX', 'tuc romeo', 'patzajito', 0, 0.00, 140.00, '2021-07-12 16:02:41', '2021-07-12', b'1'),
('10a4651ebb73f3fd5ac60fccc3fe1ce7', '76cc0d76bec6a6e8233202afc8bdb688', 'FAC-2021-JDDKR', 'CF', 'choabaj grande', 0, 0.00, 210.00, '2021-07-12 17:14:08', '2021-07-12', b'1'),
('10b62696b9f48401218f00972d6832c7', '76cc0d76bec6a6e8233202afc8bdb688', 'FAC-2021-UMIEQ', 'Hugo julaj', 'magueyes', 0, 0.00, 298.00, '2021-07-08 03:53:15', '2021-07-07', b'1'),
('11046e123be97d2c8d135e46db44bd35', '76cc0d76bec6a6e8233202afc8bdb688', 'FAC-2021-QQMYK', 'wuito', 'patzajito', 0, 0.00, 30.00, '2021-07-12 12:49:54', '2021-07-12', b'1'),
('112f39cfc73e555f2bc2d531b8b9a22f', '76cc0d76bec6a6e8233202afc8bdb688', 'FAC-2021-RZFCL', 'fernando  similoj', 'patzajito', 0, 0.00, 33.00, '2021-07-08 06:25:22', '2021-07-07', b'1'),
('1135d98375a9cd29dc98c85592049ef5', '76cc0d76bec6a6e8233202afc8bdb688', 'FAC-2021-FHNLD', 'nayo xil', 'la providencia', 0, 0.00, 176.00, '2021-07-28 13:45:16', '2021-07-28', b'1'),
('1185c4e00e2629985c9baa85c11b2c8c', '76cc0d76bec6a6e8233202afc8bdb688', 'FAC-2021-HNDMU', 'Tomas', '', 0, 0.00, 4743.50, '2021-08-02 00:14:48', '2021-08-01', b'1'),
('15ad6ae9f98fec5dee0a045dae91b3d1', '6db9e08e4295925697af15059da4e995', 'FAC-2021-MEBOW', 'Tomas', '', 0, 0.00, 510.00, '2021-07-07 04:13:21', '2021-07-06', b'0'),
('15f378f3424f1c49ba3069fb625eabca', '76cc0d76bec6a6e8233202afc8bdb688', 'FAC-2021-JMAEJ', 'eva gamez', '', 0, 0.00, 210.00, '2021-07-28 15:06:32', '2021-07-28', b'1'),
('166aee22e98758a0be3f2b2ad035e89c', '76cc0d76bec6a6e8233202afc8bdb688', 'FAC-2021-WJFXV', 'tulio medina', 'patzajito', 0, 0.00, 15.00, '2021-07-20 18:09:09', '2021-07-20', b'1'),
('16b1fac400e6501d8a773aa739385d49', '76cc0d76bec6a6e8233202afc8bdb688', 'FAC-2021-ELLAS', 'rolando yucute', 'patzajito', 0, 0.00, 327.00, '2021-07-12 13:04:04', '2021-07-12', b'1'),
('181982cf27d942aec94b811a19fb1a5a', 'fac9173ebc681c18e432158195adb3b4', 'FAC-2021-BKNMJ', 'llAVERO CAMION AGUAS', 'el rancho', 0, 0.00, 9106.00, '2021-07-09 23:33:49', '2021-07-09', b'1'),
('18f9c3ecb134af2b49005cad690c02aa', '76cc0d76bec6a6e8233202afc8bdb688', 'FAC-2021-BYKSH', 'Miguel Guerra', '', 0, 0.00, 220.00, '2021-07-08 00:00:56', '2021-07-07', b'1'),
('19dcb15885322effb997a9edd0b8696e', '76cc0d76bec6a6e8233202afc8bdb688', 'FAC-2021-XIYMX', 'tuc  rolando', 'patzajito', 0, 0.00, 148.00, '2021-07-12 22:48:27', '2021-07-12', b'1'),
('1b191568b3b35214be2d2c53d2759c77', '76cc0d76bec6a6e8233202afc8bdb688', 'FAC-2021-DCEVT', 'jorge perez', 'el rancho', 0, 0.00, 570.00, '2021-07-21 23:56:00', '2021-07-21', b'1'),
('1d886d5aae62e0cd594a4b004619ce7c', '6db9e08e4295925697af15059da4e995', 'FAC-2021-XXNJM', 'Junior ', '', 0, 0.00, 1510.00, '2021-07-06 13:22:49', '2021-07-05', b'0'),
('1de472f4d0b05dbc32ac5e414ca4c3f6', '76cc0d76bec6a6e8233202afc8bdb688', 'FAC-2021-FUZWA', 'tuc efrain', 'el rancho', 0, 0.00, 80.00, '2021-08-04 21:58:59', '2021-08-04', b'1'),
('2054e1d896182ac727d2a809b40b2707', '76cc0d76bec6a6e8233202afc8bdb688', 'FAC-2021-ADAGH', 'tuc  rolando', 'patzajito', 0, 0.00, 210.00, '2021-07-28 17:02:57', '2021-07-28', b'1'),
('2082ea1e895c7f576f0bc4cd1a89e8ce', '76cc0d76bec6a6e8233202afc8bdb688', 'FAC-2021-TMJIY', 'fernando  similoj', 'patzajito', 0, 0.00, 22.00, '2021-07-12 14:34:45', '2021-07-12', b'1'),
('208a60dd800a58d74bb3cc7912e5cd72', '76cc0d76bec6a6e8233202afc8bdb688', 'FAC-2021-RAFMQ', 'tuc efrain', 'magueyes', 0, 0.00, 227.00, '2021-07-20 22:06:16', '2021-07-20', b'1'),
('20ef82351939548c4258f200cab09dc4', '76cc0d76bec6a6e8233202afc8bdb688', 'FAC-2021-ZTAUN', 'oscar gonzales', 'las canoas', 0, 0.00, 3105.00, '2021-07-12 16:54:16', '2021-07-12', b'1'),
('218a873662b61da6898959f4bb25b670', '76cc0d76bec6a6e8233202afc8bdb688', 'FAC-2021-OGNFS', 'CF', '', 0, 0.00, 100.00, '2021-08-28 13:43:54', '2021-08-28', b'1'),
('21986a98e83833d29c2cbd32668a467f', '76cc0d76bec6a6e8233202afc8bdb688', 'FAC-2021-MCAUE', 'Tomas', '', 0, 0.00, 160.00, '2021-07-27 16:37:46', '2021-07-27', b'1'),
('21c93bf1f554c450e376afb2d6017f3c', 'fac9173ebc681c18e432158195adb3b4', 'FAC-2021-IAOTJ', 'CF', '', 0, 0.00, 180.00, '2021-07-17 16:58:16', '2021-07-17', b'1'),
('253ec8e248ff5433c1ae6a2a68cbfd82', '76cc0d76bec6a6e8233202afc8bdb688', 'FAC-2021-BRPLB', 'elena chitic', 'magueyes', 0, 0.00, 30.00, '2021-07-22 00:36:15', '2021-07-21', b'1'),
('25f915f95877f89c2ddd7804d65c0888', '76cc0d76bec6a6e8233202afc8bdb688', 'FAC-2021-GJUKU', 'tuc marcelo ', 'magueyes', 0, 0.00, 180.00, '2021-07-30 22:53:09', '2021-07-30', b'1'),
('2618dafdc4b812e84bbe510397587dbc', '76cc0d76bec6a6e8233202afc8bdb688', 'FAC-2021-ORYDT', 'Tomas', '', 0, 0.00, 140.00, '2021-08-19 14:01:54', '2021-08-19', b'1'),
('26cbd32b8a176ea2e6330bba2e87c035', '76cc0d76bec6a6e8233202afc8bdb688', 'FAC-2021-WOGBG', 'ROMUAIDO HERNANDEZ', 'patzajito', 0, 0.00, 247.50, '2021-08-04 21:51:33', '2021-08-04', b'1'),
('274353ebc4181750e7f596d4ffdbb211', '76cc0d76bec6a6e8233202afc8bdb688', 'FAC-2021-XBPVE', 'luiza duarte', 'patzajito', 0, 0.00, 375.00, '2021-07-06 02:37:13', '2021-07-05', b'0'),
('28550eae3a20c15bb34caa4cd35660b0', '76cc0d76bec6a6e8233202afc8bdb688', 'FAC-2021-WHDEQ', 'francisco duarte', 'patzajito', 0, 0.00, 1635.00, '2021-07-06 02:37:11', '2021-07-05', b'0'),
('2891df58fafa756490b542c1053e707d', '76cc0d76bec6a6e8233202afc8bdb688', 'FAC-2021-VPTFE', 'tuc efrain', 'desconocido', 0, 0.00, 160.00, '2021-07-28 22:35:45', '2021-07-28', b'1'),
('28ebf368cc3b707f1115fb4e30b6d205', '76cc0d76bec6a6e8233202afc8bdb688', 'FAC-2021-WTJWM', 'tuc romeo', 'patzajito', 0, 0.00, 30.00, '2021-07-20 21:56:37', '2021-07-20', b'1'),
('2bd24b6db3c001a8880cc71e3674c8a4', '76cc0d76bec6a6e8233202afc8bdb688', 'FAC-2021-KHJJH', 'ijinia', 'LA ESPERANCITA', 0, 0.00, 344.00, '2021-07-20 01:16:20', '2021-07-19', b'1'),
('2d8cae8372348b430259088acce28e11', '6db9e08e4295925697af15059da4e995', 'FAC-2021-JXJZQ', 'tuc efrain', 'desconocido', 0, 0.00, 420.00, '2021-09-02 14:55:50', '2021-09-02', b'1'),
('2f21bb12221746dc6245b86193daa977', '76cc0d76bec6a6e8233202afc8bdb688', 'FAC-2021-WIKEB', 'tono', 'aguas', 0, 0.00, 9210.00, '2021-07-17 00:05:51', '2021-07-16', b'1'),
('3097cc47c9a02dfe33b91946f00161f1', '76cc0d76bec6a6e8233202afc8bdb688', 'FAC-2021-KBAAA', 'tuc pancho', 'patzajito', 0, 0.00, 50.00, '2021-07-07 23:05:56', '2021-07-07', b'1'),
('31b735f511881cc643ac169b93826a0f', 'fac9173ebc681c18e432158195adb3b4', 'FAC-2021-NARGW', 'LUCES', '', 0, 0.00, 1404.00, '2021-07-17 16:40:05', '2021-07-17', b'0'),
('328c70f99cdb3875b5065ccec0f87186', '76cc0d76bec6a6e8233202afc8bdb688', 'FAC-2021-JLHLW', 'c f', '', 0, 0.00, 50.00, '2021-07-07 06:38:40', '2021-07-06', b'0'),
('33a8c3fe91d7cbf355f89b5673fc7810', '76cc0d76bec6a6e8233202afc8bdb688', 'FAC-2021-LBHSH', 'Tomas', '', 0, 0.00, 1925.50, '2021-07-27 00:42:48', '2021-07-26', b'1'),
('33cbdacb237c5e84d9964d408aa9a3b1', '76cc0d76bec6a6e8233202afc8bdb688', 'FAC-2021-AREAR', 'tuc  rolando', 'patzajito', 0, 0.00, 208.00, '2021-07-07 21:21:52', '2021-07-07', b'1'),
('343d9a1e7e7a7263dd49266164c80995', '76cc0d76bec6a6e8233202afc8bdb688', 'FAC-2021-MVAGC', 'Tomas', '', 0, 0.00, 7848.50, '2021-07-20 01:30:02', '2021-07-19', b'1'),
('35d08e792c545d8d01408d0d0329348f', '76cc0d76bec6a6e8233202afc8bdb688', 'FAC-2021-GHYFW', 'tavo', 'pendiente', 0, 0.00, 216.00, '2021-07-20 15:23:11', '2021-07-20', b'1'),
('380ca2cc9493fed293d6dd876d59abd2', '76cc0d76bec6a6e8233202afc8bdb688', 'FAC-2021-PJWEE', 'luiza duarte', 'patzajito', 0, 0.00, 150.00, '2021-07-21 18:13:23', '2021-07-21', b'1'),
('381e54802006f4d44e2fc9d383ec1706', '76cc0d76bec6a6e8233202afc8bdb688', 'FAC-2021-HHGXX', 'JOSE CALAN', 'patzajito', 0, 0.00, 210.00, '2021-07-14 20:24:22', '2021-07-14', b'1'),
('3853627993b48755ab3598a7859bd23c', '76cc0d76bec6a6e8233202afc8bdb688', 'FAC-2021-DQLRE', 'tuc tuc', '', 0, 0.00, 6.00, '2021-07-06 02:36:12', '2021-07-05', b'0'),
('3898af45a7ae4a2e1eb5baa0231317f8', '76cc0d76bec6a6e8233202afc8bdb688', 'FAC-2021-UNRNF', 'carro verde', 'desconocido', 0, 0.00, 225.00, '2021-07-27 19:53:35', '2021-07-27', b'1'),
('39ac42348b49dbd24fbae8c8b22087d7', '76cc0d76bec6a6e8233202afc8bdb688', 'FAC-2021-RRMPN', 'Tomas', '', 0, 0.00, 797.00, '2021-07-29 23:13:31', '2021-07-29', b'1'),
('39d1b95d08b80fddb752675fc30a0873', '76cc0d76bec6a6e8233202afc8bdb688', 'FAC-2021-OSZJB', 'catalina velasco', 'magueyes', 0, 0.00, 160.00, '2021-07-28 20:56:26', '2021-07-28', b'1'),
('3a36986af4828320569ae38b2ca539ac', '76cc0d76bec6a6e8233202afc8bdb688', 'FAC-2021-VGRRN', 'tono gamez', 'el rancho', 0, 0.00, 18.00, '2021-07-21 15:44:03', '2021-07-21', b'1'),
('3a8967d07b8e7468b67b2a7abfd9100f', '76cc0d76bec6a6e8233202afc8bdb688', 'FAC-2021-PXYOC', 'carro verde', 'desconocido', 0, 0.00, 225.00, '2021-07-27 19:51:07', '2021-07-27', b'1'),
('3aaf124e6d9758c63facdf901c284baa', 'fac9173ebc681c18e432158195adb3b4', 'FAC-2021-JWJDZ', 'BOTAS', '', 0, 0.00, 26.00, '2021-07-17 21:42:04', '2021-07-17', b'1'),
('3b2fcdc5d5b9c91c0593cb7000521efe', '76cc0d76bec6a6e8233202afc8bdb688', 'FAC-2021-WZPDN', 'nayo xil', 'la providencia', 0, 0.00, 140.00, '2021-08-04 22:17:53', '2021-08-04', b'1'),
('3e6a0ef1f98c1776b1106e2dcce06d19', '76cc0d76bec6a6e8233202afc8bdb688', 'FAC-2021-QZNFL', 'Tomas', '', 0, 0.00, 1652.50, '2021-08-06 23:33:52', '2021-08-06', b'1'),
('3eefe9b349e3e97edca7c109b09954b7', '76cc0d76bec6a6e8233202afc8bdb688', 'FAC-2021-SXYKY', 'Tomas', '', 0, 0.00, 490.00, '2021-07-14 16:19:22', '2021-07-14', b'1'),
('401dac519243fd9a82872cdda081fef3', '76cc0d76bec6a6e8233202afc8bdb688', 'FAC-2021-RTGSD', 'enrique estrada', 'patzajito', 0, 0.00, 117.00, '2021-08-30 21:59:02', '2021-08-30', b'1'),
('4023fc76e522cc62f491262f26784162', 'fac9173ebc681c18e432158195adb3b4', 'FAC-2021-PUMAV', 'catalina velasco', '', 0, 0.00, 180.00, '2021-07-31 20:54:02', '2021-07-31', b'1'),
('4085b37311aeb580614b630d10fdfab9', '76cc0d76bec6a6e8233202afc8bdb688', 'FAC-2021-MWWFA', 'gavino garcia', 'patzajito', 0, 0.00, 70.00, '2021-08-04 17:10:19', '2021-08-04', b'1'),
('40e698743951b84a6a809e5c04826c33', '76cc0d76bec6a6e8233202afc8bdb688', 'FAC-2021-FLXPI', 'fransisco  velazco', 'patzajito', 0, 0.00, 60.00, '2021-07-07 04:13:17', '2021-07-06', b'0'),
('4163b5263942078cbd12d44a8747dbdb', 'fac9173ebc681c18e432158195adb3b4', 'FAC-2021-UOCFW', 'CF', '', 0, 0.00, 100.00, '2021-07-17 20:34:38', '2021-07-17', b'1'),
('42d65141c0aaa6499966ed6f12ec382c', '76cc0d76bec6a6e8233202afc8bdb688', 'FAC-2021-SYXFF', 'cirila ', 'el rancho', 0, 0.00, 12.00, '2021-07-22 00:10:37', '2021-07-21', b'1'),
('43d538524ace0f6284c785befdb2646e', '76cc0d76bec6a6e8233202afc8bdb688', 'FAC-2021-MNCLG', 'erminia chocoj', 'LA ESPERANCITA', 0, 0.00, 356.00, '2021-07-09 14:53:12', '2021-07-09', b'1'),
('4414803498917173f8664434a796a11f', '76cc0d76bec6a6e8233202afc8bdb688', 'FAC-2021-YCHAC', 'tuc tuc', '', 0, 0.00, 134.00, '2021-07-06 02:37:14', '2021-07-05', b'0'),
('4591245d9672c7e8247b333db59aafeb', 'fac9173ebc681c18e432158195adb3b4', 'FAC-2021-RDOHB', 'CASA', '', 0, 0.00, 260.00, '2021-07-19 22:58:26', '2021-07-19', b'1'),
('468d46f37b1a85f6862ebaedd22ad1cd', '76cc0d76bec6a6e8233202afc8bdb688', 'FAC-2021-BJMOD', 'tavo', 'el rancho', 0, 0.00, 35.00, '2021-07-12 13:55:59', '2021-07-12', b'1'),
('469a25ef3663bad62b0a195360cf7b83', '76cc0d76bec6a6e8233202afc8bdb688', 'FAC-2021-WBHVF', 'tuc victor', 'patzajito', 0, 0.00, 210.00, '2021-08-23 13:29:09', '2021-08-23', b'1'),
('474d1cac5ff4af69b47e2117a99597ee', '76cc0d76bec6a6e8233202afc8bdb688', 'FAC-2021-OWPAA', 'braulio duarte', 'patzajito', 0, 0.00, 2130.00, '2021-08-01 15:45:38', '2021-08-01', b'1'),
('47d8239274ad2fdb0435f787ad83480d', '76cc0d76bec6a6e8233202afc8bdb688', 'FAC-2021-KRLPP', 'plata', 'la providencia', 0, 0.00, 216.00, '2021-07-08 13:36:36', '2021-07-08', b'1'),
('4844ffa8323017dbfab270439c8ba440', '6db9e08e4295925697af15059da4e995', 'FAC-2021-JJQEE', 'Tomas', '', 0, 0.00, 75.00, '2021-07-07 05:54:35', '2021-07-06', b'0'),
('48eede62b17ba133f1f565ea292b43ef', '76cc0d76bec6a6e8233202afc8bdb688', 'FAC-2021-MTNFK', 'la esperancita', 'la colina', 0, 0.00, 50.00, '2021-07-07 21:33:58', '2021-07-07', b'1'),
('49c5ae7537dedf249bc427cd280e963c', '76cc0d76bec6a6e8233202afc8bdb688', 'FAC-2021-ISKQS', 'cf', '', 0, 0.00, 155.00, '2021-07-12 18:18:11', '2021-07-12', b'1'),
('4ab34785390da4a547c09c5a4107b2e8', '76cc0d76bec6a6e8233202afc8bdb688', 'FAC-2021-NRTUK', 'tuc  rolando', 'patzajito', 0, 0.00, 224.00, '2021-07-12 22:03:08', '2021-07-12', b'1'),
('4bf7d5eba5b1115abf785c6da61212c3', '76cc0d76bec6a6e8233202afc8bdb688', 'FAC-2021-FOPVI', 'CF', 'patzajito', 0, 0.00, 494.00, '2021-08-04 19:39:48', '2021-08-04', b'1'),
('4d17873f90c49bfc3d2aeac16c10054b', '76cc0d76bec6a6e8233202afc8bdb688', 'FAC-2021-ZGMIS', 'Tomas', '', 0, 0.00, 5657.00, '2021-07-27 00:58:27', '2021-07-26', b'1'),
('4d259086bf5f17d239f8d57b8efa9ad8', '76cc0d76bec6a6e8233202afc8bdb688', 'FAC-2021-KCNCU', 'Juana chitic', 'magueyes', 0, 0.00, 1680.00, '2021-07-07 20:15:53', '2021-07-07', b'1'),
('4f23447e3dded054a3463e63be93509c', '76cc0d76bec6a6e8233202afc8bdb688', 'FAC-2021-LAWZY', 'ISAVEL VELASCO', 'patzajito', 0, 0.00, 140.00, '2021-07-14 20:26:00', '2021-07-14', b'1'),
('51c144fdcbe853f30f51f9c85e4041a1', '76cc0d76bec6a6e8233202afc8bdb688', 'FAC-2021-FZOON', 'jose demecio', 'la estancita', 0, 0.00, 3013.00, '2021-08-01 18:04:19', '2021-08-01', b'1'),
('5295b258c069ccb87490b8d2e4482f84', 'fac9173ebc681c18e432158195adb3b4', 'FAC-2021-RWCZG', 'Tono aguas lunes 26-07', '', 0, 0.00, 13698.00, '2021-07-26 22:50:04', '2021-07-26', b'1'),
('539f4824bc0af86f09514e83cd54f5f7', '76cc0d76bec6a6e8233202afc8bdb688', 'FAC-2021-QSKEB', 'tuc yonatan', 'magueyes', 0, 0.00, 175.00, '2021-07-21 21:57:51', '2021-07-21', b'1'),
('53e76f2c10e2168645e0425c259b8fbf', '76cc0d76bec6a6e8233202afc8bdb688', 'FAC-2021-KBQQJ', 'sff', 'el rancho', 0, 0.00, 74.00, '2021-07-12 21:08:27', '2021-07-12', b'1'),
('543b86fb2b72e32b032fbd04a3aed7f6', '76cc0d76bec6a6e8233202afc8bdb688', 'FAC-2021-JAZTO', 'estela ', 'patzajito', 0, 0.00, 117.00, '2021-07-07 23:35:20', '2021-07-07', b'1'),
('546790ad9316d3672c1a37f27e117779', '76cc0d76bec6a6e8233202afc8bdb688', 'FAC-2021-AQVAH', 'Tomas', '', 0, 0.00, 2737.00, '2021-08-02 00:03:38', '2021-08-01', b'1'),
('55d12c7ff2e9357e86dbbe1f7722d610', '76cc0d76bec6a6e8233202afc8bdb688', 'FAC-2021-VEDKM', 'ana ', 'la colina', 0, 0.00, 2020.00, '2021-08-14 20:51:45', '2021-08-14', b'1'),
('55d38f8b564a045e857eba39e813f709', '76cc0d76bec6a6e8233202afc8bdb688', 'FAC-2021-QKHAS', 'miguel marin', 'la providencia', 0, 0.00, 1950.00, '2021-08-03 20:03:09', '2021-08-03', b'1'),
('584a53c12027a0dd3f3276e456fd431d', '76cc0d76bec6a6e8233202afc8bdb688', 'FAC-2021-NMQLI', 'Tomas', '', 0, 0.00, 605.00, '2021-08-04 23:38:32', '2021-08-04', b'1'),
('58b6c65bc170c8df74b8da0fd20d72f3', '76cc0d76bec6a6e8233202afc8bdb688', 'FAC-2021-OJHKP', 'gavino garcia', 'patzajito', 0, 0.00, 804.00, '2021-07-12 15:02:32', '2021-07-12', b'1'),
('59643f4819f1b3724a235ced4d816a65', 'fac9173ebc681c18e432158195adb3b4', 'FAC-2021-NBXBG', 'HUGO', '', 0, 0.00, 543.00, '2021-07-17 14:01:15', '2021-07-17', b'1'),
('5ac83d0e751e6e7223e6ca88b43e3005', '76cc0d76bec6a6e8233202afc8bdb688', 'FAC-2021-QPCBM', 'cf', 'desconocido', 0, 0.00, 25.00, '2021-07-28 19:05:09', '2021-07-28', b'1'),
('5b11917bd9f7aa77b6bfdc86eba78f67', '76cc0d76bec6a6e8233202afc8bdb688', 'FAC-2021-EDUWH', 'fransisco  velazco', 'patzajito', 0, 0.00, 60.00, '2021-07-06 22:10:16', '2021-07-06', b'0'),
('5cd0c6687d6f0fa41be84d917051fb28', '76cc0d76bec6a6e8233202afc8bdb688', 'FAC-2021-CDHOA', 'orlando velazco', 'tierra colorada', 0, 0.00, 24.00, '2021-07-12 19:48:28', '2021-07-12', b'1'),
('5d999e75213a8233527d86e81703163a', '76cc0d76bec6a6e8233202afc8bdb688', 'FAC-2021-LNZJP', 'pedro tuc tuc', '', 0, 0.00, 148.00, '2021-07-06 02:37:01', '2021-07-05', b'0'),
('5db764d1b22ed8b8e6593f3bb70d408d', 'fac9173ebc681c18e432158195adb3b4', 'FAC-2021-BIBVY', 'Casa ', '', 0, 0.00, 830.00, '2021-07-26 22:51:25', '2021-07-26', b'1'),
('5f7d3ab1227bd3f3d187bbfb3bf13f10', '76cc0d76bec6a6e8233202afc8bdb688', 'FAC-2021-QORJX', 'Juana chitic', 'magueyes', 0, 0.00, 216.00, '2021-07-07 20:23:22', '2021-07-07', b'1'),
('60ea80e529dc70da5a24dd68f77d5435', '76cc0d76bec6a6e8233202afc8bdb688', 'FAC-2021-WQEAS', 'pedro chitic', 'magueyes', 0, 0.00, 370.00, '2021-08-02 21:19:45', '2021-08-02', b'1'),
('6247b90184618a0798a797a85a0b0122', '76cc0d76bec6a6e8233202afc8bdb688', 'FAC-2021-ZWBKY', 'gavino garcia', '', 0, 0.00, 74.00, '2021-07-06 02:37:15', '2021-07-05', b'0'),
('62a2a4612b7e0906a9b3b41e5c13f4ed', '76cc0d76bec6a6e8233202afc8bdb688', 'FAC-2021-SRMOX', 'ramon sanai', 'patzajito', 0, 0.00, 753.00, '2021-08-13 12:57:13', '2021-08-13', b'1'),
('6523790e4444e7e3648c38ddd64f758a', '76cc0d76bec6a6e8233202afc8bdb688', 'FAC-2021-FJLPD', 'CF', 'desconocido', 0, 0.00, 185.00, '2021-07-27 22:12:30', '2021-07-27', b'1'),
('65773461638c77f3bd94d69956ebbe23', '76cc0d76bec6a6e8233202afc8bdb688', 'FAC-2021-VAKXS', 'Tomas', '', 0, 0.00, 1023.00, '2021-07-22 22:43:00', '2021-07-22', b'1'),
('66702b551830386cc3d274a39bc7159e', '76cc0d76bec6a6e8233202afc8bdb688', 'FAC-2021-FFSCO', 'tuc romeo', 'patzajito', 0, 0.00, 194.00, '2021-07-07 22:59:26', '2021-07-07', b'1'),
('668adb62d9f8818d620708dd549d6597', '76cc0d76bec6a6e8233202afc8bdb688', 'FAC-2021-JSAEW', 'rufina', 'la providencia', 0, 0.00, 74.00, '2021-07-06 02:37:00', '2021-07-05', b'0'),
('66d3e0c67a9b460629f98d6421879ed2', '76cc0d76bec6a6e8233202afc8bdb688', 'FAC-2021-BIRGK', 'geraldo', 'patzajito', 0, 0.00, 3465.00, '2021-07-06 02:36:09', '2021-07-05', b'0'),
('6873c7a82543b728e1ecddfc3cb06da3', '76cc0d76bec6a6e8233202afc8bdb688', 'FAC-2021-HZLPV', 'RIGO', '', 0, 0.00, 117.00, '2021-07-06 02:36:58', '2021-07-04', b'0'),
('68f5ae5e749d5e636d6ddedfa3b4117f', '76cc0d76bec6a6e8233202afc8bdb688', 'FAC-2021-NZKCZ', 'tuc romeo', 'patzajito', 0, 0.00, 117.00, '2021-07-07 22:23:20', '2021-07-07', b'1'),
('6b5c5870de5c871423fb3f3916f8f18d', 'fac9173ebc681c18e432158195adb3b4', 'FAC-2021-CLSOG', 'CF', '', 0, 0.00, 520.00, '2021-07-17 19:30:31', '2021-07-17', b'1'),
('6ba7a92918b0c298daa3bef05ada0256', '76cc0d76bec6a6e8233202afc8bdb688', 'FAC-2021-JLPXC', 'fransisco  velazco', 'patzajito', 0, 0.00, 60.00, '2021-07-20 16:34:53', '2021-07-20', b'1'),
('6bf49b04f37fa6a96ad019cd7593b43b', 'c4ca4238a0b923820dcc509a6f75849b', 'FAC-2021-XLUMW', 'Ejemplo', '', 0, 0.00, 30.00, '2021-07-05 00:17:44', '2021-07-04', b'0'),
('6caf9b5d550b6d48cb7247a9d7484322', '76cc0d76bec6a6e8233202afc8bdb688', 'FAC-2021-FTEGX', 'Tomas', 'el rancho', 0, 0.00, 2301.50, '2021-07-06 02:36:55', '2021-07-04', b'0'),
('6d29246cb39c7ed2ed0994dbd98edb44', '76cc0d76bec6a6e8233202afc8bdb688', 'FAC-2021-QHVKM', 'lucia lastor', 'patzajito', 0, 0.00, 70.00, '2021-07-28 14:58:28', '2021-07-28', b'1'),
('6d76c06458e4c1d54638d021e3d183c8', '76cc0d76bec6a6e8233202afc8bdb688', 'FAC-2021-ZURQL', 'rene duarte', 'la piedra  blanca', 0, 0.00, 1679.00, '2021-08-03 22:21:52', '2021-08-03', b'1'),
('6f4e4d22297232c5daefbf75e84cf60c', '76cc0d76bec6a6e8233202afc8bdb688', 'FAC-2021-WIRWX', 'CF', 'jometes', 0, 0.00, 12.00, '2021-07-21 21:13:00', '2021-07-21', b'1'),
('6f906efc0a630ca57cedf5ae2ec22f5a', '76cc0d76bec6a6e8233202afc8bdb688', 'FAC-2021-EJWYQ', 'salome julaj', 'magueyes', 0, 0.00, 378.00, '2021-07-06 02:36:13', '2021-07-05', b'0'),
('7055245f82b3395e3d0ace9a8b8f6723', '76cc0d76bec6a6e8233202afc8bdb688', 'FAC-2021-LEVAF', 'Tomas', '', 0, 0.00, 210.00, '2021-09-01 21:29:31', '2021-09-01', b'1'),
('7074f9c42cc5ed7b3750ec9425611f30', '76cc0d76bec6a6e8233202afc8bdb688', 'FAC-2021-XCCGY', 'ferman duarte', 'patzajito', 0, 0.00, 117.00, '2021-07-14 18:55:17', '2021-07-14', b'1'),
('718d77ec41fc85a2cb5a800f8f955a56', '6db9e08e4295925697af15059da4e995', 'FAC-2021-RJYQU', 'marcelo coc', '', 0, 0.00, 888.00, '2021-07-07 04:10:36', '2021-07-06', b'0'),
('718df8c6a43fe1625afccb009808ada1', '76cc0d76bec6a6e8233202afc8bdb688', 'FAC-2021-FMCZL', 'CF', 'LA ESPERANCITA', 0, 0.00, 220.00, '2021-07-06 02:36:54', '2021-07-04', b'0'),
('719c9a5b222609dabfc9cb6e9639bd58', '76cc0d76bec6a6e8233202afc8bdb688', 'FAC-2021-KDDBO', 'Brijido Juarez', 'magueyes', 0, 0.00, 1968.00, '2021-07-14 20:51:41', '2021-07-14', b'1'),
('72069379f85aac6b28f6222a8bc4565c', '76cc0d76bec6a6e8233202afc8bdb688', 'FAC-2021-EYBKY', 'luiza duarte', 'patzajito', 0, 0.00, 330.00, '2021-07-28 16:44:59', '2021-07-28', b'1'),
('740bb6e4a9111b65be652fb0bbf33c60', '76cc0d76bec6a6e8233202afc8bdb688', 'FAC-2021-EAQYM', 'emiliano balan', 'lo de cilva', 0, 0.00, 3283.00, '2021-07-20 16:01:05', '2021-07-20', b'1'),
('757d19429ff2624138f67a39a5b31f75', '76cc0d76bec6a6e8233202afc8bdb688', 'FAC-2021-WHXDL', 'bacilio', 'choavajito', 0, 0.00, 3495.00, '2021-07-07 04:13:24', '2021-07-06', b'0'),
('75e988af6237a85dee54dbb879cd6b7e', '76cc0d76bec6a6e8233202afc8bdb688', 'FAC-2021-EIMCZ', 'jorje saquic', 'magueyes', 0, 0.00, 948.00, '2021-07-21 14:23:11', '2021-07-21', b'1'),
('760b4148b2794a19d00c0d4e7f758349', '76cc0d76bec6a6e8233202afc8bdb688', 'FAC-2021-UZAHX', 'tuc romeo', 'patzajito', 0, 0.00, 165.00, '2021-07-07 20:25:06', '2021-07-07', b'1'),
('76a825577bbbea7f1dd6c23643cedf54', '76cc0d76bec6a6e8233202afc8bdb688', 'FAC-2021-ZYFKO', 'jometes', 'jometes', 0, 0.00, 70.00, '2021-07-20 17:25:33', '2021-07-20', b'1'),
('784d900bd167c2175d1624454cc029cb', '76cc0d76bec6a6e8233202afc8bdb688', 'FAC-2021-ASKBJ', 'nayo xil', 'la providencia', 0, 0.00, 390.00, '2021-07-20 18:57:50', '2021-07-20', b'1'),
('78c6a405a8075caa4e300d4b795f2e9e', '76cc0d76bec6a6e8233202afc8bdb688', 'FAC-2021-SGIGF', 'Tomas', 'el rancho', 0, 0.00, 210.00, '2021-07-06 02:37:05', '2021-07-04', b'0'),
('79048d79063e55c838588baebf7bd1ea', '76cc0d76bec6a6e8233202afc8bdb688', 'FAC-2021-DAPDQ', 'rene duarte', 'la piedra  blanca', 0, 0.00, 1069.00, '2021-07-10 16:09:04', '2021-07-10', b'1'),
('798e78ec964f013768ebab9b8d7492ef', '6db9e08e4295925697af15059da4e995', 'FAC-2021-NFYUS', 'Tomas', '', 0, 0.00, 148.00, '2021-07-07 04:13:22', '2021-07-06', b'0'),
('79a20d8ed9c59d14a0f0ddbf4976b359', '76cc0d76bec6a6e8233202afc8bdb688', 'FAC-2021-GYYOS', 'eulalio estrada', 'la buena esperansa', 0, 0.00, 4260.00, '2021-07-22 21:51:44', '2021-07-22', b'1'),
('7a1f1f7516f0b948856c8d8629af9240', '76cc0d76bec6a6e8233202afc8bdb688', 'FAC-2021-XJIGB', 'tavo', 'el rancho', 0, 0.00, 342.50, '2021-08-04 21:56:03', '2021-08-04', b'1'),
('7b055fb5ff49ebdeda1ceebfefb79585', '76cc0d76bec6a6e8233202afc8bdb688', 'FAC-2021-DVQHE', 'ena chitic', 'el rancho', 0, 0.00, 30.00, '2021-07-07 22:05:22', '2021-07-07', b'1'),
('7b3adff18d0986cc2bf55ca369c131be', '76cc0d76bec6a6e8233202afc8bdb688', 'FAC-2021-MRLYP', 'CF', '', 0, 0.00, 160.00, '2021-07-19 23:47:01', '2021-07-19', b'1'),
('7b77bc3a25db1f6f6a995d86e352b054', '76cc0d76bec6a6e8233202afc8bdb688', 'FAC-2021-WZTFQ', 'rolando ', 'patzajito', 0, 0.00, 310.00, '2021-07-06 02:37:12', '2021-07-05', b'0'),
('7b99b45bf836cd61d54325798918ab03', '76cc0d76bec6a6e8233202afc8bdb688', 'FAC-2021-ACORY', 'rene duarte', 'la piedra  blanca', 0, 0.00, 676.00, '2021-07-08 06:19:57', '2021-07-07', b'1'),
('7bc31f832dadd36afd9319696ad251e2', '76cc0d76bec6a6e8233202afc8bdb688', 'FAC-2021-SBXMW', 'la colina', 'la colina', 0, 0.00, 27.50, '2021-07-07 22:00:06', '2021-07-07', b'1'),
('7c62d6621c33d6958bea53f5f973f9f3', '76cc0d76bec6a6e8233202afc8bdb688', 'FAC-2021-ASCLJ', 'ROMUAIDO HERNANDEZ', 'patzajito', 0, 0.00, 180.00, '2021-07-06 02:36:07', '2021-07-04', b'0'),
('7c69e22154d9fcc9be5c791602cfb071', '76cc0d76bec6a6e8233202afc8bdb688', 'FAC-2021-UDMYZ', 'yonatan', '', 0, 0.00, 310.00, '2021-07-06 02:37:09', '2021-07-05', b'0'),
('7d74b33f855eda091424e52d62a9f895', '76cc0d76bec6a6e8233202afc8bdb688', 'FAC-2021-IHTDP', 'llemo duarte', 'patzajito', 0, 0.00, 158.00, '2021-07-10 13:52:30', '2021-07-10', b'1'),
('7e213a79ced6b1e89d28699f53296ec4', '76cc0d76bec6a6e8233202afc8bdb688', 'FAC-2021-EYYQO', 'CF', 'desconocido', 0, 0.00, 220.00, '2021-07-28 18:07:55', '2021-07-28', b'1'),
('7eb161f0309c9f774fc8b64577b1e633', '76cc0d76bec6a6e8233202afc8bdb688', 'FAC-2021-MJCSN', 'tovo', 'el rancho', 0, 0.00, 20.00, '2021-07-08 17:42:51', '2021-07-08', b'1'),
('80e4cd9a2eabb308ae8be74cb221988e', 'fac9173ebc681c18e432158195adb3b4', 'FAC-2021-EEABG', 'CF', '', 0, 0.00, 365.00, '2021-07-17 14:28:48', '2021-07-17', b'1'),
('81ac468d06d102d0990b87cbfb23f1fa', '76cc0d76bec6a6e8233202afc8bdb688', 'FAC-2021-BVIKR', 'ferman duarte', 'patzajito', 0, 0.00, 260.00, '2021-07-21 21:14:56', '2021-07-21', b'1'),
('826b1ad19bdf9c6a788064725284a90f', '76cc0d76bec6a6e8233202afc8bdb688', 'FAC-2021-MPZWU', 'CF', 'desconocido', 0, 0.00, 140.00, '2021-08-04 21:52:25', '2021-08-04', b'1'),
('82746fbd0a594b82980a0cb4d3cf6569', '76cc0d76bec6a6e8233202afc8bdb688', 'FAC-2021-PVDFS', 'desconocido', 'la piedra  blanca', 0, 0.00, 540.00, '2021-07-28 21:03:00', '2021-07-28', b'1'),
('837445c0f11554c1ea576b8cf8e21764', '76cc0d76bec6a6e8233202afc8bdb688', 'FAC-2021-CZEEM', 'oscar ', 'la providencia', 0, 0.00, 176.00, '2021-08-04 23:27:12', '2021-08-04', b'1'),
('83ce87e830eba2dbeb78f9f532cdd192', '76cc0d76bec6a6e8233202afc8bdb688', 'FAC-2021-LIKBE', 'Tomas', '', 0, 0.00, 925.00, '2021-07-27 01:08:06', '2021-07-26', b'1'),
('85a91f6066cb6abc2212f433a1466e80', '76cc0d76bec6a6e8233202afc8bdb688', 'FAC-2021-BLCOZ', 'fransisco  velazco', 'patzajito', 0, 0.00, 60.00, '2021-07-06 22:02:05', '2021-07-06', b'0'),
('86166cddca9af953429c97ce10e6b8bb', '76cc0d76bec6a6e8233202afc8bdb688', 'FAC-2021-IQTRO', 'ferman duarte', 'patzajito', 0, 0.00, 135.00, '2021-07-07 04:13:20', '2021-07-06', b'0'),
('87034e219bf5532fea1c33793445c426', '76cc0d76bec6a6e8233202afc8bdb688', 'FAC-2021-IVITE', 'tuc efrain', 'desconocido', 0, 0.00, 420.00, '2021-09-02 14:52:40', '2021-09-02', b'1'),
('87dc282e97ce1a08e6e8dfa29d57f480', '76cc0d76bec6a6e8233202afc8bdb688', 'FAC-2021-HVSKO', 'juan lucas', '', 0, 0.00, 12.00, '2021-07-08 18:51:41', '2021-07-08', b'1'),
('88aa2b985634944f6ddb3789aee5d15c', '76cc0d76bec6a6e8233202afc8bdb688', 'FAC-2021-XTHXL', 'carlos', 'LA ESPERANCITA', 0, 0.00, 170.00, '2021-07-07 21:13:14', '2021-07-07', b'1'),
('88bccc56df42c7a0ff7c4c3c5131e635', 'fac9173ebc681c18e432158195adb3b4', 'FAC-2021-HRZKD', 'SEBASTIAN PEREZ', '', 0, 0.00, 336.00, '2021-07-17 13:53:18', '2021-07-17', b'1'),
('8918c236bd6f3051f8f70a221cdf1c8c', '76cc0d76bec6a6e8233202afc8bdb688', 'FAC-2021-UIBUJ', 'mimi', 'el rancho', 0, 0.00, 165.00, '2021-07-08 14:35:10', '2021-07-08', b'1'),
('8b96dd29239c45fd6c7fb9bee741ea65', '76cc0d76bec6a6e8233202afc8bdb688', 'FAC-2021-BUIJJ', 'rene lazaro', 'patzajito', 0, 0.00, 375.00, '2021-07-10 14:48:30', '2021-07-10', b'1'),
('8be41ab263798775bcd366d272132b89', '76cc0d76bec6a6e8233202afc8bdb688', 'FAC-2021-UPTKQ', 'fransisco  velazco', 'patzajito', 0, 0.00, 60.00, '2021-07-06 22:40:00', '2021-07-06', b'0'),
('8c5c9342bfc206cdd3940ba007c2449c', '76cc0d76bec6a6e8233202afc8bdb688', 'FAC-2021-XAXMB', 'Junior ', '', 0, 0.00, 2639.00, '2021-08-07 22:33:56', '2021-08-07', b'1'),
('8c85bebfac1307244ce3e3ead5430e40', '76cc0d76bec6a6e8233202afc8bdb688', 'FAC-2021-OHPBS', 'Tomas', '', 0, 0.00, 13209.00, '2021-07-17 00:28:39', '2021-07-16', b'1'),
('8c8632738ab28d5cd3e1ee593ed8a541', '76cc0d76bec6a6e8233202afc8bdb688', 'FAC-2021-IYYCQ', 'cf', '', 0, 0.00, 155.00, '2021-07-06 02:36:59', '2021-07-05', b'0'),
('8cc2e178f0ec4c95dd06e0f14b2beb20', '76cc0d76bec6a6e8233202afc8bdb688', 'FAC-2021-FLDTX', 'daniel tuctuc', '', 0, 0.00, 180.00, '2021-07-07 23:51:22', '2021-07-07', b'1'),
('8cc2fead4a8fefad50380561d75c60d4', '76cc0d76bec6a6e8233202afc8bdb688', 'FAC-2021-FYTFD', 'Tomas', '', 0, 0.00, 510.00, '2021-07-07 04:13:19', '2021-07-06', b'0'),
('8d23f2af664d466085410e97bdce5b48', '76cc0d76bec6a6e8233202afc8bdb688', 'FAC-2021-CRYGI', 'tuc pancho', 'magueyes', 0, 0.00, 380.00, '2021-07-27 20:12:31', '2021-07-27', b'1'),
('8d9a1d4a043b24bedfa97b226010d1fa', 'fac9173ebc681c18e432158195adb3b4', 'FAC-2021-OAMJF', 'CF', '', 0, 0.00, 25.00, '2021-07-31 19:47:17', '2021-07-31', b'1'),
('8e247ebeeebb00cfcd0c967a8eed1ef2', '76cc0d76bec6a6e8233202afc8bdb688', 'FAC-2021-NSQLI', 'tuc marvin', 'patzajito', 0, 0.00, 225.00, '2021-07-21 15:14:08', '2021-07-21', b'1'),
('8e8e33dbd7b1c7f46c0ccfd9f2ba6849', '76cc0d76bec6a6e8233202afc8bdb688', 'FAC-2021-MUZGP', 'estela yucute', 'patzajito', 0, 0.00, 75.00, '2021-07-29 22:00:49', '2021-07-29', b'1'),
('8fd50e0641565ffff66da21106f37e69', '76cc0d76bec6a6e8233202afc8bdb688', 'FAC-2021-CKWJH', 'isavel velasco', 'patzajito', 0, 0.00, 144.00, '2021-08-04 15:49:40', '2021-08-04', b'1'),
('9075a3d893965f25359d78ab140d7000', '76cc0d76bec6a6e8233202afc8bdb688', 'FAC-2021-CACCU', 'CF', '', 0, 0.00, 50.00, '2021-07-06 02:36:10', '2021-07-04', b'0'),
('91971beac136aedbcf87df33640b8274', '76cc0d76bec6a6e8233202afc8bdb688', 'FAC-2021-YXSUM', 'orlando velazco', '', 0, 0.00, 1880.00, '2021-07-30 12:53:30', '2021-07-30', b'1'),
('921fe25a717883c79ea7d93c4b27a5bb', '76cc0d76bec6a6e8233202afc8bdb688', 'FAC-2021-QZQLT', 'tuc romeo', 'patzajito', 0, 0.00, 210.00, '2021-07-07 23:25:03', '2021-07-07', b'1'),
('92658e9c4514355d56d2a2e098e274f7', '76cc0d76bec6a6e8233202afc8bdb688', 'FAC-2021-UTANP', 'diego', 'el rancho', 0, 0.00, 15.00, '2021-08-04 19:45:10', '2021-08-04', b'1'),
('9335adc9ee4f3c2d36a520cc2e6358f4', '76cc0d76bec6a6e8233202afc8bdb688', 'FAC-2021-OQFUI', 'sf', 'patzajito', 0, 0.00, 165.00, '2021-07-07 22:27:58', '2021-07-07', b'1'),
('935176cb88f04aa62b4906a0090e1a47', '76cc0d76bec6a6e8233202afc8bdb688', 'FAC-2021-DGZNH', 'geremias', 'el rancho', 0, 0.00, 140.00, '2021-07-28 22:23:18', '2021-07-28', b'1'),
('95351af8a3d2ec95e3d2abd7a0523f13', '76cc0d76bec6a6e8233202afc8bdb688', 'FAC-2021-WCONB', 'CF', 'magueyes', 0, 0.00, 434.00, '2021-08-21 15:12:43', '2021-08-21', b'1'),
('958d96950506d830f06c954b75622d3c', '76cc0d76bec6a6e8233202afc8bdb688', 'FAC-2021-WLUNH', 'patricio orden', 'patzajito', 0, 0.00, 1281.00, '2021-08-02 21:00:39', '2021-08-02', b'1'),
('95e6c017dcee841e7f1f3350801bb545', '76cc0d76bec6a6e8233202afc8bdb688', 'FAC-2021-VCJIQ', 'factor garcia', 'patzajito', 0, 0.00, 636.00, '2021-07-07 22:24:59', '2021-07-07', b'1'),
('966bfc5abeca74988c49c746164dec23', '76cc0d76bec6a6e8233202afc8bdb688', 'FAC-2021-ZHABV', 'lalo', 'magueyes', 0, 0.00, 1100.00, '2021-07-20 13:17:13', '2021-07-20', b'1'),
('966f8bb0cd1e27c89243a739e9fdd0dc', '76cc0d76bec6a6e8233202afc8bdb688', 'FAC-2021-SLAYG', 'ferman duarte', 'patzajito', 0, 0.00, 140.00, '2021-07-22 13:55:45', '2021-07-22', b'1'),
('97c0a3d97c78a38c512f421606f50965', '76cc0d76bec6a6e8233202afc8bdb688', 'FAC-2021-JHTRI', 'CF', '', 0, 0.00, 1584.00, '2021-08-19 12:33:47', '2021-08-19', b'1'),
('97f0aa96d91d5dbf72687f733ed409ce', '76cc0d76bec6a6e8233202afc8bdb688', 'FAC-2021-STTAU', 'catalina joj', 'patzajito', 0, 0.00, 235.00, '2021-08-04 18:18:58', '2021-08-04', b'1'),
('9b2f13b9600bbce15428ca9c83a2df29', '76cc0d76bec6a6e8233202afc8bdb688', 'FAC-2021-CWVND', 'CF', 'jometes', 0, 0.00, 2100.00, '2021-07-21 21:03:35', '2021-07-21', b'1'),
('9bb1dc3f84db983e1e4a37a702c2b69e', '76cc0d76bec6a6e8233202afc8bdb688', 'FAC-2021-VNMFH', 'oscar lazaro', 'patzajito', 0, 0.00, 355.00, '2021-08-04 14:07:25', '2021-08-04', b'1'),
('9bb857137f5168754dea0e275a881c87', 'fac9173ebc681c18e432158195adb3b4', 'FAC-2021-JRWYD', 'Sábado JR', '', 0, 0.00, 4269.00, '2021-07-31 22:18:00', '2021-07-31', b'1'),
('9c6e4e5e5cf5b8d6f0a20c86bc8e0872', '76cc0d76bec6a6e8233202afc8bdb688', 'FAC-2021-EKQHL', 'juana martin', 'patzajito', 0, 0.00, 15.00, '2021-07-07 19:09:26', '2021-07-07', b'1'),
('9cd78205c556aa8c8c53707f7da7ec3d', '76cc0d76bec6a6e8233202afc8bdb688', 'FAC-2021-HWXIR', 'tuc bernabe', 'patzajito', 0, 0.00, 148.00, '2021-07-07 20:02:34', '2021-07-07', b'1'),
('9ce124db0e300bbb4eaaa5a71e72e13b', '76cc0d76bec6a6e8233202afc8bdb688', 'FAC-2021-BGQAZ', 'Tomas', '', 0, 0.00, 616.00, '2021-08-03 21:52:18', '2021-08-03', b'1'),
('9d5735799954a0c41266cbe42d1eb890', '76cc0d76bec6a6e8233202afc8bdb688', 'FAC-2021-RZTKT', 'Tomas', '', 0, 0.00, 1821.00, '2021-07-22 22:37:56', '2021-07-22', b'1'),
('9ea76f361cbd17686bf774b434566e71', '76cc0d76bec6a6e8233202afc8bdb688', 'FAC-2021-UCIKN', 'agustin julaj', 'magueyes', 0, 0.00, 993.00, '2021-07-10 14:44:45', '2021-07-10', b'1'),
('9f598f912638b84e3d54ba3d8606dc61', 'fac9173ebc681c18e432158195adb3b4', 'FAC-2021-DGPUH', 'CF', 'patzajito', 0, 0.00, 9.00, '2021-07-31 23:31:32', '2021-07-31', b'1'),
('9f94e59011e20808976f943b071d8d9b', '76cc0d76bec6a6e8233202afc8bdb688', 'FAC-2021-GJQJZ', 'tuc pancho', '', 0, 0.00, 640.00, '2021-07-12 21:17:17', '2021-07-12', b'1'),
('9f973f02d3f4276d71367ffdec611c4b', '76cc0d76bec6a6e8233202afc8bdb688', 'FAC-2021-NKRBG', 'daniel calan', 'magueyes', 0, 0.00, 654.00, '2021-07-23 21:26:39', '2021-07-23', b'1'),
('a0b27562d308519b3a8f7ecf5654c2c7', '76cc0d76bec6a6e8233202afc8bdb688', 'FAC-2021-WBMTQ', 'ramon sanai', '', 0, 0.00, 50.00, '2021-07-12 15:46:12', '2021-07-12', b'1'),
('a13ad23ff03309b9b561dc7eeddcec11', '76cc0d76bec6a6e8233202afc8bdb688', 'FAC-2021-EPPAZ', 'tuc tuc marvin elias', 'patzajito', 0, 0.00, 148.00, '2021-07-08 03:42:25', '2021-07-07', b'1'),
('a177952b42bc09698f58e055001283d5', '76cc0d76bec6a6e8233202afc8bdb688', 'FAC-2021-DLRWO', 'juana  martin', 'patzajito', 0, 0.00, 20.00, '2021-07-28 13:46:35', '2021-07-28', b'1'),
('a1a21dce0d267e78b0245a84b7946d1e', 'fac9173ebc681c18e432158195adb3b4', 'FAC-2021-GBQQG', 'Wiliam Duarte', '', 0, 0.00, 1425.00, '2021-07-17 19:26:05', '2021-07-17', b'1'),
('a1dbfe11b20458e7f48621e9a13517af', '76cc0d76bec6a6e8233202afc8bdb688', 'FAC-2021-KZCOH', 'Tomas', '', 0, 0.00, 70.00, '2021-08-07 16:45:26', '2021-08-07', b'1'),
('a226370be7a1b37238a8ea8bc6ace91e', '6db9e08e4295925697af15059da4e995', 'FAC-2021-CIUQC', 'Tomas', '', 0, 0.00, 148.00, '2021-07-07 04:13:16', '2021-07-06', b'0'),
('a31a203cc3d8c5ce4a664a42c36ec119', '76cc0d76bec6a6e8233202afc8bdb688', 'FAC-2021-CRHIB', 'Tomas MARTES', 'el rancho', 0, 0.00, 4154.00, '2021-07-14 16:47:35', '2021-07-14', b'1'),
('a3318ebaec9a3b32e9f19d12b45b3bc3', '76cc0d76bec6a6e8233202afc8bdb688', 'FAC-2021-SZHHK', 'santos saquic', 'magueyes', 0, 0.00, 210.00, '2021-07-12 12:56:59', '2021-07-12', b'1'),
('a4729df38a58b2446fb1c674fca705ed', '76cc0d76bec6a6e8233202afc8bdb688', 'FAC-2021-OKXDG', 'estela yucute', 'patzajito', 0, 0.00, 300.00, '2021-07-29 21:25:24', '2021-07-29', b'1'),
('a529f7e145fff3d2e4d276cb2ce95b76', '76cc0d76bec6a6e8233202afc8bdb688', 'FAC-2021-EPAKE', 'cf', '', 0, 0.00, 210.00, '2021-07-06 02:36:53', '2021-07-05', b'0'),
('a5aa75b668a8907a00672fe27abbd8c3', 'fac9173ebc681c18e432158195adb3b4', 'FAC-2021-HWLJP', 'TONO AGUAS', 'el rancho', 0, 0.00, 10072.00, '2021-07-19 22:57:35', '2021-07-19', b'1'),
('a675c8a3844099d67d6aeac5975cde89', '76cc0d76bec6a6e8233202afc8bdb688', 'FAC-2021-LPERO', 'daniel', 'patzajito', 0, 0.00, 192.50, '2021-07-20 01:08:11', '2021-07-19', b'1'),
('a68ab9a978f3a6c4f417a1ff67de9acc', '76cc0d76bec6a6e8233202afc8bdb688', 'FAC-2021-WJEGH', 'marcelo coc', 'la providencia', 0, 0.00, 1220.00, '2021-08-05 16:56:16', '2021-08-05', b'1'),
('a7f7d6758bdf9c918d43361866c19de3', '76cc0d76bec6a6e8233202afc8bdb688', 'FAC-2021-LSFIM', 'mario gamez', 'la piedra  blanca', 0, 0.00, 639.00, '2021-07-20 18:51:33', '2021-07-20', b'1'),
('a805da245fbfc12d964be0edaf1899cb', '76cc0d76bec6a6e8233202afc8bdb688', 'FAC-2021-LXZTK', 'pdro chitic', 'magueyes', 0, 0.00, 140.00, '2021-07-07 20:26:31', '2021-07-07', b'1'),
('a8150afea2d6a254c514ab65e54e63ad', '76cc0d76bec6a6e8233202afc8bdb688', 'FAC-2021-QINPN', 'junior', 'pendiente', 0, 0.00, 60.00, '2021-07-20 15:25:31', '2021-07-20', b'1'),
('a89e13b8cfbda790aa654ef6b4a06b57', '76cc0d76bec6a6e8233202afc8bdb688', 'FAC-2021-FHZRE', 'osvaldo', 'chirramos', 0, 0.00, 165.00, '2021-07-07 21:36:41', '2021-07-07', b'1'),
('aa27be7ac1908292331e089af72937a8', '76cc0d76bec6a6e8233202afc8bdb688', 'FAC-2021-BXNTH', 'Juana chitic', 'magueyes', 0, 0.00, 1057.00, '2021-08-25 14:00:31', '2021-08-25', b'1'),
('ab8796840ee5d02e4acb877b392848e1', '76cc0d76bec6a6e8233202afc8bdb688', 'FAC-2021-NZKER', 'nayo xil', 'la providencia', 0, 0.00, 210.00, '2021-08-03 22:33:45', '2021-08-03', b'1'),
('aba76e0b2efd92ebb8d183b53d985d0e', '76cc0d76bec6a6e8233202afc8bdb688', 'FAC-2021-UOGAS', 'ferman duarte', 'patzajito', 0, 0.00, 160.00, '2021-07-21 14:10:34', '2021-07-21', b'1'),
('ae1b90f2ae987e63db275ce54907ec5c', '76cc0d76bec6a6e8233202afc8bdb688', 'FAC-2021-RYQGE', 'Tomas', '', 0, 0.00, 782.00, '2021-08-01 23:53:34', '2021-08-01', b'1'),
('ae6911f1a8be5a4102dcd27e4c3b1d1e', '76cc0d76bec6a6e8233202afc8bdb688', 'FAC-2021-XKYJR', 'ferman duarte', 'patzajito', 0, 0.00, 397.00, '2021-07-12 13:53:46', '2021-07-12', b'1'),
('ae888df82b2f21c408d2a1528fe2e70d', '76cc0d76bec6a6e8233202afc8bdb688', 'FAC-2021-DLQND', 'eulalio estrada', '', 0, 0.00, 8380.00, '2021-07-27 01:02:41', '2021-07-26', b'1'),
('b0291837db8a7831f352de804c63f7ad', 'fac9173ebc681c18e432158195adb3b4', 'FAC-2021-MRNWJ', 'Marcelo coc', '', 0, 0.00, 1423.00, '2021-07-19 23:01:06', '2021-07-19', b'1'),
('b22527a551a0e93c66904417dade5fc6', 'fac9173ebc681c18e432158195adb3b4', 'FAC-2021-XNMQR', 'CF', '', 0, 0.00, 420.00, '2021-07-31 17:50:56', '2021-07-31', b'1'),
('b263fdcb55f06a013ef64c947b2e38ac', '76cc0d76bec6a6e8233202afc8bdb688', 'FAC-2021-GJMLB', 'tavo', '', 0, 0.00, 158.00, '2021-07-12 12:51:20', '2021-07-12', b'1'),
('b28937c80c9850462c36b57554bd823f', '76cc0d76bec6a6e8233202afc8bdb688', 'FAC-2021-PTJSB', 'geremias', 'el rancho', 0, 0.00, 160.00, '2021-07-22 14:04:15', '2021-07-22', b'1'),
('b2c37353d6bf2de5c42a3c81f0a63840', '76cc0d76bec6a6e8233202afc8bdb688', 'FAC-2021-MXSNR', 'estela chali', 'patzajito', 0, 0.00, 223.00, '2021-07-06 02:37:02', '2021-07-05', b'0'),
('b38229b85ce95c7546957e7ab9096c94', 'fac9173ebc681c18e432158195adb3b4', 'FAC-2021-OFZTN', 'LUCES ', '', 0, 0.00, 1395.00, '2021-07-17 16:41:08', '2021-07-17', b'1'),
('b3911b1d62127ab547265477e20ebd3f', '76cc0d76bec6a6e8233202afc8bdb688', 'FAC-2021-EOXRL', 'fransisco  velazco', '', 0, 0.00, 60.00, '2021-07-06 22:05:58', '2021-07-06', b'0'),
('b3ec84c7987a4f9004e97d6bd15a282f', '76cc0d76bec6a6e8233202afc8bdb688', 'FAC-2021-PCJAB', 'tuc marvin', 'patzajito', 0, 0.00, 222.00, '2021-07-10 16:10:21', '2021-07-10', b'1'),
('b59f1955ad732fd0b54ded5a2f2e8a20', '76cc0d76bec6a6e8233202afc8bdb688', 'FAC-2021-RWPJS', 'marcelo coc', 'la providencia', 0, 0.00, 75.00, '2021-07-20 01:10:48', '2021-07-19', b'1'),
('b5dc3cab39af32040534faccd6e7c914', 'fac9173ebc681c18e432158195adb3b4', 'FAC-2021-PKANR', 'CF', '', 0, 0.00, 140.00, '2021-07-17 15:31:03', '2021-07-17', b'1'),
('b6203c96686e8c48a121443725db6d8d', '76cc0d76bec6a6e8233202afc8bdb688', 'FAC-2021-HFNHZ', 'CF', 'los osorios', 0, 0.00, 224.00, '2021-07-12 22:22:18', '2021-07-12', b'1'),
('b72eade76692fde7c9764f16f9b1af8f', '76cc0d76bec6a6e8233202afc8bdb688', 'FAC-2021-QMCIV', 'tuc bernabe', 'patzajito', 0, 0.00, 33.00, '2021-07-12 20:56:30', '2021-07-12', b'1'),
('b94f3fadfb5347f4ae45f06cbe1ac6f6', '76cc0d76bec6a6e8233202afc8bdb688', 'FAC-2021-RSMMI', 'c f', 'desconocido', 0, 0.00, 234.00, '2021-07-07 20:01:32', '2021-07-07', b'1'),
('ba5ca8a7eed1432f23441c962ca30e59', '76cc0d76bec6a6e8233202afc8bdb688', 'FAC-2021-RQUYY', 'cf', '', 0, 0.00, 73.00, '2021-07-12 19:45:22', '2021-07-12', b'1'),
('baac28584c56c1a71937a4e20ca7ad36', '76cc0d76bec6a6e8233202afc8bdb688', 'FAC-2021-HUCHG', 'tuc tuc', '', 0, 0.00, 208.00, '2021-07-06 02:36:57', '2021-07-05', b'0'),
('bbb68578f19b04deb03ce2cdb85d676f', '76cc0d76bec6a6e8233202afc8bdb688', 'FAC-2021-GMFWV', 'ardian', 'magueyes', 0, 0.00, 568.00, '2021-07-28 14:48:56', '2021-07-28', b'1'),
('bc2945146910bf9fb5c52878b32a8747', '76cc0d76bec6a6e8233202afc8bdb688', 'FAC-2021-EVPHU', 'manuela cosme', 'patzajito', 0, 0.00, 7.50, '2021-07-21 15:45:53', '2021-07-21', b'1'),
('bc8e94acf47bfc26c0d7da56908e7a69', '76cc0d76bec6a6e8233202afc8bdb688', 'FAC-2021-SYCDO', 'fransisco  velazco', '', 0, 0.00, 60.00, '2021-07-06 22:31:59', '2021-07-06', b'0'),
('bcb080229f4aa47f119e1d052de096a7', '76cc0d76bec6a6e8233202afc8bdb688', 'FAC-2021-HYURD', 'alfredo lucas', 'patzajito', 0, 0.00, 778.00, '2021-08-04 17:23:11', '2021-08-04', b'1'),
('bef7faef6fff11b8dd58990fc7317bb5', '76cc0d76bec6a6e8233202afc8bdb688', 'FAC-2021-ROZTB', 'casa', '', 0, 0.00, 180.00, '2021-07-17 00:31:24', '2021-07-16', b'1'),
('bfdce8e508efcf443c9f48bec5c49956', '76cc0d76bec6a6e8233202afc8bdb688', 'FAC-2021-FNFYK', 'jose demecio', 'LA ESPERANCITA', 0, 0.00, 210.00, '2021-08-01 18:16:46', '2021-08-01', b'1'),
('c0327320a11c5b427b2d05918dd9930a', '76cc0d76bec6a6e8233202afc8bdb688', 'FAC-2021-SPJQQ', 'marta guerra', 'la buena esperansa', 0, 0.00, 2520.00, '2021-07-29 13:36:03', '2021-07-29', b'1'),
('c037bc58fc3084b7dea24326c9e61ea9', '76cc0d76bec6a6e8233202afc8bdb688', 'FAC-2021-ABOAM', 'Tomas', '', 0, 0.00, 4638.00, '2021-07-20 01:51:49', '2021-07-19', b'1'),
('c27a1ab8b15f726041f297da04199735', '76cc0d76bec6a6e8233202afc8bdb688', 'FAC-2021-ODUPS', 'teo similoj', 'patzajito', 0, 0.00, 702.00, '2021-07-20 22:39:37', '2021-07-20', b'1'),
('c29c4aea81ec3bed6eed390fbe40f300', '76cc0d76bec6a6e8233202afc8bdb688', 'FAC-2021-GACHX', 'fransisco  velazco', 'patzajito', 0, 0.00, 60.00, '2021-07-20 16:29:16', '2021-07-20', b'1'),
('c2daea57ffcd18cf2ef2cf4f4684e02f', '76cc0d76bec6a6e8233202afc8bdb688', 'FAC-2021-UAUBZ', 'oswualdo vielman', 'chirramos', 0, 0.00, 320.00, '2021-07-21 15:12:55', '2021-07-21', b'1'),
('c37f6bf0a9f37727010f7440d0072336', '76cc0d76bec6a6e8233202afc8bdb688', 'FAC-2021-ABBAY', 'Juana chitic', 'magueyes', 0, 0.00, 754.00, '2021-08-25 19:23:26', '2021-08-25', b'1'),
('c3b538270548a2e55a647528f5908721', '76cc0d76bec6a6e8233202afc8bdb688', 'FAC-2021-VGSMY', 'chano', 'patzajito', 0, 0.00, 75.00, '2021-07-08 20:23:11', '2021-07-08', b'1'),
('c3e6eb1afd08f37092eae19b4a93cf48', '76cc0d76bec6a6e8233202afc8bdb688', 'FAC-2021-FULQI', 'tono', 'aguas', 0, 0.00, 12565.00, '2021-07-13 01:03:55', '2021-07-12', b'1'),
('c480f251add1506a5c0dfc89654189de', '76cc0d76bec6a6e8233202afc8bdb688', 'FAC-2021-STPEN', 'isavel velasco', 'patzajito', 0, 0.00, 74.00, '2021-07-08 05:40:42', '2021-07-07', b'1'),
('c4db33bcc1d7d9a5d189a1c2b641ca57', '76cc0d76bec6a6e8233202afc8bdb688', 'FAC-2021-UZBRB', 'abraam duarte', 'la piedra  blanca', 0, 0.00, 525.00, '2021-07-07 23:32:14', '2021-07-07', b'1'),
('c52eefcc4c858ce1836c5b57b7fce800', '76cc0d76bec6a6e8233202afc8bdb688', 'FAC-2021-YIBAR', 'marcelino', 'patzajito', 0, 0.00, 160.00, '2021-07-20 15:50:49', '2021-07-20', b'1'),
('c60e28c0d24f35243b0cf73fb7206419', '76cc0d76bec6a6e8233202afc8bdb688', 'FAC-2021-BTBPL', 'Tomas', '', 0, 0.00, 4599.00, '2021-07-14 16:25:28', '2021-07-14', b'0'),
('c8bc3bb19c4f67aa68520b91e8bc03ef', '76cc0d76bec6a6e8233202afc8bdb688', 'FAC-2021-AFQSU', 'felipa chitic', 'el rancho', 0, 0.00, 702.00, '2021-07-08 00:05:08', '2021-07-07', b'1'),
('c8d91c06780e25c77f24badfe7927b66', 'fac9173ebc681c18e432158195adb3b4', 'FAC-2021-KHKIV', 'Aguas Viernes', '', 0, 0.00, 7853.00, '2021-07-30 23:19:28', '2021-07-30', b'1'),
('c98a58752cbb06ccbb33bafa6c215ead', '76cc0d76bec6a6e8233202afc8bdb688', 'FAC-2021-MZOZA', 'bonifacia simon', 'chuabaj grande', 0, 0.00, 979.00, '2021-07-25 17:58:02', '2021-07-25', b'1'),
('cb043be64307382f8a0308248413df07', '76cc0d76bec6a6e8233202afc8bdb688', 'FAC-2021-EGRVZ', 'rene duarte', 'la piedra  blanca', 0, 0.00, 1151.00, '2021-07-20 00:29:48', '2021-07-19', b'1'),
('cb077dc8e97e1ab030e5f69a87c1d3cd', '76cc0d76bec6a6e8233202afc8bdb688', 'FAC-2021-HFNET', 'tuli julaj', 'magueyes', 0, 0.00, 333.00, '2021-07-12 14:14:39', '2021-07-12', b'1'),
('cc73e9a001cc7b0a4a074b2eaa028f72', '76cc0d76bec6a6e8233202afc8bdb688', 'FAC-2021-ZXOWL', 'tuc victor', 'la providencia', 0, 0.00, 225.00, '2021-07-21 15:10:24', '2021-07-21', b'1'),
('cc9450f000c16a7b4d31be2e5bd7a6d7', '76cc0d76bec6a6e8233202afc8bdb688', 'FAC-2021-CFANS', 'JUVENTINO', '', 0, 0.00, 100.00, '2021-07-06 02:36:11', '2021-07-04', b'0'),
('cd81b0319886819328bb253b228a3ba4', '76cc0d76bec6a6e8233202afc8bdb688', 'FAC-2021-UNRAH', 'orlando velazco', '', 0, 0.00, 245.00, '2021-07-20 12:39:14', '2021-07-20', b'1'),
('cd84abbaf760545e66c5de704b3f2058', '76cc0d76bec6a6e8233202afc8bdb688', 'FAC-2021-TOSQF', 'fransisco  velazco', '', 0, 0.00, 60.00, '2021-07-06 22:06:00', '2021-07-06', b'0'),
('ce431b3c5b662f012e3264fc1c0493f9', '76cc0d76bec6a6e8233202afc8bdb688', 'FAC-2021-ZNZEI', 'chano', 'patzajito', 0, 0.00, 5.00, '2021-07-28 20:06:09', '2021-07-28', b'1'),
('cf80feece53fb51baeaf1491b43c90d3', '76cc0d76bec6a6e8233202afc8bdb688', 'FAC-2021-GCSHH', 'tuc victor', 'la providencia', 0, 0.00, 148.00, '2021-07-08 05:59:43', '2021-07-07', b'1'),
('d07c80bb9c1e916f11c230532e20e2e4', '76cc0d76bec6a6e8233202afc8bdb688', 'FAC-2021-OKWKI', 'Tomas', '', 0, 0.00, 140.00, '2021-08-19 14:05:48', '2021-08-19', b'1'),
('d0ee85e894f017ddebdc4f28587fdf7c', '76cc0d76bec6a6e8233202afc8bdb688', 'FAC-2021-CYVCT', 'andres', '', 0, 0.00, 981.00, '2021-07-19 23:38:48', '2021-07-19', b'1'),
('d279de9cb84ef1324b946b465bb20cc8', '76cc0d76bec6a6e8233202afc8bdb688', 'FAC-2021-XFLTN', 'victor atz', '', 0, 0.00, 180.00, '2021-07-12 14:36:06', '2021-07-12', b'1'),
('d319c064cac39436da6023baacc7ff85', '76cc0d76bec6a6e8233202afc8bdb688', 'FAC-2021-PWTOT', 'guillermo duarte', 'patzajito', 0, 0.00, 220.00, '2021-08-04 15:08:57', '2021-08-04', b'1'),
('d36d1044d1c3f9baae2a086320745b38', '76cc0d76bec6a6e8233202afc8bdb688', 'FAC-2021-STAWL', 'diego', 'el rancho', 0, 0.00, 15.00, '2021-07-12 15:25:27', '2021-07-12', b'1'),
('d39519086a0f538be8d8e3cb22a8ef14', '76cc0d76bec6a6e8233202afc8bdb688', 'FAC-2021-TSKIO', 'CF', '', 0, 0.00, 896.00, '2021-08-07 22:44:11', '2021-08-07', b'1'),
('d40866fed043ffe83c5b7be5d07df7f6', '76cc0d76bec6a6e8233202afc8bdb688', 'FAC-2021-IDYVP', 'Tomas', '', 0, 0.00, 7026.00, '2021-07-29 21:43:47', '2021-07-29', b'1'),
('d45c3e4fbdf59df95b6742c6b9c88b83', '76cc0d76bec6a6e8233202afc8bdb688', 'FAC-2021-TADKL', 'Tomas', '', 0, 0.00, 42.00, '2021-07-06 02:37:06', '2021-07-04', b'0');
INSERT INTO `factura` (`codigo_factura`, `codigo_usuario`, `correlativo`, `cliente`, `direccion`, `telefono`, `descuento`, `total`, `fecha`, `fechas`, `estado`) VALUES
('d466fb87c5a4c04dc513ee59c073e93e', '76cc0d76bec6a6e8233202afc8bdb688', 'FAC-2021-CZDEM', 'margarita martin', 'el rancho', 0, 0.00, 260.00, '2021-07-27 16:39:27', '2021-07-27', b'1'),
('d5bb3c3032da204715d77e2d6354c014', '76cc0d76bec6a6e8233202afc8bdb688', 'FAC-2021-AAAXL', 'Tomas', 'local', 0, 0.00, 912.00, '2021-08-02 21:09:12', '2021-08-02', b'1'),
('d730cdb548b63124bc8eacd81650b332', '76cc0d76bec6a6e8233202afc8bdb688', 'FAC-2021-VGHIB', 'CF', '', 0, 0.00, 637.00, '2021-08-24 17:51:39', '2021-08-24', b'1'),
('d7e035d8662bec8bbfb8352a46bed847', '76cc0d76bec6a6e8233202afc8bdb688', 'FAC-2021-ZPXIF', 'Tomas', 'local', 0, 0.00, 505.00, '2021-08-02 21:06:16', '2021-08-02', b'1'),
('d889d643a876bc3a4b5da4731a76c303', '76cc0d76bec6a6e8233202afc8bdb688', 'FAC-2021-WCQID', 'ena chitic', '', 0, 0.00, 160.00, '2021-07-20 14:09:53', '2021-07-20', b'1'),
('db44c33576e8f1572488b90ba4e65c99', '76cc0d76bec6a6e8233202afc8bdb688', 'FAC-2021-JGISE', 'tuc romeo', 'patzajito', 0, 0.00, 150.00, '2021-07-12 17:55:57', '2021-07-12', b'1'),
('dc41bf101e88df759281ad77f59d7eb3', '76cc0d76bec6a6e8233202afc8bdb688', 'FAC-2021-CUXWW', 'Junior ', 'el rancho', 0, 0.00, 25.00, '2021-07-09 23:28:19', '2021-07-09', b'1'),
('e03132ca17b16df18225aa9f43267b11', '76cc0d76bec6a6e8233202afc8bdb688', 'FAC-2021-NQWLG', 'carlos', 'LA ESPERANCITA', 0, 0.00, 2100.00, '2021-07-06 02:37:03', '2021-07-05', b'0'),
('e089f97d7c7f03cfe6cd2fee2551ef62', '76cc0d76bec6a6e8233202afc8bdb688', 'FAC-2021-ZGXIW', 'tuc tuc efrain', 'el rancho', 0, 0.00, 432.00, '2021-07-12 17:19:12', '2021-07-12', b'1'),
('e1d46c7ebf3c26980a549c5fe815578c', '6db9e08e4295925697af15059da4e995', 'FAC-2021-YUERY', '2', '', 0, 0.00, 120.00, '2021-07-06 22:48:19', '2021-07-06', b'0'),
('e2fae93f9704ef27e9ab43db67a4e803', 'fac9173ebc681c18e432158195adb3b4', 'FAC-2021-NNZMF', 'casa lunes', '', 0, 0.00, 198.00, '2021-07-30 23:20:10', '2021-07-30', b'1'),
('e32dc41a3b29f041a51467df526b5060', '76cc0d76bec6a6e8233202afc8bdb688', 'FAC-2021-PNOTQ', 'paco', 'magueyes', 0, 0.00, 55.00, '2021-07-09 14:08:21', '2021-07-09', b'1'),
('e47fedb208783fe341d0fa4b1c02a516', '76cc0d76bec6a6e8233202afc8bdb688', 'FAC-2021-OORPO', 'tuc pancho', 'magueyes', 0, 0.00, 117.00, '2021-07-20 14:10:40', '2021-07-20', b'1'),
('e6eb4aea534939b9690b98a95781fd70', '76cc0d76bec6a6e8233202afc8bdb688', 'FAC-2021-TCIVS', 'Tomas', '', 0, 0.00, 422.00, '2021-07-27 22:35:47', '2021-07-27', b'1'),
('e79ee0004fc9559e2013feb2d23d2ff2', '76cc0d76bec6a6e8233202afc8bdb688', 'FAC-2021-BBBHI', 'ruben balan', 'jometes', 0, 0.00, 440.00, '2021-07-08 00:42:35', '2021-07-07', b'1'),
('e88b1bd46a396b450d9cea16ea8e684e', '76cc0d76bec6a6e8233202afc8bdb688', 'FAC-2021-MMDOC', 'orlando velazco', 'patzajito', 0, 0.00, 50.00, '2021-07-10 22:05:50', '2021-07-10', b'1'),
('e8bf460d2e0b15207ab9957011151581', '76cc0d76bec6a6e8233202afc8bdb688', 'FAC-2021-JLLMO', 'Tomas', 'el rancho', 0, 0.00, 2251.50, '2021-07-14 18:28:50', '2021-07-14', b'1'),
('e9218aaafdbab2c3b58dfa7b3227460f', '76cc0d76bec6a6e8233202afc8bdb688', 'FAC-2021-XMVIU', 'fransisco  velazco', 'patzajito', 0, 0.00, 60.00, '2021-07-06 22:33:06', '2021-07-06', b'0'),
('e97cd9a8bf4df39515bcb2e66b6428bf', '76cc0d76bec6a6e8233202afc8bdb688', 'FAC-2021-DCJDK', 'Tomas', '', 0, 0.00, 712.00, '2021-07-24 01:04:33', '2021-07-23', b'1'),
('ec30fc416e6fb2e3589e9b674fb92890', '6db9e08e4295925697af15059da4e995', 'FAC-2021-PUIZF', 'Tomas', '', 0, 0.00, 1805.00, '2021-07-06 13:22:47', '2021-07-05', b'0'),
('edbb6e070856084d4d611b637fe3cb71', '76cc0d76bec6a6e8233202afc8bdb688', 'FAC-2021-NDSDC', 'manuel duarte', 'patzajito', 0, 0.00, 140.00, '2021-07-08 06:22:35', '2021-07-07', b'1'),
('f0170b3ed916a3a9cadc50d3ff75e375', '76cc0d76bec6a6e8233202afc8bdb688', 'FAC-2021-SXZJQ', 'Tomas', '', 0, 0.00, 2790.00, '2021-07-17 00:35:25', '2021-07-16', b'1'),
('f1c4a3ae6fb5ba5e5cc49c8ef82fa303', '76cc0d76bec6a6e8233202afc8bdb688', 'FAC-2021-LXCXQ', 'chalito', 'patzajito', 0, 0.00, 74.00, '2021-07-08 06:00:50', '2021-07-07', b'1'),
('f237f0b2b3ffccaf63950551dea81f98', '76cc0d76bec6a6e8233202afc8bdb688', 'FAC-2021-ZGLKF', 'ROMUAIDO HERNANDEZ', 'patzajito', 0, 0.00, 210.00, '2021-07-20 15:22:03', '2021-07-20', b'1'),
('f29c97112a77d59429e6688a24a93e13', '76cc0d76bec6a6e8233202afc8bdb688', 'FAC-2021-GHIOJ', 'Tomas', 'el rancho', 0, 0.00, 1272.00, '2021-07-08 06:36:12', '2021-07-07', b'1'),
('f578da0cb9622f20f3d091a325bb6468', '76cc0d76bec6a6e8233202afc8bdb688', 'FAC-2021-AQRWK', 'chepito hernandez', 'patzajito', 0, 0.00, 25.00, '2021-07-07 20:00:26', '2021-07-07', b'1'),
('f6af186cd7125be7062b13600589195f', '76cc0d76bec6a6e8233202afc8bdb688', 'FAC-2021-XDJNH', 'Tomas', '', 0, 0.00, 987.00, '2021-07-13 00:31:36', '2021-07-12', b'1'),
('f7fba8b6bd2f88cbf46235e2c9ec9f9a', '76cc0d76bec6a6e8233202afc8bdb688', 'FAC-2021-OWFBV', 'tuk', 'patzajito', 0, 0.00, 630.00, '2021-08-24 16:32:52', '2021-08-24', b'1'),
('f81f59973d410a5a97fbb849fc12d212', '76cc0d76bec6a6e8233202afc8bdb688', 'FAC-2021-YLNEI', 'estela ', 'patzajito', 0, 0.00, 987.00, '2021-07-12 18:15:56', '2021-07-12', b'1'),
('f8e3c4807adda6f8accc693fe294a211', '76cc0d76bec6a6e8233202afc8bdb688', 'FAC-2021-UZHQY', 'roberto', 'magueyes', 0, 0.00, 1281.00, '2021-07-27 13:13:53', '2021-07-27', b'1'),
('f994bac39eec09bf9b540dcddcef604a', '76cc0d76bec6a6e8233202afc8bdb688', 'FAC-2021-WQXYW', 'ovidio gamez', 'patzajito', 0, 0.00, 117.00, '2021-08-04 14:05:48', '2021-08-04', b'1'),
('f9bdcafa79f6d58661c02195f9b09e69', '6db9e08e4295925697af15059da4e995', 'FAC-2021-QSSXH', 'Tomas', '', 0, 0.00, 148.00, '2021-07-07 04:13:23', '2021-07-06', b'0'),
('f9fa86b2229e680a354b7288514eef60', 'fac9173ebc681c18e432158195adb3b4', 'FAC-2021-CBLZI', 'CF', '', 0, 0.00, 426.00, '2021-07-17 15:00:45', '2021-07-17', b'1'),
('fa9c27c694d2fdb493b8338e2ef1d3ad', '76cc0d76bec6a6e8233202afc8bdb688', 'FAC-2021-NMHCJ', 'tuc', 'patzajito', 0, 0.00, 325.00, '2021-09-01 14:06:43', '2021-09-01', b'1'),
('fb2787979d2baf1cbff4ebe2addb06c7', '76cc0d76bec6a6e8233202afc8bdb688', 'FAC-2021-SUEXK', 'Tomas', '', 0, 0.00, 3067.00, '2021-08-05 21:22:06', '2021-08-05', b'1'),
('fbacae9f1d33cc81deb79130e80c5e44', '76cc0d76bec6a6e8233202afc8bdb688', 'FAC-2021-ACLIN', 'tuc efrain', 'desconocido', 0, 0.00, 420.00, '2021-09-02 14:53:41', '2021-09-02', b'1'),
('fc7e074c21c11868205a65ab1e3cee94', '76cc0d76bec6a6e8233202afc8bdb688', 'FAC-2021-RJZAU', 'tavo', 'el rancho', 0, 0.00, 1377.00, '2021-07-19 23:31:43', '2021-07-19', b'1'),
('fc94583a4b14b29f729dc58bc80e3c29', '76cc0d76bec6a6e8233202afc8bdb688', 'FAC-2021-QJKVX', 'Felipe Garcia', 'patzajito', 0, 0.00, 505.00, '2021-07-06 02:37:04', '2021-07-04', b'0'),
('fcbf6f66e4f393d0cad3be5fed5bfcdf', '76cc0d76bec6a6e8233202afc8bdb688', 'FAC-2021-JVEBA', 'ferman duarte', 'patzajito', 0, 0.00, 140.00, '2021-07-08 17:37:09', '2021-07-08', b'1'),
('fcd55b78093937cd0f54490dd7608e2f', '76cc0d76bec6a6e8233202afc8bdb688', 'FAC-2021-NNCWL', 'carro blanco', '', 0, 0.00, 117.00, '2021-07-07 20:27:50', '2021-07-07', b'1'),
('fd9557966d6af2e9bbafcf489a586419', '76cc0d76bec6a6e8233202afc8bdb688', 'FAC-2021-ZZGGL', 'victor atz', '', 0, 0.00, 296.00, '2021-07-06 02:37:16', '2021-07-05', b'0'),
('fdf14852e5795580f2d91d7e23ebe0ae', '76cc0d76bec6a6e8233202afc8bdb688', 'FAC-2021-WBJGI', 'JUVENTINO', 'patzajito', 0, 0.00, 148.00, '2021-07-10 16:11:24', '2021-07-10', b'1'),
('fec2c47152183899b9f5b440df8dba83', '76cc0d76bec6a6e8233202afc8bdb688', 'FAC-2021-CNQBA', 'sff', 'patzajito', 0, 0.00, 490.00, '2021-07-12 22:04:26', '2021-07-12', b'1'),
('ff0525cfc38c4c4a52f990c01f803d7e', '76cc0d76bec6a6e8233202afc8bdb688', 'FAC-2021-UQXEI', 'orlando velazco', '', 0, 0.00, 7564.00, '2021-07-12 13:18:12', '2021-07-12', b'1'),
('ff468d896ff8344dd124699a6df67b72', '76cc0d76bec6a6e8233202afc8bdb688', 'FAC-2021-HKOVC', 'genara', 'patzajito', 0, 0.00, 9.00, '2021-07-20 16:48:15', '2021-07-20', b'1'),
('ff4be58cc56be59aae875c51e7c7331e', '76cc0d76bec6a6e8233202afc8bdb688', 'FAC-2021-EGAWY', 'paulino julaj', 'magueyes', 0, 0.00, 403.00, '2021-07-07 19:39:56', '2021-07-07', b'1'),
('ff4ddcdec226e5fb788f15e321ce277a', '76cc0d76bec6a6e8233202afc8bdb688', 'FAC-2021-ICLEC', 'pio', 'magueyes', 0, 0.00, 210.00, '2021-07-21 16:14:37', '2021-07-21', b'1'),
('ff99dbb7f993d07ebccd0c4652de274b', '76cc0d76bec6a6e8233202afc8bdb688', 'FAC-2021-DAUDB', 'Tomas', '', 0, 0.00, 4287.00, '2021-08-03 20:54:55', '2021-08-03', b'1');

-- --------------------------------------------------------

--
-- Estructura de tabla para la tabla `funciones`
--

CREATE TABLE `funciones` (
  `codigo_funcion` varchar(50) NOT NULL,
  `funcion` varchar(50) NOT NULL,
  `icono` varchar(50) NOT NULL,
  `link` varchar(50) NOT NULL,
  `orden` int(11) NOT NULL DEFAULT 0,
  `estado` bit(1) NOT NULL DEFAULT b'1'
) ENGINE=InnoDB DEFAULT CHARSET=utf8mb4;

--
-- Volcado de datos para la tabla `funciones`
--

INSERT INTO `funciones` (`codigo_funcion`, `funcion`, `icono`, `link`, `orden`, `estado`) VALUES
('5a5e2c14d4b6601a757c0a31646ed860', 'Compras', 'shopping-cart', 'Store', 1, b'1'),
('5d232f281a6276504840ac11313bc537', 'Usuarios', 'users', '#', 5, b'1'),
('693368373acc72527633fb9d1f3718cc', 'Productos', 'th', '#', 3, b'1'),
('830cb979a446c0eed165df0e62e72898', 'Ventas', 'store', '#', 4, b'1'),
('a9bb3fadf85962ae6b38e192561d20a8', 'Proveedores', 'truck', 'Supplier', 2, b'1'),
('b7e5cc3ba1cbc61e6bcf5601b4f4b7e3', 'Configuraciones', 'cog', '#', 6, b'1');

-- --------------------------------------------------------

--
-- Estructura de tabla para la tabla `inventario`
--

CREATE TABLE `inventario` (
  `codigo_inventario` varchar(50) NOT NULL,
  `codigo_categoria` varchar(50) NOT NULL,
  `codigo_producto` varchar(50) NOT NULL,
  `codigo_presentacion` varchar(50) NOT NULL,
  `stock` int(3) NOT NULL,
  `precio_compra` double(10,2) NOT NULL DEFAULT 0.00,
  `precio_venta` double(10,2) NOT NULL DEFAULT 0.00,
  `u_lote` double(10,2) NOT NULL DEFAULT 0.00,
  `utilidad` double(10,2) NOT NULL DEFAULT 0.00,
  `stock_libras` double(10,2) NOT NULL DEFAULT 0.00,
  `precio_libras` double(10,2) NOT NULL DEFAULT 0.00,
  `vencimiento` date DEFAULT NULL,
  `u_registro` varchar(50) NOT NULL,
  `f_registro` timestamp NOT NULL DEFAULT current_timestamp() ON UPDATE current_timestamp(),
  `u_actualizacion` varchar(50) NOT NULL,
  `f_actualizacion` datetime NOT NULL,
  `u_eliminacion` varchar(50) NOT NULL,
  `f_eliminacion` datetime NOT NULL,
  `estado` bit(1) NOT NULL DEFAULT b'1'
) ENGINE=InnoDB DEFAULT CHARSET=utf8mb4;

--
-- Volcado de datos para la tabla `inventario`
--

INSERT INTO `inventario` (`codigo_inventario`, `codigo_categoria`, `codigo_producto`, `codigo_presentacion`, `stock`, `precio_compra`, `precio_venta`, `u_lote`, `utilidad`, `stock_libras`, `precio_libras`, `vencimiento`, `u_registro`, `f_registro`, `u_actualizacion`, `f_actualizacion`, `u_eliminacion`, `f_eliminacion`, `estado`) VALUES
('00601b4c0c73505df2e0eb8000f56091', 'baa661154ee9582abf982570b201298e', 'b85ba33dee2fc1125225df271c9e402a', 'b14d265b293dd0e7e24df1c4513f7e11', 0, 240.00, 245.00, 20.00, 5.00, 89.00, 3.00, NULL, 'fac9173ebc681c18e432158195adb3b4', '2021-07-07 05:41:10', '', '0000-00-00 00:00:00', '6db9e08e4295925697af15059da4e995', '2021-07-06 23:41:10', b'0'),
('01f287e5a0907d9d20dfb074a3778d10', 'd583ed2bf0381b082922ec1b7f6abf70', '24c6d0e9cfd1ae282db6b16461fdc8e8', '30c865844259683b92811bcfc143b9fb', 0, 195.00, 200.00, 5.00, 5.00, 0.00, 0.00, '2021-06-15', '6db9e08e4295925697af15059da4e995', '2021-08-05 21:22:06', 'fac9173ebc681c18e432158195adb3b4', '0000-00-00 00:00:00', '', '0000-00-00 00:00:00', b'1'),
('07594d34a57b1d884b311f32159cc93c', 'baa661154ee9582abf982570b201298e', '997b487aa1eac3087ec3dccfe4eff7e1', 'b14d265b293dd0e7e24df1c4513f7e11', 83, 400.00, 450.00, 350.00, 50.00, -8.60, 5.00, NULL, '6db9e08e4295925697af15059da4e995', '2021-08-06 23:33:52', '', '0000-00-00 00:00:00', '', '0000-00-00 00:00:00', b'1'),
('0840364e7feb9934356300d21518b6ef', '1be3842ece0b6fbab575bc32ea7737f5', 'bf867be180c321a6b533a1a8afff70c7', 'b14d265b293dd0e7e24df1c4513f7e11', 593, 205.00, 210.00, 0.00, 5.00, 0.00, 0.00, NULL, '6db9e08e4295925697af15059da4e995', '2021-07-07 05:36:54', '', '0000-00-00 00:00:00', '6db9e08e4295925697af15059da4e995', '2021-07-06 23:36:54', b'0'),
('08fcf23fb42596d1fe7c5bb51346a8ab', '1be3842ece0b6fbab575bc32ea7737f5', 'bbf5f1a8db96b89f75ed4e539de74371', 'b14d265b293dd0e7e24df1c4513f7e11', 48, 205.00, 210.00, 250.00, 5.00, -89.59, 2.50, NULL, '6db9e08e4295925697af15059da4e995', '2021-09-02 14:55:50', '6db9e08e4295925697af15059da4e995', '0000-00-00 00:00:00', '', '0000-00-00 00:00:00', b'1'),
('097de76dacd292007606234a1d5a33a4', 'baa661154ee9582abf982570b201298e', '9578eb421cc77a2066505fcd877bff01', 'b14d265b293dd0e7e24df1c4513f7e11', 0, 240.00, 245.00, 5.00, 5.00, -44.48, 3.00, NULL, '6db9e08e4295925697af15059da4e995', '2021-08-07 22:33:56', '', '0000-00-00 00:00:00', '', '0000-00-00 00:00:00', b'1'),
('0b0ba88c60eb578629478e0bc18ce081', '1be3842ece0b6fbab575bc32ea7737f5', '5f14428e53638b20c55c723141bee4c4', 'b14d265b293dd0e7e24df1c4513f7e11', 54, 210.00, 217.00, 154.00, 7.00, -26.71, 2.50, NULL, '6db9e08e4295925697af15059da4e995', '2021-08-25 19:23:26', '', '0000-00-00 00:00:00', '', '0000-00-00 00:00:00', b'1'),
('0d3698355b50c58023950fbb3328a7a2', 'd583ed2bf0381b082922ec1b7f6abf70', 'e09bdd2d816850a5b676eeeab402ec51', '9daf33f726a1a305ad86d9dc467d3e33', 23, 85.00, 90.00, 115.00, 5.00, 0.00, 0.00, '2021-06-15', '6db9e08e4295925697af15059da4e995', '2021-07-05 00:32:20', 'fac9173ebc681c18e432158195adb3b4', '0000-00-00 00:00:00', '', '0000-00-00 00:00:00', b'1'),
('0e767624fc71d2ab3d59bd9715ad3ac0', 'baa661154ee9582abf982570b201298e', '3fb13f78f8e5b00068798adffb5768c0', 'b14d265b293dd0e7e24df1c4513f7e11', 40, 240.00, 245.00, 20.00, 5.00, -57.27, 3.00, NULL, '6db9e08e4295925697af15059da4e995', '2021-07-26 22:16:26', 'fac9173ebc681c18e432158195adb3b4', '0000-00-00 00:00:00', '6db9e08e4295925697af15059da4e995', '2021-07-26 16:16:26', b'0'),
('0fc5edbc7d03d68b9e5c4a76a6842af4', 'baa661154ee9582abf982570b201298e', '0a34d783492e9a8ee5372315167bf199', 'b14d265b293dd0e7e24df1c4513f7e11', 0, 155.00, 160.00, 25.00, 5.00, 0.00, 0.00, NULL, '6db9e08e4295925697af15059da4e995', '2021-07-27 16:37:46', '', '0000-00-00 00:00:00', '', '0000-00-00 00:00:00', b'1'),
('103c6e1e40c36ddd5a031046956952ef', 'd583ed2bf0381b082922ec1b7f6abf70', '60519158503c2540c9b2f8800d7fb0dc', '961d26ccde1ec19757a2869481fa9c7d', 1, 30.00, 35.00, 10.00, 5.00, 0.00, 0.00, '2021-06-15', '6db9e08e4295925697af15059da4e995', '2021-07-17 00:28:39', 'fac9173ebc681c18e432158195adb3b4', '0000-00-00 00:00:00', '', '0000-00-00 00:00:00', b'1'),
('11a3d47727859b2d08695ec3c267b6d2', '1be3842ece0b6fbab575bc32ea7737f5', '139189a539b69123a0cc772165e49dd2', 'b14d265b293dd0e7e24df1c4513f7e11', 364, 110.00, 117.00, 0.00, 7.00, 0.00, 0.00, NULL, '6db9e08e4295925697af15059da4e995', '2021-07-07 05:39:37', '', '0000-00-00 00:00:00', '6db9e08e4295925697af15059da4e995', '2021-07-06 23:39:37', b'0'),
('13695efc5ae910e0fda733425f4d23b7', 'd583ed2bf0381b082922ec1b7f6abf70', '586bf50773ddb0e8027684037f747821', '434bc1ec37deb904edae7942b10cc350', 7, 20.00, 22.00, 14.00, 2.00, 0.00, 0.00, '2021-06-15', '6db9e08e4295925697af15059da4e995', '2021-07-05 00:40:49', 'fac9173ebc681c18e432158195adb3b4', '0000-00-00 00:00:00', '', '0000-00-00 00:00:00', b'1'),
('155acf75276314a765509d8278a7944b', 'd583ed2bf0381b082922ec1b7f6abf70', '18ea44856685650a6ab1bcd137345b37', '961d26ccde1ec19757a2869481fa9c7d', 2, 100.00, 105.00, 15.00, 5.00, 0.00, 0.00, '2021-06-15', '6db9e08e4295925697af15059da4e995', '2021-07-20 01:51:49', 'fac9173ebc681c18e432158195adb3b4', '0000-00-00 00:00:00', '', '0000-00-00 00:00:00', b'1'),
('17292b5e5d866fe4a75a3509f4d7ef3e', '1be3842ece0b6fbab575bc32ea7737f5', '9defb3e0e73c6767401f422ed33906f9', '30c865844259683b92811bcfc143b9fb', 2, 205.00, 210.00, 10.00, 5.00, 0.00, 0.00, NULL, 'fac9173ebc681c18e432158195adb3b4', '2021-07-17 12:57:10', '', '0000-00-00 00:00:00', '', '0000-00-00 00:00:00', b'1'),
('178b497144a62461c37250c0dccf4aaf', 'baa661154ee9582abf982570b201298e', '796530e91c2c51ae39014a1a4b504db4', 'b14d265b293dd0e7e24df1c4513f7e11', 37, 65.00, 70.00, 195.00, 5.00, 0.00, 0.00, NULL, 'fac9173ebc681c18e432158195adb3b4', '2021-07-07 05:48:01', '', '0000-00-00 00:00:00', '6db9e08e4295925697af15059da4e995', '2021-07-06 23:48:01', b'0'),
('1b892fab0464c7e97c60d03ea3769487', 'baa661154ee9582abf982570b201298e', '389fbddb63f51afb8f7a50ef6df05e11', '2d5a06d564dc87d865db2a502c7fe43b', 0, 365.00, 370.00, 0.00, 5.00, 0.56, 5.00, NULL, '6db9e08e4295925697af15059da4e995', '2021-07-19 22:48:07', '', '0000-00-00 00:00:00', 'fac9173ebc681c18e432158195adb3b4', '2021-07-19 16:48:07', b'0'),
('1f1cffafd28dcaa5dd1877cc61e128d4', 'baa661154ee9582abf982570b201298e', '4f00419eb1e2b886a733526c76e33e47', 'b14d265b293dd0e7e24df1c4513f7e11', 6, 175.00, 180.00, 55.00, 5.00, 0.00, 0.00, '2021-06-15', '6db9e08e4295925697af15059da4e995', '2021-08-03 20:54:55', 'fac9173ebc681c18e432158195adb3b4', '0000-00-00 00:00:00', '', '0000-00-00 00:00:00', b'1'),
('21ac5f5793dcd5f3f8e898352faffb5c', 'd583ed2bf0381b082922ec1b7f6abf70', '4b470473bfbf923934ad9e430545b7c2', '51f6fa532022193ae53f4ab49e994f76', 11, 85.00, 90.00, 110.00, 10.00, 0.00, 0.00, '2021-06-15', '6db9e08e4295925697af15059da4e995', '2021-07-05 00:26:30', 'fac9173ebc681c18e432158195adb3b4', '0000-00-00 00:00:00', '', '0000-00-00 00:00:00', b'1'),
('221f1104e0b6bf3827fa4eb5f1dcd53d', '1be3842ece0b6fbab575bc32ea7737f5', 'd521e8cbfeca7e534ca9336cf5fbede8', 'b14d265b293dd0e7e24df1c4513f7e11', 364, 112.00, 117.00, 0.00, 5.00, 0.28, 1.50, NULL, '6db9e08e4295925697af15059da4e995', '2021-07-07 07:20:35', '', '0000-00-00 00:00:00', '6db9e08e4295925697af15059da4e995', '2021-07-07 01:20:35', b'0'),
('223ada53032cc5aadfd5b20ac36889cd', '1be3842ece0b6fbab575bc32ea7737f5', '2223c27380ed1e4b6929d135eae87e6f', 'b14d265b293dd0e7e24df1c4513f7e11', 10, 150.00, 0.00, 1.00, -150.00, 0.00, 0.00, '2021-07-08', 'c4ca4238a0b923820dcc509a6f75849b', '2021-07-04 03:45:12', '', '0000-00-00 00:00:00', 'c4ca4238a0b923820dcc509a6f75849b', '2021-06-25 23:17:52', b'1'),
('22dab44c6f9251c635d2c8257d9ca1b8', 'baa661154ee9582abf982570b201298e', '9450727da29fd15b3cbd7b5ff463a57f', '2d5a06d564dc87d865db2a502c7fe43b', 94, 25.00, 30.00, 0.00, 5.00, 0.00, 0.00, NULL, '6db9e08e4295925697af15059da4e995', '2021-08-02 20:30:04', '', '0000-00-00 00:00:00', '', '0000-00-00 00:00:00', b'1'),
('262a984717aab66b1e3cf06060a1ac13', '1be3842ece0b6fbab575bc32ea7737f5', '847489c618fa6195792631e575f003a0', 'b14d265b293dd0e7e24df1c4513f7e11', 1, 100.00, 107.00, 0.00, 7.00, 0.00, 0.00, '2021-06-15', '6db9e08e4295925697af15059da4e995', '2021-07-05 00:48:15', '', '0000-00-00 00:00:00', 'fac9173ebc681c18e432158195adb3b4', '2021-07-04 18:48:15', b'0'),
('26706170308bcd756d02d8fea71a3290', 'd583ed2bf0381b082922ec1b7f6abf70', 'ba60c41e79a69909be474bd574810a93', '961d26ccde1ec19757a2869481fa9c7d', 12, 44.00, 50.00, 78.00, 6.00, 0.00, 0.00, NULL, 'fac9173ebc681c18e432158195adb3b4', '2021-07-24 01:24:31', '6db9e08e4295925697af15059da4e995', '0000-00-00 00:00:00', '', '0000-00-00 00:00:00', b'1'),
('28316391129145667eef8741a20baa99', 'd583ed2bf0381b082922ec1b7f6abf70', '42b1c20160989a4dbedc1d827f80b774', '2d5a06d564dc87d865db2a502c7fe43b', 12, 3.00, 8.00, 85.00, 5.00, 0.00, 0.00, '2021-06-15', '6db9e08e4295925697af15059da4e995', '2021-07-12 13:18:12', 'fac9173ebc681c18e432158195adb3b4', '0000-00-00 00:00:00', '', '0000-00-00 00:00:00', b'1'),
('284d0c88b08836b9315c7f32d60dc491', 'd583ed2bf0381b082922ec1b7f6abf70', '8be20f4f18f92c2dda918ef4daa95ea8', '961d26ccde1ec19757a2869481fa9c7d', 8, 45.00, 50.00, 105.00, 5.00, 0.00, 0.00, '2021-06-15', '6db9e08e4295925697af15059da4e995', '2021-08-05 21:22:06', '6db9e08e4295925697af15059da4e995', '0000-00-00 00:00:00', '', '0000-00-00 00:00:00', b'1'),
('2bb49ffb2e1c7917832d3656bfff7323', 'd583ed2bf0381b082922ec1b7f6abf70', '259d2cfbd5bebf466863ff03c801e676', '8bcc3be85c541bddc24d0ceffa1e7a46', 9, 55.00, 60.00, 55.00, 5.00, 0.00, 0.00, '2021-06-15', '6db9e08e4295925697af15059da4e995', '2021-08-23 13:29:09', 'fac9173ebc681c18e432158195adb3b4', '0000-00-00 00:00:00', '', '0000-00-00 00:00:00', b'1'),
('31c388ae41b8054ccd63569c31f32e39', 'baa661154ee9582abf982570b201298e', '07af1b08a9977f6054dc25c3fc091d48', 'b14d265b293dd0e7e24df1c4513f7e11', 0, 450.00, 550.00, 100.00, 100.00, 98.00, 6.00, NULL, 'fac9173ebc681c18e432158195adb3b4', '2021-07-26 22:20:42', '', '0000-00-00 00:00:00', '6db9e08e4295925697af15059da4e995', '2021-07-26 16:20:42', b'0'),
('32e027907c907e76c20322febd40f041', '1be3842ece0b6fbab575bc32ea7737f5', 'd0737b572e4c38aaaa4893a5b3c382dd', 'b14d265b293dd0e7e24df1c4513f7e11', 1, 200.00, 206.00, 0.00, 6.00, 0.00, 0.00, '2021-06-15', '6db9e08e4295925697af15059da4e995', '2021-07-05 00:47:02', '', '0000-00-00 00:00:00', 'fac9173ebc681c18e432158195adb3b4', '2021-07-04 18:47:02', b'0'),
('33dab1f8f6b721b2e7261b899565da6d', 'baa661154ee9582abf982570b201298e', '6fe4b69479dfa8c6c3b56da53059d8bb', 'b14d265b293dd0e7e24df1c4513f7e11', 2, 220.00, 225.00, 40.00, 5.00, 0.00, 0.00, '2021-06-15', '6db9e08e4295925697af15059da4e995', '2021-07-30 12:53:30', 'fac9173ebc681c18e432158195adb3b4', '0000-00-00 00:00:00', '', '0000-00-00 00:00:00', b'1'),
('34af8dadcb15342fdc070cb765b7ac28', 'fb85aee11e7190e586d2422f24a604e6', '63471534d1cf922d62716dccc76ea1cb', 'ae7623aaf5149513ab5bb76254a46ee5', 15, 22.00, 25.00, 45.00, 3.00, 0.00, 0.00, '2021-06-15', '6db9e08e4295925697af15059da4e995', '2021-07-26 22:11:47', 'fac9173ebc681c18e432158195adb3b4', '0000-00-00 00:00:00', '6db9e08e4295925697af15059da4e995', '2021-07-26 16:11:47', b'0'),
('366187e11869d799e260368d8c46050e', 'd583ed2bf0381b082922ec1b7f6abf70', '480659e80ee97adaac165fb65a432d7d', '961d26ccde1ec19757a2869481fa9c7d', 8, 45.00, 50.00, 40.00, 5.00, 0.00, 0.00, '2021-06-15', '6db9e08e4295925697af15059da4e995', '2021-07-19 22:08:56', 'fac9173ebc681c18e432158195adb3b4', '0000-00-00 00:00:00', '', '0000-00-00 00:00:00', b'1'),
('36fc2287fa287ea578dfb4743fc3846f', '1be3842ece0b6fbab575bc32ea7737f5', '69f076d5498c2fa22c0750920a704449', 'b14d265b293dd0e7e24df1c4513f7e11', 8, 210.00, 216.00, 162.00, 6.00, -39.32, 2.50, NULL, '6db9e08e4295925697af15059da4e995', '2021-07-26 22:06:07', 'fac9173ebc681c18e432158195adb3b4', '0000-00-00 00:00:00', '6db9e08e4295925697af15059da4e995', '2021-07-26 16:06:07', b'0'),
('3a46e44d7da3ccb169b242ff123185c5', 'baa661154ee9582abf982570b201298e', 'b2df867a1282ab349ab92aaa9d3f9cf2', 'b14d265b293dd0e7e24df1c4513f7e11', 3, 140.00, 145.00, 15.00, 5.00, 0.80, 3.00, NULL, 'fac9173ebc681c18e432158195adb3b4', '2021-07-26 22:14:31', '', '0000-00-00 00:00:00', '6db9e08e4295925697af15059da4e995', '2021-07-26 16:14:31', b'0'),
('3a4f28531e9bf968a5834859c0e68d63', 'baa661154ee9582abf982570b201298e', 'fc4c38828aa97b0fdb05ea7b0d679f41', 'b14d265b293dd0e7e24df1c4513f7e11', 4, 240.00, 245.00, 20.00, 5.00, 89.00, 2.50, NULL, 'fac9173ebc681c18e432158195adb3b4', '2021-07-05 01:14:54', '', '0000-00-00 00:00:00', 'fac9173ebc681c18e432158195adb3b4', '2021-07-04 19:14:54', b'0'),
('3b338f8163ca28e836eb83384e428f9e', 'baa661154ee9582abf982570b201298e', '5e36c5dac6a16841ce52ffc66ba989cc', 'b14d265b293dd0e7e24df1c4513f7e11', 0, 173.00, 175.00, 6.00, 2.00, 0.00, 0.00, '2021-06-15', '6db9e08e4295925697af15059da4e995', '2021-07-21 21:57:51', 'fac9173ebc681c18e432158195adb3b4', '0000-00-00 00:00:00', '', '0000-00-00 00:00:00', b'1'),
('3e4d3ad3e2c854767ce2e2fe08ea6cfb', 'baa661154ee9582abf982570b201298e', 'd67c626f0a1e31a204ff0fdaffa5958a', 'b14d265b293dd0e7e24df1c4513f7e11', 1, 220.00, 225.00, 0.00, 5.00, -235.10, 2.50, NULL, '6db9e08e4295925697af15059da4e995', '2021-09-02 21:54:53', '', '0000-00-00 00:00:00', '', '0000-00-00 00:00:00', b'1'),
('438ae199f9d56c651fe4ac4f7de3063c', 'd583ed2bf0381b082922ec1b7f6abf70', '290cb70a001962b41ff9454b95fd7da4', '9daf33f726a1a305ad86d9dc467d3e33', 2, 80.00, 85.00, 10.00, 5.00, 0.00, 0.00, '2021-06-15', '6db9e08e4295925697af15059da4e995', '2021-07-05 00:32:45', 'fac9173ebc681c18e432158195adb3b4', '0000-00-00 00:00:00', '', '0000-00-00 00:00:00', b'1'),
('43b9016ca99dbceaecfe94a68e89eafd', 'd583ed2bf0381b082922ec1b7f6abf70', '746b462c6dfcc3ac54177e879c14d779', '434bc1ec37deb904edae7942b10cc350', 2, 55.00, 60.00, 10.00, 5.00, 0.00, 0.00, '2021-06-15', '6db9e08e4295925697af15059da4e995', '2021-07-05 00:33:57', 'fac9173ebc681c18e432158195adb3b4', '0000-00-00 00:00:00', '', '0000-00-00 00:00:00', b'1'),
('44ad263948a0e4e6c109a00e8ffc67e1', 'baa661154ee9582abf982570b201298e', '178cbb88fb31e407326b2706231e1040', 'b14d265b293dd0e7e24df1c4513f7e11', 15, 213.00, 218.00, 75.00, 5.00, 0.00, 0.00, '2021-06-15', '6db9e08e4295925697af15059da4e995', '2021-07-05 01:18:53', '', '0000-00-00 00:00:00', 'fac9173ebc681c18e432158195adb3b4', '2021-07-04 19:18:53', b'0'),
('45821b0a5e960cfeed855a5dda0687f4', 'fb85aee11e7190e586d2422f24a604e6', 'bf7c4675664fb4ee730b91aaabbceda4', '208e489af92d56a877e47e5db1760a97', 62, 52.00, 60.00, 496.00, 8.00, 0.00, 0.00, '2021-06-15', '6db9e08e4295925697af15059da4e995', '2021-07-07 06:28:54', 'fac9173ebc681c18e432158195adb3b4', '0000-00-00 00:00:00', '6db9e08e4295925697af15059da4e995', '2021-07-07 00:28:54', b'0'),
('48373981246d89564eec49255c64701a', 'd583ed2bf0381b082922ec1b7f6abf70', '89b24d6796aa0be4a10858d5ec32e9c6', '30c865844259683b92811bcfc143b9fb', 1, 171.00, 176.00, 30.00, 5.00, 0.00, 0.00, '2021-06-15', '6db9e08e4295925697af15059da4e995', '2021-08-04 23:27:12', '6db9e08e4295925697af15059da4e995', '0000-00-00 00:00:00', '', '0000-00-00 00:00:00', b'1'),
('493889b8851a39278bd9e5da4014981e', 'baa661154ee9582abf982570b201298e', 'eb1acc4da2919d2881b64518ac215392', 'b14d265b293dd0e7e24df1c4513f7e11', 14, 308.00, 450.00, 994.00, 142.00, -31.25, 5.00, NULL, '6db9e08e4295925697af15059da4e995', '2021-07-19 22:46:51', '', '0000-00-00 00:00:00', 'fac9173ebc681c18e432158195adb3b4', '2021-07-19 16:46:51', b'0'),
('4a6412283479d2fcdaac8b0db18ece75', 'baa661154ee9582abf982570b201298e', '252c4319c52aef3140e5cfd009808e42', '2d5a06d564dc87d865db2a502c7fe43b', 0, 0.00, 0.00, 0.00, 0.00, 781.00, 5.00, NULL, 'fac9173ebc681c18e432158195adb3b4', '2021-07-07 06:00:07', '', '0000-00-00 00:00:00', '6db9e08e4295925697af15059da4e995', '2021-07-07 00:00:07', b'0'),
('4d0b547bde5f6689e838e0102cb443b8', 'baa661154ee9582abf982570b201298e', 'da9bd9fbdec55a841144f275066037f4', 'b14d265b293dd0e7e24df1c4513f7e11', 3, 240.00, 245.00, 15.00, 5.00, 0.66, 3.00, NULL, '6db9e08e4295925697af15059da4e995', '2021-07-26 22:14:41', '', '0000-00-00 00:00:00', '6db9e08e4295925697af15059da4e995', '2021-07-26 16:14:41', b'0'),
('50e9b421c62ce736302ec978e150483b', 'baa661154ee9582abf982570b201298e', '4a25e5e19e5e087987624cc896e2856a', 'b14d265b293dd0e7e24df1c4513f7e11', 4, 240.00, 245.00, 15.00, 5.00, 62.00, 0.00, NULL, '6db9e08e4295925697af15059da4e995', '2021-07-25 19:26:22', '', '0000-00-00 00:00:00', '6db9e08e4295925697af15059da4e995', '2021-07-25 13:26:22', b'0'),
('52096d805c387d2fab383e91eb6426c3', '1be3842ece0b6fbab575bc32ea7737f5', 'cadebc2167d7d12a1ded701f34e94c4f', 'b14d265b293dd0e7e24df1c4513f7e11', 638, 205.00, 210.00, 0.00, 5.00, 47.00, 2.50, NULL, 'fac9173ebc681c18e432158195adb3b4', '2021-07-07 04:53:59', '', '0000-00-00 00:00:00', '6db9e08e4295925697af15059da4e995', '2021-07-06 22:53:59', b'0'),
('522bfc7336b192d8b81b001a0a3e56f3', 'fb85aee11e7190e586d2422f24a604e6', '41af66ca7433384290782621a3b22afb', '208e489af92d56a877e47e5db1760a97', 17, 56.00, 60.00, 156.00, 4.00, 0.00, 0.00, NULL, '6db9e08e4295925697af15059da4e995', '2021-07-30 23:19:29', 'fac9173ebc681c18e432158195adb3b4', '0000-00-00 00:00:00', '', '0000-00-00 00:00:00', b'1'),
('5a65c0386d5004feac47c03bce0377fb', 'baa661154ee9582abf982570b201298e', '78598dd0cd3bd2e658ed6ec7e15bdfb2', 'b14d265b293dd0e7e24df1c4513f7e11', 0, 0.00, 0.00, 0.00, 0.00, 0.56, 5.00, NULL, 'fac9173ebc681c18e432158195adb3b4', '2021-07-26 22:22:31', '', '0000-00-00 00:00:00', '6db9e08e4295925697af15059da4e995', '2021-07-26 16:22:31', b'0'),
('5a6da4c49113a321e2e8f8df09782af8', 'baa661154ee9582abf982570b201298e', 'ae917466270441c2f049ccf746d60da2', 'b14d265b293dd0e7e24df1c4513f7e11', 53, 215.00, 220.00, 0.00, 5.00, 37.00, 0.00, NULL, '6db9e08e4295925697af15059da4e995', '2021-08-19 12:33:47', '6db9e08e4295925697af15059da4e995', '0000-00-00 00:00:00', '', '0000-00-00 00:00:00', b'1'),
('5a85df474abb68c7914a3bb0af599d6b', '1be3842ece0b6fbab575bc32ea7737f5', '2b22d6f43e0249ff61c65b6ed6239df0', 'b14d265b293dd0e7e24df1c4513f7e11', 0, 205.00, 210.00, 0.00, 5.00, 0.00, 0.00, '2021-06-15', '6db9e08e4295925697af15059da4e995', '2021-07-05 00:45:37', 'fac9173ebc681c18e432158195adb3b4', '0000-00-00 00:00:00', 'fac9173ebc681c18e432158195adb3b4', '2021-07-04 18:45:37', b'0'),
('5aa4bcf5eb05df8572366ce816c2afd1', 'baa661154ee9582abf982570b201298e', 'fade477ea3625ecfd5ef2e7ba46fed65', 'b14d265b293dd0e7e24df1c4513f7e11', 9, 100.00, 2.50, 1.50, 100.00, 0.00, 99.00, '2022-06-25', 'c4ca4238a0b923820dcc509a6f75849b', '2021-07-04 13:51:37', '', '0000-00-00 00:00:00', '6db9e08e4295925697af15059da4e995', '2021-07-04 07:51:37', b'0'),
('5afbb3b4eabf87342ca75b21451638dc', 'd583ed2bf0381b082922ec1b7f6abf70', 'c8f0350bed2deca10801716973e4e028', '961d26ccde1ec19757a2869481fa9c7d', 2, 35.00, 40.00, 10.00, 5.00, 0.00, 0.00, '2021-06-15', '6db9e08e4295925697af15059da4e995', '2021-07-05 00:30:38', 'fac9173ebc681c18e432158195adb3b4', '0000-00-00 00:00:00', '', '0000-00-00 00:00:00', b'1'),
('5b3b501374ef55061d48c90002c9d668', 'baa661154ee9582abf982570b201298e', 'f301d99d467dcd68e2c68de93bb728e3', '2d5a06d564dc87d865db2a502c7fe43b', 0, 0.00, 0.00, 0.00, 0.00, 73.00, 3.00, NULL, '6db9e08e4295925697af15059da4e995', '2021-07-07 05:30:12', '', '0000-00-00 00:00:00', '6db9e08e4295925697af15059da4e995', '2021-07-06 23:30:12', b'0'),
('5d73bf41c01003b0513b24181a0789f6', 'd583ed2bf0381b082922ec1b7f6abf70', '88e004d005e0d3abc77fefe03422bc3c', '9daf33f726a1a305ad86d9dc467d3e33', 7, 0.00, 26.00, 208.00, 26.00, 0.00, 0.00, '2021-06-15', '6db9e08e4295925697af15059da4e995', '2021-08-05 21:22:06', 'fac9173ebc681c18e432158195adb3b4', '0000-00-00 00:00:00', '', '0000-00-00 00:00:00', b'1'),
('5e26f82062361a11af36b25dd3362e96', 'baa661154ee9582abf982570b201298e', 'b2c1e320c81b54537a6270488e335e1c', 'b14d265b293dd0e7e24df1c4513f7e11', 0, 86.00, 90.00, 8.00, 4.00, 0.00, 0.00, '2021-06-15', '6db9e08e4295925697af15059da4e995', '2021-07-27 00:58:27', 'fac9173ebc681c18e432158195adb3b4', '0000-00-00 00:00:00', '', '0000-00-00 00:00:00', b'1'),
('5f118b2f1c374ed6fdaaba6ca0e0e884', 'd583ed2bf0381b082922ec1b7f6abf70', 'd39f6f732213aba7d154ac474825117c', 'd940b157a75b8172b4ec6f6445975973', 7, 28.00, 32.00, 32.00, 4.00, 0.00, 0.00, '2021-06-15', '6db9e08e4295925697af15059da4e995', '2021-07-29 21:43:47', 'fac9173ebc681c18e432158195adb3b4', '0000-00-00 00:00:00', '', '0000-00-00 00:00:00', b'1'),
('61fded6bd6cfe5a5a4222ea1c72b617f', 'baa661154ee9582abf982570b201298e', '6ee24ceafde754bea8287ec102eb83e1', 'b14d265b293dd0e7e24df1c4513f7e11', 4, 240.00, 245.00, 20.00, 5.00, 0.00, 0.00, NULL, '6db9e08e4295925697af15059da4e995', '2021-07-07 05:30:21', '', '0000-00-00 00:00:00', '6db9e08e4295925697af15059da4e995', '2021-07-06 23:30:21', b'0'),
('634984d0ed72a80560d83ead9f59e978', 'fb85aee11e7190e586d2422f24a604e6', '636fb605e9a62683e281bd3b73e16fd8', '961d26ccde1ec19757a2869481fa9c7d', 10, 150.00, 2.50, 1.00, 150.00, 0.00, 100.00, '2022-06-25', 'c4ca4238a0b923820dcc509a6f75849b', '2021-07-04 13:51:25', '', '0000-00-00 00:00:00', '6db9e08e4295925697af15059da4e995', '2021-07-04 07:51:25', b'0'),
('64218ef65c2c29f0cc924e64fa37bdf2', 'baa661154ee9582abf982570b201298e', 'ec6d2557a790bf623c2b9c32e0291a62', 'b14d265b293dd0e7e24df1c4513f7e11', 1, 171.00, 180.00, 72.00, 9.00, 0.00, 0.00, '2021-06-15', '6db9e08e4295925697af15059da4e995', '2021-08-07 22:33:56', '6db9e08e4295925697af15059da4e995', '0000-00-00 00:00:00', '', '0000-00-00 00:00:00', b'1'),
('660b78d661e60047e747beb409979a00', 'baa661154ee9582abf982570b201298e', '2bee32cce13f96c15e7fb4da1dad90c0', 'b14d265b293dd0e7e24df1c4513f7e11', 39, 65.00, 70.00, 195.00, 5.00, 0.00, 0.00, '2021-06-15', '6db9e08e4295925697af15059da4e995', '2021-07-05 01:21:20', 'fac9173ebc681c18e432158195adb3b4', '0000-00-00 00:00:00', 'fac9173ebc681c18e432158195adb3b4', '2021-07-04 19:21:20', b'0'),
('686d519f15840616c083df93935dcca4', 'baa661154ee9582abf982570b201298e', 'd790c752a86e78d4bcb44715eb91ffa2', 'b14d265b293dd0e7e24df1c4513f7e11', 1, 235.00, 243.00, 0.00, 8.00, 0.00, 0.00, '2021-06-15', '6db9e08e4295925697af15059da4e995', '2021-07-05 01:16:59', '', '0000-00-00 00:00:00', 'fac9173ebc681c18e432158195adb3b4', '2021-07-04 19:16:59', b'0'),
('6ae83c824d9733b51b9f43acbcaa6a8f', 'd583ed2bf0381b082922ec1b7f6abf70', 'dacdfd4ba951a1da7686a617cc707de5', '30c865844259683b92811bcfc143b9fb', 4, 150.00, 155.00, 20.00, 5.00, 0.00, 0.00, '2021-06-15', '6db9e08e4295925697af15059da4e995', '2021-07-19 22:08:01', 'fac9173ebc681c18e432158195adb3b4', '0000-00-00 00:00:00', '', '0000-00-00 00:00:00', b'1'),
('6b01999c3777a637155a908518c31f6f', 'baa661154ee9582abf982570b201298e', '10be43288f53e7fdaeee916a8c4e1979', 'b14d265b293dd0e7e24df1c4513f7e11', 1, 390.00, 400.00, 0.00, 10.00, 0.00, 0.00, '2021-06-15', '6db9e08e4295925697af15059da4e995', '2021-07-05 01:12:05', '', '0000-00-00 00:00:00', 'fac9173ebc681c18e432158195adb3b4', '2021-07-04 19:12:05', b'0'),
('6c5da4b9b78f519cd799e83329546963', 'baa661154ee9582abf982570b201298e', 'd98c6cf4dcc3c742fbad1f7fc667ca04', '2d5a06d564dc87d865db2a502c7fe43b', 73, 0.00, 0.00, 0.00, 0.00, 73.00, 3.00, NULL, '6db9e08e4295925697af15059da4e995', '2021-07-07 05:27:27', '6db9e08e4295925697af15059da4e995', '0000-00-00 00:00:00', '6db9e08e4295925697af15059da4e995', '2021-07-06 23:27:27', b'0'),
('6f4b9bc8698c146e7f3223a9369198b0', 'baa661154ee9582abf982570b201298e', '7bdc3282923e1d6c0d49fb3ffa19264c', 'b14d265b293dd0e7e24df1c4513f7e11', -2, 218.00, 223.00, 0.00, 5.00, 18.00, 2.50, NULL, 'fac9173ebc681c18e432158195adb3b4', '2021-07-07 05:44:12', '', '0000-00-00 00:00:00', '6db9e08e4295925697af15059da4e995', '2021-07-06 23:44:12', b'0'),
('71dd69b8434715bca868705faf6dcf08', '1be3842ece0b6fbab575bc32ea7737f5', 'b7e67b42b99762b090e84396e6145925', 'b14d265b293dd0e7e24df1c4513f7e11', 1, 200.00, 210.00, 0.00, 10.00, 0.00, 0.00, '2021-06-15', '6db9e08e4295925697af15059da4e995', '2021-08-25 14:00:31', '6db9e08e4295925697af15059da4e995', '0000-00-00 00:00:00', '', '0000-00-00 00:00:00', b'1'),
('75486958e0e7826d37756910f7a5ed04', 'baa661154ee9582abf982570b201298e', '57027c3685ed14d169d91cd18bf69111', 'b14d265b293dd0e7e24df1c4513f7e11', 5, 180.00, 185.00, 85.00, 5.00, 0.00, 0.00, '2021-06-15', '6db9e08e4295925697af15059da4e995', '2021-08-04 21:51:33', '6db9e08e4295925697af15059da4e995', '0000-00-00 00:00:00', '', '0000-00-00 00:00:00', b'1'),
('75a35e891b66337a7e4552be285814e3', 'baa661154ee9582abf982570b201298e', '5b63083376beb811e5bce3a95ad3d2c4', '2d5a06d564dc87d865db2a502c7fe43b', 0, 0.00, 0.00, 0.00, 0.00, 56.00, 5.00, NULL, 'fac9173ebc681c18e432158195adb3b4', '2021-07-07 06:01:56', '', '0000-00-00 00:00:00', '6db9e08e4295925697af15059da4e995', '2021-07-07 00:01:56', b'0'),
('76de2a8076ab58c4335262845273ba07', 'baa661154ee9582abf982570b201298e', '8928bf5b39041d058b33a732c4deb350', 'b14d265b293dd0e7e24df1c4513f7e11', 1, 240.00, 245.00, 0.00, 5.00, 0.00, 0.00, '2021-06-15', '6db9e08e4295925697af15059da4e995', '2021-07-05 01:16:13', '', '0000-00-00 00:00:00', 'fac9173ebc681c18e432158195adb3b4', '2021-07-04 19:16:13', b'0'),
('771b8a99f364a531fc19091792c5bf4c', 'baa661154ee9582abf982570b201298e', '9cc8ed5ef48666582df9d7e33950900f', 'b14d265b293dd0e7e24df1c4513f7e11', 0, 0.00, 0.00, 0.00, 0.00, 0.56, 5.00, NULL, '6db9e08e4295925697af15059da4e995', '2021-07-26 22:23:01', '', '0000-00-00 00:00:00', '', '0000-00-00 00:00:00', b'1'),
('79dd31f0023be8fe9e76965567589bba', 'baa661154ee9582abf982570b201298e', '15c0d0f968713bbf102ee0be564b709c', 'b14d265b293dd0e7e24df1c4513f7e11', 3, 240.00, 245.00, 15.00, 5.00, 7.00, 3.00, NULL, '6db9e08e4295925697af15059da4e995', '2021-07-19 22:38:27', 'fac9173ebc681c18e432158195adb3b4', '0000-00-00 00:00:00', 'fac9173ebc681c18e432158195adb3b4', '2021-07-19 16:38:27', b'0'),
('7af8fe65b6922ea03368c7403b8c69e7', 'fb85aee11e7190e586d2422f24a604e6', '83d548b152a44995e5a4d878d73428a0', '208e489af92d56a877e47e5db1760a97', 223, 63.00, 68.00, 1120.00, 5.00, 0.00, 0.00, '2021-06-15', '6db9e08e4295925697af15059da4e995', '2021-09-01 21:32:07', '6db9e08e4295925697af15059da4e995', '0000-00-00 00:00:00', '', '0000-00-00 00:00:00', b'1'),
('7b6fca793e5f82d27440da063d054e6d', 'baa661154ee9582abf982570b201298e', '1e9094269a9a451422cb769c6d80b91b', 'b14d265b293dd0e7e24df1c4513f7e11', 1, 153.00, 158.00, 20.00, 5.00, 0.00, 0.00, '2021-06-15', '6db9e08e4295925697af15059da4e995', '2021-08-07 22:33:56', '6db9e08e4295925697af15059da4e995', '0000-00-00 00:00:00', '', '0000-00-00 00:00:00', b'1'),
('7ce274b679ca6953e8dbb570994630fe', 'baa661154ee9582abf982570b201298e', 'd3244a3c483d5da20e6e66e0b1cbef7f', 'b14d265b293dd0e7e24df1c4513f7e11', 1, 240.00, 245.00, 0.00, 5.00, 0.00, 0.00, '2021-06-15', '6db9e08e4295925697af15059da4e995', '2021-07-05 01:16:04', '', '0000-00-00 00:00:00', 'fac9173ebc681c18e432158195adb3b4', '2021-07-04 19:16:04', b'0'),
('805fb35d86a02ef839203906695ccd52', 'baa661154ee9582abf982570b201298e', '5643da897b1e06c7b2ddff5a322dc876', 'b14d265b293dd0e7e24df1c4513f7e11', 0, 125.00, 130.00, 0.00, 5.00, 0.00, 0.00, '2021-06-15', '6db9e08e4295925697af15059da4e995', '2021-07-05 01:03:20', 'fac9173ebc681c18e432158195adb3b4', '0000-00-00 00:00:00', '', '0000-00-00 00:00:00', b'1'),
('8091caf0a2ba993777ac14970ff40b76', 'd583ed2bf0381b082922ec1b7f6abf70', '26ea82cba4e0cfa6892a0e3c7fe35b15', '961d26ccde1ec19757a2869481fa9c7d', 2, 135.00, 140.00, 10.00, 5.00, 0.00, 0.00, '2021-06-15', '6db9e08e4295925697af15059da4e995', '2021-07-05 00:29:50', 'fac9173ebc681c18e432158195adb3b4', '0000-00-00 00:00:00', '', '0000-00-00 00:00:00', b'1'),
('80ddc1de5d0922e99558284569c9d8ef', 'baa661154ee9582abf982570b201298e', '9567ed170208b7d3cbefa1fc53b7363f', 'b14d265b293dd0e7e24df1c4513f7e11', 2, 170.00, 175.00, 35.00, 5.00, 0.00, 0.00, '2021-06-15', '6db9e08e4295925697af15059da4e995', '2021-08-04 23:38:32', 'fac9173ebc681c18e432158195adb3b4', '0000-00-00 00:00:00', '', '0000-00-00 00:00:00', b'1'),
('8346fdaef2731922696da0a64af01c90', 'd583ed2bf0381b082922ec1b7f6abf70', '1cf900409b444cb2463df367bb3fd99c', '961d26ccde1ec19757a2869481fa9c7d', 2, 120.00, 125.00, 15.00, 5.00, 0.00, 0.00, '2021-06-15', '6db9e08e4295925697af15059da4e995', '2021-07-17 00:28:39', 'fac9173ebc681c18e432158195adb3b4', '0000-00-00 00:00:00', '', '0000-00-00 00:00:00', b'1'),
('85b21609b9676ccdb631d5740802d094', 'fb85aee11e7190e586d2422f24a604e6', '1b452a24794ecabd0b0298df04ac6b7e', '208e489af92d56a877e47e5db1760a97', 98, 69.00, 70.00, 596.00, 1.00, 0.00, 0.00, '2021-06-15', '6db9e08e4295925697af15059da4e995', '2021-09-01 21:32:07', '6db9e08e4295925697af15059da4e995', '0000-00-00 00:00:00', '', '0000-00-00 00:00:00', b'1'),
('888001054e3cffbc7413fe9c5e58dca2', 'd583ed2bf0381b082922ec1b7f6abf70', '42cc855e60df2aaa57837a36f2c2e876', '961d26ccde1ec19757a2869481fa9c7d', 23, 50.00, 55.00, 140.00, 5.00, 0.00, 0.00, '2021-06-15', '6db9e08e4295925697af15059da4e995', '2021-07-30 12:53:30', 'fac9173ebc681c18e432158195adb3b4', '0000-00-00 00:00:00', '', '0000-00-00 00:00:00', b'1'),
('89947abfb006f51afcbc1a13fac121d4', 'baa661154ee9582abf982570b201298e', '3aabab50c5d9f46bd32db95d7fe4bbba', '2d5a06d564dc87d865db2a502c7fe43b', 44, 25.00, 30.00, 220.00, 5.00, 0.00, 0.00, '2021-06-15', '6db9e08e4295925697af15059da4e995', '2021-07-07 06:03:26', 'fac9173ebc681c18e432158195adb3b4', '0000-00-00 00:00:00', '6db9e08e4295925697af15059da4e995', '2021-07-07 00:03:26', b'0'),
('8d7c3992334c79df85eb61353127434d', '1be3842ece0b6fbab575bc32ea7737f5', '104ec356d90ab05af789e8d3b48c0011', 'b14d265b293dd0e7e24df1c4513f7e11', 500, 205.00, 210.00, 0.00, 5.00, 50.00, 2.50, NULL, '6db9e08e4295925697af15059da4e995', '2021-07-07 05:12:39', '', '0000-00-00 00:00:00', '6db9e08e4295925697af15059da4e995', '2021-07-06 23:12:39', b'0'),
('91d52959fdfc94de471de7fe628b5ff9', '1be3842ece0b6fbab575bc32ea7737f5', '714ad6bfe88321790732292aae8dcf80', 'b14d265b293dd0e7e24df1c4513f7e11', 27, 115.00, 120.00, 180.00, 5.00, 0.00, 0.00, '2021-06-15', '6db9e08e4295925697af15059da4e995', '2021-08-05 21:22:06', '6db9e08e4295925697af15059da4e995', '0000-00-00 00:00:00', '', '0000-00-00 00:00:00', b'1'),
('94fe8098a08b9e2aff6f56d6b470529e', 'd583ed2bf0381b082922ec1b7f6abf70', '947ec16945a586c4d318ce817985ed52', '961d26ccde1ec19757a2869481fa9c7d', 0, 60.00, 65.00, 0.00, 5.00, 0.00, 0.00, '2021-06-15', '6db9e08e4295925697af15059da4e995', '2021-07-19 22:01:19', 'fac9173ebc681c18e432158195adb3b4', '0000-00-00 00:00:00', '', '0000-00-00 00:00:00', b'1'),
('9537776e9cf854a28873029fb17d7f38', 'fb85aee11e7190e586d2422f24a604e6', '6bdb33b0ea397a2fd64f9e380526366c', 'ae7623aaf5149513ab5bb76254a46ee5', 9, 48.00, 50.00, 22.00, 2.00, 0.00, 0.00, '2021-06-15', '6db9e08e4295925697af15059da4e995', '2021-07-30 23:20:10', '6db9e08e4295925697af15059da4e995', '0000-00-00 00:00:00', '', '0000-00-00 00:00:00', b'1'),
('9695792195ea967f4f4100e3a5b63813', 'd583ed2bf0381b082922ec1b7f6abf70', '806edd7e30c25557ff5f5ab54dd615a7', '961d26ccde1ec19757a2869481fa9c7d', 0, 35.00, 40.00, 5.00, 5.00, 0.00, 0.00, NULL, 'fac9173ebc681c18e432158195adb3b4', '2021-07-20 16:01:05', '', '0000-00-00 00:00:00', '', '0000-00-00 00:00:00', b'1'),
('974279ee030a1af221f40fe1645c4979', 'baa661154ee9582abf982570b201298e', 'cf4fec97e7f27cdf5587f32216a410cb', 'b14d265b293dd0e7e24df1c4513f7e11', 2, 240.00, 245.00, 10.00, 5.00, 66.00, 0.00, NULL, '6db9e08e4295925697af15059da4e995', '2021-07-27 16:35:10', '', '0000-00-00 00:00:00', '6db9e08e4295925697af15059da4e995', '2021-07-27 10:35:10', b'0'),
('97ebd25c916621949cdf5eec9eb56816', '1be3842ece0b6fbab575bc32ea7737f5', '1be7b6562f10de738204a4bff0c06018', '961d26ccde1ec19757a2869481fa9c7d', 150, 205.00, 210.00, 750.00, 5.00, 0.00, 0.00, NULL, '6db9e08e4295925697af15059da4e995', '2021-08-06 23:31:47', '', '0000-00-00 00:00:00', '', '0000-00-00 00:00:00', b'1'),
('9884d18f2e6c4893ae2458ad4d2d2d2e', 'fb85aee11e7190e586d2422f24a604e6', 'c2ca56faa87067619d5417f56c6e1d4d', 'ae7623aaf5149513ab5bb76254a46ee5', 61, 18.00, 20.00, 150.00, 2.00, 0.00, 0.00, '2021-06-15', '6db9e08e4295925697af15059da4e995', '2021-08-07 22:33:56', '6db9e08e4295925697af15059da4e995', '0000-00-00 00:00:00', '', '0000-00-00 00:00:00', b'1'),
('993fa95dd92b72e96a8487662ebb0dec', '1be3842ece0b6fbab575bc32ea7737f5', '33b678e54aa9d52369452ee5719e4142', 'b14d265b293dd0e7e24df1c4513f7e11', 0, 149.00, 155.00, 0.00, 6.00, 0.00, 0.00, '2021-06-15', '6db9e08e4295925697af15059da4e995', '2021-07-07 05:17:20', '6db9e08e4295925697af15059da4e995', '0000-00-00 00:00:00', '', '0000-00-00 00:00:00', b'1'),
('99eba85550d8b43c752fa5a22b08add0', 'baa661154ee9582abf982570b201298e', '0de734fc74e4766ee8f55d35afc6bbb4', 'b14d265b293dd0e7e24df1c4513f7e11', 2, 240.00, 245.00, 0.00, 5.00, -39.19, 3.00, NULL, '6db9e08e4295925697af15059da4e995', '2021-07-27 16:39:27', '', '0000-00-00 00:00:00', '', '0000-00-00 00:00:00', b'1'),
('9bf249c03a5419b329403fd1d6e953b0', 'd583ed2bf0381b082922ec1b7f6abf70', 'fbc7021c7734194ad2e10a4a9cd32314', '37f1413b88d8f7adb0790c326b6f84b3', 4, 795.00, 800.00, 25.00, 5.00, 0.00, 0.00, '2021-06-15', '6db9e08e4295925697af15059da4e995', '2021-07-20 01:30:02', 'fac9173ebc681c18e432158195adb3b4', '0000-00-00 00:00:00', '', '0000-00-00 00:00:00', b'1'),
('9e3fa4736a750f3476b9ef4d93f9d580', '1be3842ece0b6fbab575bc32ea7737f5', '5699a2f79de0f9f1935a6a02ededbc65', 'b14d265b293dd0e7e24df1c4513f7e11', 47, 110.00, 115.00, 0.00, 5.00, -99.82, 1.50, NULL, '6db9e08e4295925697af15059da4e995', '2021-09-01 14:06:43', '6db9e08e4295925697af15059da4e995', '0000-00-00 00:00:00', '', '0000-00-00 00:00:00', b'1'),
('9eedee565d65ddf18381ad09e942e7a5', 'baa661154ee9582abf982570b201298e', 'ee8aaf2166747dcf1a3cf93287e94010', 'b14d265b293dd0e7e24df1c4513f7e11', 125, 180.00, 225.00, 6.08, 45.00, 70.00, 2.50, '1969-12-31', 'c4ca4238a0b923820dcc509a6f75849b', '2021-07-04 13:51:19', '', '0000-00-00 00:00:00', '6db9e08e4295925697af15059da4e995', '2021-07-04 07:51:19', b'0'),
('9fb7de539f1b5f10604deeccc9d18785', '1be3842ece0b6fbab575bc32ea7737f5', '26e6566d8847bdeae62487c1b2a6bef5', 'b14d265b293dd0e7e24df1c4513f7e11', 17, 113.00, 117.00, 1564.00, 4.00, -39.72, 1.50, NULL, '6db9e08e4295925697af15059da4e995', '2021-07-26 22:07:05', 'fac9173ebc681c18e432158195adb3b4', '0000-00-00 00:00:00', '6db9e08e4295925697af15059da4e995', '2021-07-26 16:07:05', b'0'),
('a2c34943e3b998275ccc3b1a07c92072', 'baa661154ee9582abf982570b201298e', '816ee7fa520e222c32e7b6863defd370', 'b14d265b293dd0e7e24df1c4513f7e11', -4, 240.00, 245.00, 0.00, 5.00, 81.00, 3.00, NULL, 'fac9173ebc681c18e432158195adb3b4', '2021-07-07 05:23:36', '', '0000-00-00 00:00:00', '6db9e08e4295925697af15059da4e995', '2021-07-06 23:23:36', b'0'),
('a498d764c92ddab56f5a7f06bc438d75', 'baa661154ee9582abf982570b201298e', 'cd7061b96595b208813ed8da742eac4e', 'b14d265b293dd0e7e24df1c4513f7e11', 4, 240.00, 245.00, 20.00, 5.00, 0.00, 0.00, NULL, '6db9e08e4295925697af15059da4e995', '2021-07-07 05:27:22', '', '0000-00-00 00:00:00', '6db9e08e4295925697af15059da4e995', '2021-07-06 23:27:22', b'0'),
('a55f7175a8be8e4d203396b232b4f3ed', '1be3842ece0b6fbab575bc32ea7737f5', '2604b026f292e1c71f048e279cc1e9d3', 'b14d265b293dd0e7e24df1c4513f7e11', 83, 205.00, 215.00, 294.00, 10.00, 0.00, 0.00, NULL, 'fac9173ebc681c18e432158195adb3b4', '2021-08-06 23:33:52', '6db9e08e4295925697af15059da4e995', '0000-00-00 00:00:00', '', '0000-00-00 00:00:00', b'1'),
('a64fcb70ad86527400b411c53bebdf36', 'baa661154ee9582abf982570b201298e', '5f8df025fe3c156d9ba20ec3d87ddb6d', 'b14d265b293dd0e7e24df1c4513f7e11', 0, 146.00, 155.00, 0.00, 9.00, 0.00, 0.00, '2021-06-15', '6db9e08e4295925697af15059da4e995', '2021-07-07 05:57:48', '6db9e08e4295925697af15059da4e995', '0000-00-00 00:00:00', '', '0000-00-00 00:00:00', b'1'),
('a7b001b6a52cf70ae3173db9c16d9ea6', 'baa661154ee9582abf982570b201298e', 'aadaf2a8d94910303379f27062699c87', 'b14d265b293dd0e7e24df1c4513f7e11', 0, 145.00, 150.00, 0.00, 5.00, 0.00, 0.00, '2021-06-15', '6db9e08e4295925697af15059da4e995', '2021-07-07 05:59:29', '6db9e08e4295925697af15059da4e995', '0000-00-00 00:00:00', '', '0000-00-00 00:00:00', b'1'),
('a7e87a89acd5cda116bd1074c464f023', 'd583ed2bf0381b082922ec1b7f6abf70', '22687cc4300d5ed56df6453ab930d44c', '9daf33f726a1a305ad86d9dc467d3e33', 27, 20.00, 25.00, 150.00, 5.00, 0.00, 0.00, '2021-06-15', '6db9e08e4295925697af15059da4e995', '2021-08-04 14:07:25', '6db9e08e4295925697af15059da4e995', '0000-00-00 00:00:00', '', '0000-00-00 00:00:00', b'1'),
('a9699285fb77dc60588e29e9cb842e5b', 'baa661154ee9582abf982570b201298e', 'd30da45f5933bf9e7082c58964ef8d48', 'b14d265b293dd0e7e24df1c4513f7e11', 0, 140.00, 150.00, 30.00, 10.00, 0.00, 0.00, '2021-06-15', '6db9e08e4295925697af15059da4e995', '2021-08-02 00:14:48', 'fac9173ebc681c18e432158195adb3b4', '0000-00-00 00:00:00', '', '0000-00-00 00:00:00', b'1'),
('abd8db1b304e53291d706298c31383dd', 'baa661154ee9582abf982570b201298e', 'b7fac015f4df558add8f09f6ed0bcdcf', 'b14d265b293dd0e7e24df1c4513f7e11', 7, 445.00, 450.00, 35.00, 5.00, 0.49, 5.00, NULL, 'fac9173ebc681c18e432158195adb3b4', '2021-07-26 22:21:50', '', '0000-00-00 00:00:00', '6db9e08e4295925697af15059da4e995', '2021-07-26 16:21:50', b'0'),
('acfa47c7db1031e2bef3600076c1cf00', 'baa661154ee9582abf982570b201298e', '99c81349fc11e2cf2ed9e71e3bfd07f7', 'b14d265b293dd0e7e24df1c4513f7e11', 6, 240.00, 245.00, 30.00, 5.00, -76.44, 3.00, NULL, '6db9e08e4295925697af15059da4e995', '2021-07-26 22:15:33', '6db9e08e4295925697af15059da4e995', '0000-00-00 00:00:00', '6db9e08e4295925697af15059da4e995', '2021-07-26 16:15:33', b'0'),
('ad82c39e43985e6d1f723e023d56e952', '1be3842ece0b6fbab575bc32ea7737f5', '5e3856afebc147d1a174ebfbb59e82fa', '2d5a06d564dc87d865db2a502c7fe43b', 0, 0.00, 0.00, 0.00, 0.00, 28.00, 1.50, NULL, '6db9e08e4295925697af15059da4e995', '2021-07-07 05:39:30', '', '0000-00-00 00:00:00', '6db9e08e4295925697af15059da4e995', '2021-07-06 23:39:30', b'0'),
('aeb81824e1fd00f4c7d5a73ec7d9b73b', '1be3842ece0b6fbab575bc32ea7737f5', '8fd0c3ba6c8b0e7280855a9bc4289f43', 'b14d265b293dd0e7e24df1c4513f7e11', 56, 205.00, 217.00, 1104.00, 12.00, 0.00, 0.00, '2021-06-15', '6db9e08e4295925697af15059da4e995', '2021-08-21 15:12:43', '6db9e08e4295925697af15059da4e995', '0000-00-00 00:00:00', '', '0000-00-00 00:00:00', b'1'),
('b0b8495df420874d99d23e187171b759', 'baa661154ee9582abf982570b201298e', '9fc21aa42ea2042018f2f6bcdf4b95e3', 'b14d265b293dd0e7e24df1c4513f7e11', 9, 155.00, 160.00, 70.00, 5.00, 0.00, 0.00, '2021-06-15', '6db9e08e4295925697af15059da4e995', '2021-08-02 22:54:19', '6db9e08e4295925697af15059da4e995', '0000-00-00 00:00:00', '', '0000-00-00 00:00:00', b'1'),
('b20eace895d79d4ca2da5c0c8ea907b6', 'd583ed2bf0381b082922ec1b7f6abf70', '49315777eca0ab4fb7d6a46951e40d62', '434bc1ec37deb904edae7942b10cc350', 1, 10.00, 12.00, 10.00, 2.00, 0.00, 0.00, '2021-06-15', '6db9e08e4295925697af15059da4e995', '2021-08-05 21:22:06', 'fac9173ebc681c18e432158195adb3b4', '0000-00-00 00:00:00', '', '0000-00-00 00:00:00', b'1'),
('b321575f90e96e8753ef9ef790432220', 'baa661154ee9582abf982570b201298e', '8c756ab7b931e89d81375fc56de44e9f', 'b14d265b293dd0e7e24df1c4513f7e11', 123, 180.00, 225.00, 6.08, 45.00, 0.00, 1.00, '1969-12-31', 'c4ca4238a0b923820dcc509a6f75849b', '2021-07-04 13:51:09', '', '0000-00-00 00:00:00', '6db9e08e4295925697af15059da4e995', '2021-07-04 07:51:09', b'0'),
('b8786a5cead7fd0ddf606cfc76462d69', '1be3842ece0b6fbab575bc32ea7737f5', '66bd8bca970ce2d3b6c539dff128d007', '2d5a06d564dc87d865db2a502c7fe43b', 0, 0.00, 0.00, 0.00, 0.00, 41.00, 2.50, NULL, '6db9e08e4295925697af15059da4e995', '2021-07-07 05:36:47', '', '0000-00-00 00:00:00', '6db9e08e4295925697af15059da4e995', '2021-07-06 23:36:47', b'0'),
('bed91f4c68d112db6f433626af8339b9', 'd583ed2bf0381b082922ec1b7f6abf70', '75d30f3d14b99b850cff0f163b253726', '434bc1ec37deb904edae7942b10cc350', 2, 45.00, 50.00, 10.00, 5.00, 0.00, 0.00, NULL, 'fac9173ebc681c18e432158195adb3b4', '2021-07-19 22:00:13', '', '0000-00-00 00:00:00', '', '0000-00-00 00:00:00', b'1'),
('c0408bcadaf025d7a52a41e9cfe3cfcd', 'fb85aee11e7190e586d2422f24a604e6', 'd7578c13b1ac91dc2d1379821f9e4fb1', '208e489af92d56a877e47e5db1760a97', 717, 66.00, 80.00, 7232.00, 14.00, 0.00, 0.00, '2021-06-15', '6db9e08e4295925697af15059da4e995', '2021-09-01 21:32:07', '6db9e08e4295925697af15059da4e995', '0000-00-00 00:00:00', '', '0000-00-00 00:00:00', b'1'),
('c0cf452851fb758d3554be4524fda6fb', 'baa661154ee9582abf982570b201298e', 'a256a3033fef93cacec736a30c40eda1', 'b14d265b293dd0e7e24df1c4513f7e11', 1, 240.00, 245.00, 0.00, 5.00, 0.00, 0.00, '2021-06-15', '6db9e08e4295925697af15059da4e995', '2021-07-05 00:57:32', '', '0000-00-00 00:00:00', 'fac9173ebc681c18e432158195adb3b4', '2021-07-04 18:57:32', b'0'),
('c3005b4f2110defc5ba29803c00f98e0', '1be3842ece0b6fbab575bc32ea7737f5', '988379814fdbbe13e4c1c18f78a8c7b0', 'b14d265b293dd0e7e24df1c4513f7e11', 80, 210.00, 216.00, 0.00, 6.00, 68.00, 2.50, NULL, 'fac9173ebc681c18e432158195adb3b4', '2021-07-07 05:14:35', '', '0000-00-00 00:00:00', '6db9e08e4295925697af15059da4e995', '2021-07-06 23:14:35', b'0'),
('c50979c6e7833605e4fc75af28bfe188', 'fb85aee11e7190e586d2422f24a604e6', 'f39504e1768f6205c43f135a0e9e8b55', '208e489af92d56a877e47e5db1760a97', 127, 52.00, 60.00, 1560.00, 8.00, 0.00, 0.00, '2021-06-15', '6db9e08e4295925697af15059da4e995', '2021-09-01 21:32:07', '6db9e08e4295925697af15059da4e995', '0000-00-00 00:00:00', '', '0000-00-00 00:00:00', b'1'),
('c9cf7d2f39121486237f3f25e90a2ef6', 'fb85aee11e7190e586d2422f24a604e6', 'e42b5938a9f505fc3733d5d1f4d86b75', '208e489af92d56a877e47e5db1760a97', 21, 63.00, 70.00, 1379.00, 7.00, 0.00, 0.00, '2021-06-15', '6db9e08e4295925697af15059da4e995', '2021-09-01 21:32:07', '6db9e08e4295925697af15059da4e995', '0000-00-00 00:00:00', '', '0000-00-00 00:00:00', b'1'),
('ca627acf9e418769572be95b95ccb5af', 'fb85aee11e7190e586d2422f24a604e6', 'e27a1cdfcec5e74a56cfa4d00907cf2c', 'ae7623aaf5149513ab5bb76254a46ee5', 25, 45.00, 50.00, 165.00, 5.00, 0.00, 0.00, NULL, 'fac9173ebc681c18e432158195adb3b4', '2021-07-26 22:50:04', 'fac9173ebc681c18e432158195adb3b4', '0000-00-00 00:00:00', '', '0000-00-00 00:00:00', b'1'),
('ccac00ef9bd9ba2005e3640a7b060e69', 'baa661154ee9582abf982570b201298e', 'e2509bfb848a6568a764ae9b42273a9a', 'b14d265b293dd0e7e24df1c4513f7e11', 0, 240.00, 245.00, 0.00, 5.00, -2.34, 3.00, NULL, '6db9e08e4295925697af15059da4e995', '2021-07-31 23:31:32', '', '0000-00-00 00:00:00', '', '0000-00-00 00:00:00', b'1'),
('cd11d826e60e9c3d6ff671971eda2c83', 'baa661154ee9582abf982570b201298e', '07afd18bf9982ad2d05a324b853ff457', 'b14d265b293dd0e7e24df1c4513f7e11', 264, 0.00, 0.00, 0.00, 0.00, -11.04, 6.00, NULL, '6db9e08e4295925697af15059da4e995', '2021-08-05 21:22:06', '', '0000-00-00 00:00:00', '', '0000-00-00 00:00:00', b'1'),
('cd374850256ff25dc8320f898d43570c', 'baa661154ee9582abf982570b201298e', '865b72ef81b656273c686d1443ffd707', 'b14d265b293dd0e7e24df1c4513f7e11', 1, 390.00, 400.00, 0.00, 10.00, 0.00, 0.00, '2021-06-15', '6db9e08e4295925697af15059da4e995', '2021-07-05 01:10:13', '', '0000-00-00 00:00:00', 'fac9173ebc681c18e432158195adb3b4', '2021-07-04 19:10:13', b'0'),
('cdc82629dea6f8ccd1f077132dd65b71', 'baa661154ee9582abf982570b201298e', 'eaa73d829fd28bfeac958e0050f5b839', 'b14d265b293dd0e7e24df1c4513f7e11', 13, 148.00, 160.00, 324.00, 12.00, 0.00, 0.00, NULL, '6db9e08e4295925697af15059da4e995', '2021-08-07 15:25:13', '6db9e08e4295925697af15059da4e995', '0000-00-00 00:00:00', '', '0000-00-00 00:00:00', b'1'),
('d2453d08dae088069275472a6557997a', 'd583ed2bf0381b082922ec1b7f6abf70', '5014cb4d03f2e3e1fb1cc726f9116f3e', '961d26ccde1ec19757a2869481fa9c7d', 0, 40.00, 45.00, 0.00, 5.00, 0.00, 0.00, '2021-06-15', '6db9e08e4295925697af15059da4e995', '2021-07-26 22:03:24', '6db9e08e4295925697af15059da4e995', '0000-00-00 00:00:00', '', '0000-00-00 00:00:00', b'1'),
('d2a9a470dfe51b309e0adbf8ef5827f9', '1be3842ece0b6fbab575bc32ea7737f5', 'a67b03b27e99c47e07fb77f422c916af', 'b14d265b293dd0e7e24df1c4513f7e11', 490, 114.00, 117.00, 0.00, 3.00, 28.00, 1.50, NULL, 'fac9173ebc681c18e432158195adb3b4', '2021-07-07 05:16:02', '', '0000-00-00 00:00:00', '6db9e08e4295925697af15059da4e995', '2021-07-06 23:16:02', b'0'),
('d47847d0e3b8387440ed9fc179008cdc', 'baa661154ee9582abf982570b201298e', 'ad332fc52ce372a82564a70e6770b64c', '634a58b9ad629c0b07c2aa78104c713d', 35, 70.00, 75.00, 175.00, 5.00, 0.00, 0.00, NULL, '6db9e08e4295925697af15059da4e995', '2021-07-07 05:52:07', '6db9e08e4295925697af15059da4e995', '0000-00-00 00:00:00', '6db9e08e4295925697af15059da4e995', '2021-07-06 23:52:07', b'0'),
('d5a862867644cfe7c2ce24eb1ee45d29', '1be3842ece0b6fbab575bc32ea7737f5', '2d193486b66012bc87df5856871c9301', 'b14d265b293dd0e7e24df1c4513f7e11', 23, 205.00, 213.00, 0.00, 8.00, 0.00, 0.00, NULL, 'fac9173ebc681c18e432158195adb3b4', '2021-08-13 12:57:13', '', '0000-00-00 00:00:00', '', '0000-00-00 00:00:00', b'1'),
('d7629a2ee1844a500391f7f42b3a88fc', 'baa661154ee9582abf982570b201298e', '4be27f694c872972dce6813f3d30498a', 'b14d265b293dd0e7e24df1c4513f7e11', 20, 135.00, 140.00, 180.00, 5.00, 0.00, 0.00, '2021-06-15', '6db9e08e4295925697af15059da4e995', '2021-08-19 14:05:48', '6db9e08e4295925697af15059da4e995', '0000-00-00 00:00:00', '', '0000-00-00 00:00:00', b'1'),
('d788d65fe312c53b35ac6f2a43c88397', 'baa661154ee9582abf982570b201298e', 'd5e3c3ca2fa1af39e184906818d7dab0', 'b14d265b293dd0e7e24df1c4513f7e11', 9, 213.00, 218.00, 45.00, 5.00, 27.00, 2.50, NULL, 'fac9173ebc681c18e432158195adb3b4', '2021-07-26 22:18:02', '6db9e08e4295925697af15059da4e995', '0000-00-00 00:00:00', '6db9e08e4295925697af15059da4e995', '2021-07-26 16:18:02', b'0'),
('db4c0ec949b26817a13794b02d68a1c0', 'fb85aee11e7190e586d2422f24a604e6', '532cc0b3709ba52694d3694272370552', 'ae7623aaf5149513ab5bb76254a46ee5', 30, 29.00, 30.00, 40.00, 1.00, 0.00, 0.00, '2021-06-15', '6db9e08e4295925697af15059da4e995', '2021-07-30 23:19:29', 'fac9173ebc681c18e432158195adb3b4', '0000-00-00 00:00:00', '', '0000-00-00 00:00:00', b'1'),
('dc03aa375cf1e45ecb0c7d306f9a4782', 'fb85aee11e7190e586d2422f24a604e6', '697feb8c33e404bbd02a693a44afbc2a', '961d26ccde1ec19757a2869481fa9c7d', 149, 160.00, 182.00, 2.27, 22.00, 0.00, 0.00, '2021-08-13', 'c4ca4238a0b923820dcc509a6f75849b', '2021-07-04 13:51:30', 'c4ca4238a0b923820dcc509a6f75849b', '0000-00-00 00:00:00', '6db9e08e4295925697af15059da4e995', '2021-07-04 07:51:30', b'0'),
('e1ad1cc705002a643e51e8c2dcafe35f', 'baa661154ee9582abf982570b201298e', 'df9466b5ce80645800085a22eabe89c3', 'b14d265b293dd0e7e24df1c4513f7e11', 1, 215.00, 220.00, 55.00, 5.00, 0.00, 0.00, '2021-06-15', '6db9e08e4295925697af15059da4e995', '2021-08-04 23:38:32', '6db9e08e4295925697af15059da4e995', '0000-00-00 00:00:00', '', '0000-00-00 00:00:00', b'1'),
('e232f1c72ef77568fd39cb8cef61034f', '1be3842ece0b6fbab575bc32ea7737f5', '6a372477d319eee5b2a5f5e6ca1e73b5', 'b14d265b293dd0e7e24df1c4513f7e11', 65, 210.00, 216.00, 0.00, 6.00, 0.00, 0.00, NULL, '6db9e08e4295925697af15059da4e995', '2021-07-07 05:38:30', '', '0000-00-00 00:00:00', '6db9e08e4295925697af15059da4e995', '2021-07-06 23:38:30', b'0'),
('e3e74a0679799e59a6b475a5f364962b', '1be3842ece0b6fbab575bc32ea7737f5', '36a5e3eff091084750b0824d53aca151', 'b14d265b293dd0e7e24df1c4513f7e11', 404, 205.00, 210.00, 2465.00, 5.00, -9.59, 2.50, NULL, '6db9e08e4295925697af15059da4e995', '2021-07-26 22:05:16', 'fac9173ebc681c18e432158195adb3b4', '0000-00-00 00:00:00', '6db9e08e4295925697af15059da4e995', '2021-07-26 16:05:16', b'0'),
('e46f48b360d88231427869ec1334c600', 'fb85aee11e7190e586d2422f24a604e6', '9969f7a5c6032acbfc8d6631b04b4941', 'ae7623aaf5149513ab5bb76254a46ee5', 12, 18.00, 20.00, 42.00, 2.00, 0.00, 0.00, '2021-06-15', '6db9e08e4295925697af15059da4e995', '2021-08-05 21:22:06', '6db9e08e4295925697af15059da4e995', '0000-00-00 00:00:00', '', '0000-00-00 00:00:00', b'1'),
('e4e90d3c236a4d511ddecb4c5df28566', 'd583ed2bf0381b082922ec1b7f6abf70', '1cc5d5ce068bfd271841f19a638c5743', '30c865844259683b92811bcfc143b9fb', 4, 85.00, 90.00, 25.00, 5.00, 0.00, 0.00, NULL, 'fac9173ebc681c18e432158195adb3b4', '2021-07-20 16:01:05', '', '0000-00-00 00:00:00', '', '0000-00-00 00:00:00', b'1'),
('e7084ffb7cd5e36e6889ffce0e3331d0', 'fb85aee11e7190e586d2422f24a604e6', '22b7c3e00f1c4be3db35d60b5260534b', 'ae7623aaf5149513ab5bb76254a46ee5', 20, 23.00, 25.00, 40.00, 2.00, 0.00, 0.00, NULL, 'c4ca4238a0b923820dcc509a6f75849b', '2021-08-01 16:35:17', '6db9e08e4295925697af15059da4e995', '0000-00-00 00:00:00', '', '0000-00-00 00:00:00', b'1'),
('e79de15ca5975c44761f68bac68e8326', 'd583ed2bf0381b082922ec1b7f6abf70', 'c41d60c37e10f3e5bcf64e0852d23dc9', 'd940b157a75b8172b4ec6f6445975973', 2, 45.00, 50.00, 10.00, 5.00, 0.00, 0.00, '2021-06-15', '6db9e08e4295925697af15059da4e995', '2021-07-19 21:59:39', 'fac9173ebc681c18e432158195adb3b4', '0000-00-00 00:00:00', 'fac9173ebc681c18e432158195adb3b4', '2021-07-19 15:59:39', b'0'),
('e88da6bcb231488a3545482930b94f0e', 'baa661154ee9582abf982570b201298e', '4f59ed83ee40d90da81263b3ee03c7c2', 'b14d265b293dd0e7e24df1c4513f7e11', 2, 240.00, 245.00, 0.00, 5.00, 61.00, 3.00, NULL, 'fac9173ebc681c18e432158195adb3b4', '2021-07-07 05:42:03', '', '0000-00-00 00:00:00', '6db9e08e4295925697af15059da4e995', '2021-07-06 23:42:03', b'0'),
('ef4e6ea6d67463fc8a197e704740a8e4', 'd583ed2bf0381b082922ec1b7f6abf70', '13ac0d0c18fc0f835738709fee97782e', '961d26ccde1ec19757a2869481fa9c7d', 2, 115.00, 120.00, 10.00, 5.00, 0.00, 0.00, '2021-06-15', '6db9e08e4295925697af15059da4e995', '2021-07-05 00:32:04', 'fac9173ebc681c18e432158195adb3b4', '0000-00-00 00:00:00', '', '0000-00-00 00:00:00', b'1'),
('f03b8d567a727a8df0348f659f45d836', 'fb85aee11e7190e586d2422f24a604e6', '9ba592041ff36687d2317fba8d844cb6', 'ae7623aaf5149513ab5bb76254a46ee5', 1, 25.00, 30.00, 25.00, 5.00, 0.00, 0.00, '2021-06-15', '6db9e08e4295925697af15059da4e995', '2021-09-01 21:32:07', '6db9e08e4295925697af15059da4e995', '0000-00-00 00:00:00', '', '0000-00-00 00:00:00', b'1'),
('f09180f02364cd7fa2cbbb0f72c25ff4', 'baa661154ee9582abf982570b201298e', '4ba8477673d917d5fa8660a40025222b', 'b14d265b293dd0e7e24df1c4513f7e11', 1, 220.00, 225.00, 5.00, 5.00, -120.90, 2.50, NULL, '6db9e08e4295925697af15059da4e995', '2021-07-26 22:17:07', 'fac9173ebc681c18e432158195adb3b4', '0000-00-00 00:00:00', '6db9e08e4295925697af15059da4e995', '2021-07-26 16:17:07', b'0'),
('f231aa648d87e3ec41d873beedaf4f0c', 'baa661154ee9582abf982570b201298e', 'd8c6e93517459f22f94e0b11f7bf04bd', '9eb169f586f43bd40b330e7354446ed4', 29, 13.00, 15.00, 64.00, 2.00, 0.00, 0.00, NULL, '6db9e08e4295925697af15059da4e995', '2021-08-06 23:33:52', 'fac9173ebc681c18e432158195adb3b4', '0000-00-00 00:00:00', '', '0000-00-00 00:00:00', b'1');
INSERT INTO `inventario` (`codigo_inventario`, `codigo_categoria`, `codigo_producto`, `codigo_presentacion`, `stock`, `precio_compra`, `precio_venta`, `u_lote`, `utilidad`, `stock_libras`, `precio_libras`, `vencimiento`, `u_registro`, `f_registro`, `u_actualizacion`, `f_actualizacion`, `u_eliminacion`, `f_eliminacion`, `estado`) VALUES
('f2cc7d818d594e7a9b46617ea6f34a23', 'd583ed2bf0381b082922ec1b7f6abf70', '9e4c3763be487aebfcfdd2a06e49d0d4', '961d26ccde1ec19757a2869481fa9c7d', 2, 135.00, 140.00, 10.00, 5.00, 0.00, 0.00, '2021-06-15', '6db9e08e4295925697af15059da4e995', '2021-07-05 00:30:16', 'fac9173ebc681c18e432158195adb3b4', '0000-00-00 00:00:00', '', '0000-00-00 00:00:00', b'1'),
('f604c46ff72632b025e3466d3b64b8f0', 'baa661154ee9582abf982570b201298e', '90f38713822e915b2ded1438720333fc', 'b14d265b293dd0e7e24df1c4513f7e11', 8, 240.00, 245.00, 15.00, 5.00, -67.34, 3.00, NULL, '6db9e08e4295925697af15059da4e995', '2021-08-05 21:22:06', '', '0000-00-00 00:00:00', '', '0000-00-00 00:00:00', b'1'),
('f80c46543d38d9b3613e0b9aedff98a5', 'd583ed2bf0381b082922ec1b7f6abf70', '45bcfe730c60521abe678863d3733a9b', '961d26ccde1ec19757a2869481fa9c7d', 10, 130.00, 135.00, 55.00, 5.00, 0.00, 0.00, '2021-06-15', '6db9e08e4295925697af15059da4e995', '2021-07-12 18:15:56', 'fac9173ebc681c18e432158195adb3b4', '0000-00-00 00:00:00', '', '0000-00-00 00:00:00', b'1'),
('f92a53d1f403d745a5d12fbd5c883035', 'baa661154ee9582abf982570b201298e', '6d90c30cc59e39d6b01ab70d49406830', '634a58b9ad629c0b07c2aa78104c713d', 8, 70.00, 75.00, 105.00, 5.00, 0.00, 0.00, NULL, '6db9e08e4295925697af15059da4e995', '2021-08-07 15:25:13', 'fac9173ebc681c18e432158195adb3b4', '0000-00-00 00:00:00', '', '0000-00-00 00:00:00', b'1'),
('f96b593a455a4c4a60ba9dee64091f35', 'baa661154ee9582abf982570b201298e', '43eff83b2a44ee4789447fda61dc419e', 'b14d265b293dd0e7e24df1c4513f7e11', 1, 390.00, 400.00, 0.00, 10.00, 0.00, 0.00, '2021-06-15', '6db9e08e4295925697af15059da4e995', '2021-07-05 01:10:06', '', '0000-00-00 00:00:00', 'fac9173ebc681c18e432158195adb3b4', '2021-07-04 19:10:06', b'0'),
('fab79733c62878acdd2e07958ffa1092', 'baa661154ee9582abf982570b201298e', '64e042fd8ce9bda19a79877f1498b0f0', 'b14d265b293dd0e7e24df1c4513f7e11', 1, 218.00, 223.00, 0.00, 5.00, 0.00, 0.00, '2021-06-15', '6db9e08e4295925697af15059da4e995', '2021-07-05 01:17:45', '', '0000-00-00 00:00:00', 'fac9173ebc681c18e432158195adb3b4', '2021-07-04 19:17:45', b'0'),
('fbaa20387cec1f7df860444839c9cb8f', '1be3842ece0b6fbab575bc32ea7737f5', '791e8a53dd8ea8fa7b30522bd5492e1f', '2d5a06d564dc87d865db2a502c7fe43b', 0, 0.00, 0.00, 0.00, 0.00, 68.00, 2.50, NULL, '6db9e08e4295925697af15059da4e995', '2021-07-07 05:38:25', '', '0000-00-00 00:00:00', '6db9e08e4295925697af15059da4e995', '2021-07-06 23:38:25', b'0'),
('fc5e9e862886a0cee5ce026f35304770', 'baa661154ee9582abf982570b201298e', '18c7e2e186a7691e15771292ed31f873', 'b14d265b293dd0e7e24df1c4513f7e11', 0, 160.00, 165.00, 5.00, 5.00, 0.00, 0.00, '2021-06-15', '6db9e08e4295925697af15059da4e995', '2021-07-20 01:30:02', 'fac9173ebc681c18e432158195adb3b4', '0000-00-00 00:00:00', '', '0000-00-00 00:00:00', b'1'),
('fef25c07910b45b44c0617e05c2fd480', 'd583ed2bf0381b082922ec1b7f6abf70', '6486d0d7302a353d25feb2a1d569c55f', '961d26ccde1ec19757a2869481fa9c7d', 6, 60.00, 65.00, 30.00, 5.00, 0.00, 0.00, '2021-06-15', '6db9e08e4295925697af15059da4e995', '2021-07-05 00:29:25', 'fac9173ebc681c18e432158195adb3b4', '0000-00-00 00:00:00', '', '0000-00-00 00:00:00', b'1'),
('ffc526fedc8bb5e123f147c4f9315ecb', 'd583ed2bf0381b082922ec1b7f6abf70', 'df3cbf191e1763939617de8d0ecce8cf', '961d26ccde1ec19757a2869481fa9c7d', 0, 45.00, 50.00, 10.00, 5.00, 0.00, 0.00, '2021-06-15', '6db9e08e4295925697af15059da4e995', '2021-08-07 16:45:26', '6db9e08e4295925697af15059da4e995', '0000-00-00 00:00:00', '', '0000-00-00 00:00:00', b'1');

-- --------------------------------------------------------

--
-- Estructura de tabla para la tabla `presentacion`
--

CREATE TABLE `presentacion` (
  `codigo_presentacion` varchar(50) NOT NULL,
  `presentacion` varchar(50) NOT NULL,
  `libras` varchar(50) DEFAULT NULL,
  `descripcion` varchar(50) NOT NULL,
  `u_registro` varchar(50) NOT NULL,
  `f_registro` timestamp NOT NULL DEFAULT current_timestamp() ON UPDATE current_timestamp(),
  `u_actualizacion` varchar(50) NOT NULL,
  `f_actualizacion` datetime NOT NULL,
  `u_eliminacion` varchar(50) NOT NULL,
  `f_eliminacion` datetime NOT NULL,
  `estado` bit(1) NOT NULL DEFAULT b'1'
) ENGINE=InnoDB DEFAULT CHARSET=utf8mb4;

--
-- Volcado de datos para la tabla `presentacion`
--

INSERT INTO `presentacion` (`codigo_presentacion`, `presentacion`, `libras`, `descripcion`, `u_registro`, `f_registro`, `u_actualizacion`, `f_actualizacion`, `u_eliminacion`, `f_eliminacion`, `estado`) VALUES
('208e489af92d56a877e47e5db1760a97', 'CAJA', '1', '', '6db9e08e4295925697af15059da4e995', '2021-06-13 17:58:41', '', '0000-00-00 00:00:00', '', '0000-00-00 00:00:00', b'1'),
('2d5a06d564dc87d865db2a502c7fe43b', 'LIBRA', '1', '', '6db9e08e4295925697af15059da4e995', '2021-06-13 17:19:26', '', '0000-00-00 00:00:00', '', '0000-00-00 00:00:00', b'1'),
('30c865844259683b92811bcfc143b9fb', 'GALON', '1', '', '6db9e08e4295925697af15059da4e995', '2021-06-13 17:19:06', '', '0000-00-00 00:00:00', '', '0000-00-00 00:00:00', b'1'),
('37f1413b88d8f7adb0790c326b6f84b3', 'CANEKA', '1', '', '6db9e08e4295925697af15059da4e995', '2021-06-13 17:19:18', '', '0000-00-00 00:00:00', '', '0000-00-00 00:00:00', b'1'),
('3b045b2565606a911856cdafb7003316', 'LIBRA ', '1', '', '6db9e08e4295925697af15059da4e995', '2021-07-07 05:31:07', '', '0000-00-00 00:00:00', '', '0000-00-00 00:00:00', b'1'),
('434bc1ec37deb904edae7942b10cc350', 'SOBRES', '1', '', '6db9e08e4295925697af15059da4e995', '2021-06-13 17:19:40', '', '0000-00-00 00:00:00', '', '0000-00-00 00:00:00', b'1'),
('51f6fa532022193ae53f4ab49e994f76', '1/2 LITRO', '1', '', '6db9e08e4295925697af15059da4e995', '2021-06-13 17:18:27', '', '0000-00-00 00:00:00', '', '0000-00-00 00:00:00', b'1'),
('634a58b9ad629c0b07c2aa78104c713d', '1/2 QUINTAL', '1', '', '6db9e08e4295925697af15059da4e995', '2021-06-13 17:33:19', '', '0000-00-00 00:00:00', '', '0000-00-00 00:00:00', b'1'),
('8bcc3be85c541bddc24d0ceffa1e7a46', '1/4 LITRO', '1', '', '6db9e08e4295925697af15059da4e995', '2021-06-13 17:18:35', '', '0000-00-00 00:00:00', '', '0000-00-00 00:00:00', b'1'),
('961d26ccde1ec19757a2869481fa9c7d', 'LITRO', '1', '', '6db9e08e4295925697af15059da4e995', '2021-06-13 17:18:08', '', '0000-00-00 00:00:00', '', '0000-00-00 00:00:00', b'1'),
('9daf33f726a1a305ad86d9dc467d3e33', 'KILO', '1', '', '6db9e08e4295925697af15059da4e995', '2021-06-13 17:18:55', '', '0000-00-00 00:00:00', '', '0000-00-00 00:00:00', b'1'),
('9eb169f586f43bd40b330e7354446ed4', 'BOLSITA ', '1', '', '6db9e08e4295925697af15059da4e995', '2021-07-07 06:04:37', '', '0000-00-00 00:00:00', '', '0000-00-00 00:00:00', b'1'),
('ae7623aaf5149513ab5bb76254a46ee5', 'PAQUETE', '1', '', '6db9e08e4295925697af15059da4e995', '2021-06-13 17:58:38', '', '0000-00-00 00:00:00', '', '0000-00-00 00:00:00', b'1'),
('b14d265b293dd0e7e24df1c4513f7e11', 'QUINTAL', '1', '', '6db9e08e4295925697af15059da4e995', '2021-06-13 17:32:57', '', '0000-00-00 00:00:00', '', '0000-00-00 00:00:00', b'1'),
('d940b157a75b8172b4ec6f6445975973', '1/8 LITRO', '1', '', '6db9e08e4295925697af15059da4e995', '2021-06-13 17:18:43', '', '0000-00-00 00:00:00', '', '0000-00-00 00:00:00', b'1'),
('dda842ec1e22fe61c39daba8e23cda3d', 'ARROBA', '1', '', '6db9e08e4295925697af15059da4e995', '2021-06-13 17:37:43', '', '0000-00-00 00:00:00', '', '0000-00-00 00:00:00', b'1'),
('dea5efc021825601d87c0371e72abf57', 'ARROBAS', '1', '', '6db9e08e4295925697af15059da4e995', '2021-06-13 17:33:03', '', '0000-00-00 00:00:00', '', '0000-00-00 00:00:00', b'1');

-- --------------------------------------------------------

--
-- Estructura de tabla para la tabla `producto`
--

CREATE TABLE `producto` (
  `codigo_producto` varchar(50) NOT NULL,
  `codigo_categoria` varchar(50) NOT NULL,
  `codigo_presentacion` varchar(50) NOT NULL,
  `codigo` varchar(50) NOT NULL,
  `producto` varchar(50) NOT NULL,
  `detalles` text DEFAULT NULL,
  `u_registro` varchar(50) NOT NULL,
  `f_registro` timestamp NOT NULL DEFAULT current_timestamp() ON UPDATE current_timestamp(),
  `u_actualizacion` varchar(50) NOT NULL,
  `f_actualizacion` datetime NOT NULL,
  `u_eliminacion` varchar(50) NOT NULL,
  `f_eliminacion` datetime NOT NULL,
  `estado` bit(1) NOT NULL DEFAULT b'1',
  `libra` bit(1) NOT NULL DEFAULT b'0'
) ENGINE=InnoDB DEFAULT CHARSET=utf8mb4;

--
-- Volcado de datos para la tabla `producto`
--

INSERT INTO `producto` (`codigo_producto`, `codigo_categoria`, `codigo_presentacion`, `codigo`, `producto`, `detalles`, `u_registro`, `f_registro`, `u_actualizacion`, `f_actualizacion`, `u_eliminacion`, `f_eliminacion`, `estado`, `libra`) VALUES
('07af1b08a9977f6054dc25c3fc091d48', 'baa661154ee9582abf982570b201298e', 'b14d265b293dd0e7e24df1c4513f7e11', 'PRS-EVFN', 'PALMISTE AVES', '', 'fac9173ebc681c18e432158195adb3b4', '2021-07-26 22:20:42', '', '0000-00-00 00:00:00', '6db9e08e4295925697af15059da4e995', '2021-07-26 16:20:42', b'0', b'0'),
('07afd18bf9982ad2d05a324b853ff457', 'baa661154ee9582abf982570b201298e', 'b14d265b293dd0e7e24df1c4513f7e11', 'PRS-NXMK', 'PALMISTE AVES', '', '6db9e08e4295925697af15059da4e995', '2021-07-26 22:24:37', '', '0000-00-00 00:00:00', '', '0000-00-00 00:00:00', b'1', b'0'),
('0a34d783492e9a8ee5372315167bf199', 'baa661154ee9582abf982570b201298e', 'b14d265b293dd0e7e24df1c4513f7e11', 'PRS-EBHG', 'MAIZ INDECA', '', '6db9e08e4295925697af15059da4e995', '2021-07-20 01:37:27', '', '0000-00-00 00:00:00', '', '0000-00-00 00:00:00', b'1', b'0'),
('0de734fc74e4766ee8f55d35afc6bbb4', 'baa661154ee9582abf982570b201298e', 'b14d265b293dd0e7e24df1c4513f7e11', 'PRS-SRYK', 'VITAENGORDE FIN', '', '6db9e08e4295925697af15059da4e995', '2021-07-26 22:16:04', '', '0000-00-00 00:00:00', '', '0000-00-00 00:00:00', b'1', b'0'),
('104ec356d90ab05af789e8d3b48c0011', '1be3842ece0b6fbab575bc32ea7737f5', 'b14d265b293dd0e7e24df1c4513f7e11', 'PRS-WIKI', '20-20-0 MAYAFERT', '', '6db9e08e4295925697af15059da4e995', '2021-07-07 05:12:39', '', '0000-00-00 00:00:00', '6db9e08e4295925697af15059da4e995', '2021-07-06 23:12:39', b'0', b'0'),
('10be43288f53e7fdaeee916a8c4e1979', 'baa661154ee9582abf982570b201298e', 'b14d265b293dd0e7e24df1c4513f7e11', 'PRS-PKEN', 'FONTANA PECES', 'POR LIBRA', '6db9e08e4295925697af15059da4e995', '2021-07-05 01:12:05', '', '0000-00-00 00:00:00', 'fac9173ebc681c18e432158195adb3b4', '2021-07-04 19:12:05', b'0', b'1'),
('139189a539b69123a0cc772165e49dd2', '1be3842ece0b6fbab575bc32ea7737f5', 'b14d265b293dd0e7e24df1c4513f7e11', 'PRS-EURC', 'SULFATO', '', '6db9e08e4295925697af15059da4e995', '2021-07-07 05:39:37', '', '0000-00-00 00:00:00', '6db9e08e4295925697af15059da4e995', '2021-07-06 23:39:37', b'0', b'0'),
('13ac0d0c18fc0f835738709fee97782e', 'd583ed2bf0381b082922ec1b7f6abf70', '961d26ccde1ec19757a2869481fa9c7d', 'PRS-VRGW', 'INDICADOR PLUS', '', '6db9e08e4295925697af15059da4e995', '2021-06-26 03:02:50', '', '0000-00-00 00:00:00', '', '0000-00-00 00:00:00', b'1', b'0'),
('15c0d0f968713bbf102ee0be564b709c', 'baa661154ee9582abf982570b201298e', 'b14d265b293dd0e7e24df1c4513f7e11', 'PRS-XZVD', 'VITAENGORDE INICIO', '', '6db9e08e4295925697af15059da4e995', '2021-07-19 22:38:27', '', '0000-00-00 00:00:00', 'fac9173ebc681c18e432158195adb3b4', '2021-07-19 16:38:27', b'0', b'0'),
('178cbb88fb31e407326b2706231e1040', 'baa661154ee9582abf982570b201298e', 'b14d265b293dd0e7e24df1c4513f7e11', 'PRS-BEIN', 'FINALIZADOR COMAYMA', '', '6db9e08e4295925697af15059da4e995', '2021-07-05 01:18:53', '', '0000-00-00 00:00:00', 'fac9173ebc681c18e432158195adb3b4', '2021-07-04 19:18:53', b'0', b'0'),
('18c7e2e186a7691e15771292ed31f873', 'baa661154ee9582abf982570b201298e', 'b14d265b293dd0e7e24df1c4513f7e11', 'PRS-CPDZ', 'GRANILLO MOLSA', '', '6db9e08e4295925697af15059da4e995', '2021-06-26 03:02:50', '', '0000-00-00 00:00:00', '', '0000-00-00 00:00:00', b'1', b'0'),
('18ea44856685650a6ab1bcd137345b37', 'd583ed2bf0381b082922ec1b7f6abf70', '961d26ccde1ec19757a2869481fa9c7d', 'PRS-DVRI', 'FORAFOS', '', '6db9e08e4295925697af15059da4e995', '2021-06-26 03:02:50', '', '0000-00-00 00:00:00', '', '0000-00-00 00:00:00', b'1', b'0'),
('1b452a24794ecabd0b0298df04ac6b7e', 'fb85aee11e7190e586d2422f24a604e6', '208e489af92d56a877e47e5db1760a97', 'PRS-BXDT', '2 LITROS', '', '6db9e08e4295925697af15059da4e995', '2021-06-26 03:02:50', '', '0000-00-00 00:00:00', '', '0000-00-00 00:00:00', b'1', b'0'),
('1be7b6562f10de738204a4bff0c06018', '1be3842ece0b6fbab575bc32ea7737f5', '961d26ccde1ec19757a2869481fa9c7d', 'PRS-KBJM', 'MAS CAFE CARGA NORDIC', '', '6db9e08e4295925697af15059da4e995', '2021-08-06 23:31:47', '', '0000-00-00 00:00:00', '', '0000-00-00 00:00:00', b'1', b'0'),
('1cc5d5ce068bfd271841f19a638c5743', 'd583ed2bf0381b082922ec1b7f6abf70', '30c865844259683b92811bcfc143b9fb', 'PRS-NNYS', 'THIMET GALON', '', 'fac9173ebc681c18e432158195adb3b4', '2021-07-05 00:43:21', '', '0000-00-00 00:00:00', '', '0000-00-00 00:00:00', b'1', b'0'),
('1cf900409b444cb2463df367bb3fd99c', 'd583ed2bf0381b082922ec1b7f6abf70', '961d26ccde1ec19757a2869481fa9c7d', 'PRS-VTWF', 'ALBURET PH', '', '6db9e08e4295925697af15059da4e995', '2021-06-26 03:02:50', '', '0000-00-00 00:00:00', '', '0000-00-00 00:00:00', b'1', b'0'),
('1e9094269a9a451422cb769c6d80b91b', 'baa661154ee9582abf982570b201298e', 'b14d265b293dd0e7e24df1c4513f7e11', 'PRS-TLEA', 'TOROCAMPEON', '', '6db9e08e4295925697af15059da4e995', '2021-06-26 03:02:50', '', '0000-00-00 00:00:00', '', '0000-00-00 00:00:00', b'1', b'0'),
('2223c27380ed1e4b6929d135eae87e6f', '1be3842ece0b6fbab575bc32ea7737f5', 'b14d265b293dd0e7e24df1c4513f7e11', 'PRS-QZBG', 'PRUEBA 2', '', 'c4ca4238a0b923820dcc509a6f75849b', '2021-06-26 05:17:52', '', '0000-00-00 00:00:00', 'c4ca4238a0b923820dcc509a6f75849b', '2021-06-25 23:17:52', b'0', b'0'),
('22687cc4300d5ed56df6453ab930d44c', 'd583ed2bf0381b082922ec1b7f6abf70', '9daf33f726a1a305ad86d9dc467d3e33', 'PRS-FVHS', 'TERBUFOS', '', '6db9e08e4295925697af15059da4e995', '2021-06-26 03:02:50', '', '0000-00-00 00:00:00', '', '0000-00-00 00:00:00', b'1', b'0'),
('22b7c3e00f1c4be3db35d60b5260534b', 'fb85aee11e7190e586d2422f24a604e6', 'ae7623aaf5149513ab5bb76254a46ee5', 'PRS-DOCS', 'AGUA PURA', '', 'c4ca4238a0b923820dcc509a6f75849b', '2021-07-05 00:09:43', '', '0000-00-00 00:00:00', '', '0000-00-00 00:00:00', b'1', b'0'),
('24c6d0e9cfd1ae282db6b16461fdc8e8', 'd583ed2bf0381b082922ec1b7f6abf70', '30c865844259683b92811bcfc143b9fb', 'PRS-OTUH', 'SUPERBAXONE', '', '6db9e08e4295925697af15059da4e995', '2021-06-26 03:02:50', '', '0000-00-00 00:00:00', '', '0000-00-00 00:00:00', b'1', b'0'),
('252c4319c52aef3140e5cfd009808e42', 'baa661154ee9582abf982570b201298e', '2d5a06d564dc87d865db2a502c7fe43b', 'PRS-GUHV', 'RUFO CACHORO ADULTO', '', 'fac9173ebc681c18e432158195adb3b4', '2021-07-07 06:00:07', '', '0000-00-00 00:00:00', '6db9e08e4295925697af15059da4e995', '2021-07-07 00:00:07', b'0', b'0'),
('259d2cfbd5bebf466863ff03c801e676', 'd583ed2bf0381b082922ec1b7f6abf70', '8bcc3be85c541bddc24d0ceffa1e7a46', 'PRS-BYSV', 'ATRAPA', '', '6db9e08e4295925697af15059da4e995', '2021-06-26 03:02:50', '', '0000-00-00 00:00:00', '', '0000-00-00 00:00:00', b'1', b'0'),
('2604b026f292e1c71f048e279cc1e9d3', '1be3842ece0b6fbab575bc32ea7737f5', 'b14d265b293dd0e7e24df1c4513f7e11', 'PRS-SLVQ', 'FERTICAFE', '', 'fac9173ebc681c18e432158195adb3b4', '2021-07-05 00:53:14', '', '0000-00-00 00:00:00', '', '0000-00-00 00:00:00', b'1', b'0'),
('26e6566d8847bdeae62487c1b2a6bef5', '1be3842ece0b6fbab575bc32ea7737f5', 'b14d265b293dd0e7e24df1c4513f7e11', 'PRS-LBJD', 'SULFATO', '', '6db9e08e4295925697af15059da4e995', '2021-07-26 22:07:05', '', '0000-00-00 00:00:00', '6db9e08e4295925697af15059da4e995', '2021-07-26 16:07:05', b'0', b'0'),
('26ea82cba4e0cfa6892a0e3c7fe35b15', 'd583ed2bf0381b082922ec1b7f6abf70', '961d26ccde1ec19757a2869481fa9c7d', 'PRS-YYHO', 'MAXIBOTS', '', '6db9e08e4295925697af15059da4e995', '2021-06-26 03:02:50', '', '0000-00-00 00:00:00', '', '0000-00-00 00:00:00', b'1', b'0'),
('290cb70a001962b41ff9454b95fd7da4', 'd583ed2bf0381b082922ec1b7f6abf70', '9daf33f726a1a305ad86d9dc467d3e33', 'PRS-ZATF', 'ZINC BORO', '', '6db9e08e4295925697af15059da4e995', '2021-06-26 03:02:50', '', '0000-00-00 00:00:00', '', '0000-00-00 00:00:00', b'1', b'0'),
('2b22d6f43e0249ff61c65b6ed6239df0', '1be3842ece0b6fbab575bc32ea7737f5', 'b14d265b293dd0e7e24df1c4513f7e11', 'PRS-LZOI', '20-20-0 MAYAFERT', '', '6db9e08e4295925697af15059da4e995', '2021-07-05 00:45:37', '', '0000-00-00 00:00:00', 'fac9173ebc681c18e432158195adb3b4', '2021-07-04 18:45:37', b'0', b'0'),
('2bee32cce13f96c15e7fb4da1dad90c0', 'baa661154ee9582abf982570b201298e', 'b14d265b293dd0e7e24df1c4513f7e11', 'PRS-ZNXW', 'GALLETA', '', '6db9e08e4295925697af15059da4e995', '2021-07-05 01:21:20', '', '0000-00-00 00:00:00', 'fac9173ebc681c18e432158195adb3b4', '2021-07-04 19:21:20', b'0', b'0'),
('2d193486b66012bc87df5856871c9301', '1be3842ece0b6fbab575bc32ea7737f5', 'b14d265b293dd0e7e24df1c4513f7e11', 'PRS-JULL', '20-20 PELICANO DISAGRO', '', 'fac9173ebc681c18e432158195adb3b4', '2021-07-05 00:54:00', '', '0000-00-00 00:00:00', '', '0000-00-00 00:00:00', b'1', b'0'),
('33b678e54aa9d52369452ee5719e4142', '1be3842ece0b6fbab575bc32ea7737f5', 'b14d265b293dd0e7e24df1c4513f7e11', 'PRS-UISH', 'NUTRICAFE I MAYAFERT', '', '6db9e08e4295925697af15059da4e995', '2021-06-26 03:02:50', '', '0000-00-00 00:00:00', '', '0000-00-00 00:00:00', b'1', b'0'),
('36a5e3eff091084750b0824d53aca151', '1be3842ece0b6fbab575bc32ea7737f5', 'b14d265b293dd0e7e24df1c4513f7e11', 'PRS-LXCO', '20-20-0 MAYAFERT', '', '6db9e08e4295925697af15059da4e995', '2021-07-26 22:05:16', '', '0000-00-00 00:00:00', '6db9e08e4295925697af15059da4e995', '2021-07-26 16:05:16', b'0', b'0'),
('389fbddb63f51afb8f7a50ef6df05e11', 'baa661154ee9582abf982570b201298e', '2d5a06d564dc87d865db2a502c7fe43b', 'PRS-LRPM', 'FONTANA 38 PECEZ ', '', '6db9e08e4295925697af15059da4e995', '2021-07-19 22:48:07', '', '0000-00-00 00:00:00', 'fac9173ebc681c18e432158195adb3b4', '2021-07-19 16:48:07', b'0', b'0'),
('3aabab50c5d9f46bd32db95d7fe4bbba', 'baa661154ee9582abf982570b201298e', '2d5a06d564dc87d865db2a502c7fe43b', 'PRS-HDQY', 'CAFE MOLIDO', '', '6db9e08e4295925697af15059da4e995', '2021-07-07 06:03:26', '', '0000-00-00 00:00:00', '6db9e08e4295925697af15059da4e995', '2021-07-07 00:03:26', b'0', b'0'),
('3fb13f78f8e5b00068798adffb5768c0', 'baa661154ee9582abf982570b201298e', 'b14d265b293dd0e7e24df1c4513f7e11', 'PRS-BEWF', 'ALIENGORDE 1', '', '6db9e08e4295925697af15059da4e995', '2021-07-26 22:16:26', '', '0000-00-00 00:00:00', '6db9e08e4295925697af15059da4e995', '2021-07-26 16:16:26', b'0', b'0'),
('41af66ca7433384290782621a3b22afb', 'fb85aee11e7190e586d2422f24a604e6', '208e489af92d56a877e47e5db1760a97', 'PRS-AMRG', 'LITRO 1/4', '', '6db9e08e4295925697af15059da4e995', '2021-07-07 06:31:03', '', '0000-00-00 00:00:00', '', '0000-00-00 00:00:00', b'1', b'0'),
('42b1c20160989a4dbedc1d827f80b774', 'd583ed2bf0381b082922ec1b7f6abf70', '2d5a06d564dc87d865db2a502c7fe43b', 'PRS-EIPX', 'FOLIDOL', '', '6db9e08e4295925697af15059da4e995', '2021-06-26 03:02:50', '', '0000-00-00 00:00:00', '', '0000-00-00 00:00:00', b'1', b'0'),
('42cc855e60df2aaa57837a36f2c2e876', 'd583ed2bf0381b082922ec1b7f6abf70', '961d26ccde1ec19757a2869481fa9c7d', 'PRS-XMOP', 'ROOT OUT', '', '6db9e08e4295925697af15059da4e995', '2021-06-26 03:02:50', '', '0000-00-00 00:00:00', '', '0000-00-00 00:00:00', b'1', b'0'),
('43eff83b2a44ee4789447fda61dc419e', 'baa661154ee9582abf982570b201298e', 'b14d265b293dd0e7e24df1c4513f7e11', 'PRS-CVPT', 'RUFO CACHORO', 'SE VENDE POR LIBRA ANOTACION', '6db9e08e4295925697af15059da4e995', '2021-07-05 01:10:06', '', '0000-00-00 00:00:00', 'fac9173ebc681c18e432158195adb3b4', '2021-07-04 19:10:06', b'0', b'1'),
('45bcfe730c60521abe678863d3733a9b', 'd583ed2bf0381b082922ec1b7f6abf70', '961d26ccde1ec19757a2869481fa9c7d', 'PRS-DPZV', 'ATRAPA', '', '6db9e08e4295925697af15059da4e995', '2021-06-26 03:02:50', '', '0000-00-00 00:00:00', '', '0000-00-00 00:00:00', b'1', b'0'),
('480659e80ee97adaac165fb65a432d7d', 'd583ed2bf0381b082922ec1b7f6abf70', '961d26ccde1ec19757a2869481fa9c7d', 'PRS-LKUG', 'PANTEX', '', '6db9e08e4295925697af15059da4e995', '2021-06-26 03:02:50', '', '0000-00-00 00:00:00', '', '0000-00-00 00:00:00', b'1', b'0'),
('49315777eca0ab4fb7d6a46951e40d62', 'd583ed2bf0381b082922ec1b7f6abf70', '434bc1ec37deb904edae7942b10cc350', 'PRS-RCOP', 'RATICIDA', '', '6db9e08e4295925697af15059da4e995', '2021-06-26 03:02:50', '', '0000-00-00 00:00:00', '', '0000-00-00 00:00:00', b'1', b'0'),
('4a25e5e19e5e087987624cc896e2856a', 'baa661154ee9582abf982570b201298e', 'b14d265b293dd0e7e24df1c4513f7e11', 'PRS-FIJF', 'VITAENGORDE INICIO', '', '6db9e08e4295925697af15059da4e995', '2021-07-25 19:26:22', '', '0000-00-00 00:00:00', '6db9e08e4295925697af15059da4e995', '2021-07-25 13:26:22', b'0', b'0'),
('4b470473bfbf923934ad9e430545b7c2', 'd583ed2bf0381b082922ec1b7f6abf70', '51f6fa532022193ae53f4ab49e994f76', 'PRS-AFEX', 'ATRAPA', '', '6db9e08e4295925697af15059da4e995', '2021-06-26 03:02:50', '', '0000-00-00 00:00:00', '', '0000-00-00 00:00:00', b'1', b'0'),
('4ba8477673d917d5fa8660a40025222b', 'baa661154ee9582abf982570b201298e', 'b14d265b293dd0e7e24df1c4513f7e11', 'PRS-GLMP', 'DESARROLLO COMAYMA', '', '6db9e08e4295925697af15059da4e995', '2021-07-26 22:17:07', '', '0000-00-00 00:00:00', '6db9e08e4295925697af15059da4e995', '2021-07-26 16:17:07', b'0', b'0'),
('4be27f694c872972dce6813f3d30498a', 'baa661154ee9582abf982570b201298e', 'b14d265b293dd0e7e24df1c4513f7e11', 'PRS-MPND', 'ECONOGANADO', '', '6db9e08e4295925697af15059da4e995', '2021-06-26 03:02:50', '', '0000-00-00 00:00:00', '', '0000-00-00 00:00:00', b'1', b'0'),
('4f00419eb1e2b886a733526c76e33e47', 'baa661154ee9582abf982570b201298e', 'b14d265b293dd0e7e24df1c4513f7e11', 'PRS-MZSC', 'MAIZ AMARILLO', '', '6db9e08e4295925697af15059da4e995', '2021-06-26 03:02:50', '', '0000-00-00 00:00:00', '', '0000-00-00 00:00:00', b'1', b'0'),
('4f59ed83ee40d90da81263b3ee03c7c2', 'baa661154ee9582abf982570b201298e', 'b14d265b293dd0e7e24df1c4513f7e11', 'PRS-FWKC', 'VITAENGORDE FIN', '', 'fac9173ebc681c18e432158195adb3b4', '2021-07-07 05:42:03', '', '0000-00-00 00:00:00', '6db9e08e4295925697af15059da4e995', '2021-07-06 23:42:03', b'0', b'0'),
('4f98b17bbf97aa87bb3fe3e146be9525', 'fb85aee11e7190e586d2422f24a604e6', '961d26ccde1ec19757a2869481fa9c7d', 'PRS-AODC', 'PRUEBA 3', '', 'c4ca4238a0b923820dcc509a6f75849b', '2021-06-26 05:17:40', '', '0000-00-00 00:00:00', 'c4ca4238a0b923820dcc509a6f75849b', '2021-06-25 23:17:40', b'0', b'0'),
('5014cb4d03f2e3e1fb1cc726f9116f3e', 'd583ed2bf0381b082922ec1b7f6abf70', '961d26ccde1ec19757a2869481fa9c7d', 'PRS-YUOZ', 'QUEMAXONE', '', '6db9e08e4295925697af15059da4e995', '2021-06-26 03:02:50', '', '0000-00-00 00:00:00', '', '0000-00-00 00:00:00', b'1', b'0'),
('532cc0b3709ba52694d3694272370552', 'fb85aee11e7190e586d2422f24a604e6', 'ae7623aaf5149513ab5bb76254a46ee5', 'PRS-AMXS', 'FRUTA FRESCA 20z', '', '6db9e08e4295925697af15059da4e995', '2021-06-26 03:02:50', '', '0000-00-00 00:00:00', '', '0000-00-00 00:00:00', b'1', b'0'),
('5643da897b1e06c7b2ddff5a322dc876', 'baa661154ee9582abf982570b201298e', 'b14d265b293dd0e7e24df1c4513f7e11', 'PRS-CTYX', 'MASECA', '', '6db9e08e4295925697af15059da4e995', '2021-06-26 03:02:50', '', '0000-00-00 00:00:00', '', '0000-00-00 00:00:00', b'1', b'0'),
('5699a2f79de0f9f1935a6a02ededbc65', '1be3842ece0b6fbab575bc32ea7737f5', 'b14d265b293dd0e7e24df1c4513f7e11', 'PRS-EPCK', 'SULFATO', '', '6db9e08e4295925697af15059da4e995', '2021-07-26 22:07:39', '', '0000-00-00 00:00:00', '', '0000-00-00 00:00:00', b'1', b'0'),
('57027c3685ed14d169d91cd18bf69111', 'baa661154ee9582abf982570b201298e', 'b14d265b293dd0e7e24df1c4513f7e11', 'PRS-BIBW', 'MAIZ BLANCO', '', '6db9e08e4295925697af15059da4e995', '2021-06-26 03:02:50', '', '0000-00-00 00:00:00', '', '0000-00-00 00:00:00', b'1', b'0'),
('586bf50773ddb0e8027684037f747821', 'd583ed2bf0381b082922ec1b7f6abf70', '434bc1ec37deb904edae7942b10cc350', 'PRS-UCQS', 'MAGNUM', '', '6db9e08e4295925697af15059da4e995', '2021-06-26 03:02:50', '', '0000-00-00 00:00:00', '', '0000-00-00 00:00:00', b'1', b'0'),
('5b63083376beb811e5bce3a95ad3d2c4', 'baa661154ee9582abf982570b201298e', '2d5a06d564dc87d865db2a502c7fe43b', 'PRS-QFPL', 'FONTANA', '', 'fac9173ebc681c18e432158195adb3b4', '2021-07-07 06:01:56', '', '0000-00-00 00:00:00', '6db9e08e4295925697af15059da4e995', '2021-07-07 00:01:56', b'0', b'0'),
('5e36c5dac6a16841ce52ffc66ba989cc', 'baa661154ee9582abf982570b201298e', 'b14d265b293dd0e7e24df1c4513f7e11', 'PRS-QILX', 'CINTA AZUL LECHERA', '', '6db9e08e4295925697af15059da4e995', '2021-06-26 03:02:50', '', '0000-00-00 00:00:00', '', '0000-00-00 00:00:00', b'1', b'0'),
('5e3856afebc147d1a174ebfbb59e82fa', '1be3842ece0b6fbab575bc32ea7737f5', '2d5a06d564dc87d865db2a502c7fe43b', 'PRS-BHVF', 'SULFATO LIBRA', '', '6db9e08e4295925697af15059da4e995', '2021-07-07 05:39:30', '', '0000-00-00 00:00:00', '6db9e08e4295925697af15059da4e995', '2021-07-06 23:39:30', b'0', b'0'),
('5f14428e53638b20c55c723141bee4c4', '1be3842ece0b6fbab575bc32ea7737f5', 'b14d265b293dd0e7e24df1c4513f7e11', 'PRS-DWDM', 'UREA', '', '6db9e08e4295925697af15059da4e995', '2021-07-26 22:06:55', '', '0000-00-00 00:00:00', '', '0000-00-00 00:00:00', b'1', b'0'),
('5f8df025fe3c156d9ba20ec3d87ddb6d', 'baa661154ee9582abf982570b201298e', 'b14d265b293dd0e7e24df1c4513f7e11', 'PRS-TTXC', 'AFRECO MOLSA', '', '6db9e08e4295925697af15059da4e995', '2021-06-26 03:02:50', '', '0000-00-00 00:00:00', '', '0000-00-00 00:00:00', b'1', b'0'),
('60519158503c2540c9b2f8800d7fb0dc', 'd583ed2bf0381b082922ec1b7f6abf70', '961d26ccde1ec19757a2869481fa9c7d', 'PRS-PHID', 'ALBULET ADERENTE', '', '6db9e08e4295925697af15059da4e995', '2021-06-26 03:02:50', '', '0000-00-00 00:00:00', '', '0000-00-00 00:00:00', b'1', b'0'),
('63471534d1cf922d62716dccc76ea1cb', 'fb85aee11e7190e586d2422f24a604e6', 'ae7623aaf5149513ab5bb76254a46ee5', 'PRS-ATSI', 'AQUA 20z', '', '6db9e08e4295925697af15059da4e995', '2021-07-26 22:11:47', '', '0000-00-00 00:00:00', '6db9e08e4295925697af15059da4e995', '2021-07-26 16:11:47', b'0', b'0'),
('636fb605e9a62683e281bd3b73e16fd8', 'fb85aee11e7190e586d2422f24a604e6', '961d26ccde1ec19757a2869481fa9c7d', 'PRS-ECAY', 'PRUEBA 3', '', 'c4ca4238a0b923820dcc509a6f75849b', '2021-07-04 13:51:25', '', '0000-00-00 00:00:00', '6db9e08e4295925697af15059da4e995', '2021-07-04 07:51:25', b'0', b'0'),
('6486d0d7302a353d25feb2a1d569c55f', 'd583ed2bf0381b082922ec1b7f6abf70', '961d26ccde1ec19757a2869481fa9c7d', 'PRS-KBTD', 'YARAVITA', '', '6db9e08e4295925697af15059da4e995', '2021-06-26 03:02:50', '', '0000-00-00 00:00:00', '', '0000-00-00 00:00:00', b'1', b'0'),
('64e042fd8ce9bda19a79877f1498b0f0', 'baa661154ee9582abf982570b201298e', 'b14d265b293dd0e7e24df1c4513f7e11', 'PRS-OMOJ', 'DESARROLLO COMAYMA', '', '6db9e08e4295925697af15059da4e995', '2021-07-05 01:17:45', '', '0000-00-00 00:00:00', 'fac9173ebc681c18e432158195adb3b4', '2021-07-04 19:17:45', b'0', b'0'),
('66bd8bca970ce2d3b6c539dff128d007', '1be3842ece0b6fbab575bc32ea7737f5', '2d5a06d564dc87d865db2a502c7fe43b', 'PRS-WDIH', '20-20-0 MAYAFERT LIBRA', '', '6db9e08e4295925697af15059da4e995', '2021-07-07 05:36:47', '', '0000-00-00 00:00:00', '6db9e08e4295925697af15059da4e995', '2021-07-06 23:36:47', b'0', b'0'),
('697feb8c33e404bbd02a693a44afbc2a', 'fb85aee11e7190e586d2422f24a604e6', '961d26ccde1ec19757a2869481fa9c7d', 'PRS-IUCU', 'PRUEBA 1', 'Esto es una prueba', 'c4ca4238a0b923820dcc509a6f75849b', '2021-07-04 13:51:30', '', '0000-00-00 00:00:00', '6db9e08e4295925697af15059da4e995', '2021-07-04 07:51:30', b'0', b'0'),
('69f076d5498c2fa22c0750920a704449', '1be3842ece0b6fbab575bc32ea7737f5', 'b14d265b293dd0e7e24df1c4513f7e11', 'PRS-VVAN', 'UREA', '', '6db9e08e4295925697af15059da4e995', '2021-07-26 22:06:07', '', '0000-00-00 00:00:00', '6db9e08e4295925697af15059da4e995', '2021-07-26 16:06:07', b'0', b'0'),
('6a372477d319eee5b2a5f5e6ca1e73b5', '1be3842ece0b6fbab575bc32ea7737f5', 'b14d265b293dd0e7e24df1c4513f7e11', 'PRS-DNDE', 'UREA', '', '6db9e08e4295925697af15059da4e995', '2021-07-07 05:38:30', '', '0000-00-00 00:00:00', '6db9e08e4295925697af15059da4e995', '2021-07-06 23:38:30', b'0', b'0'),
('6bdb33b0ea397a2fd64f9e380526366c', 'fb85aee11e7190e586d2422f24a604e6', 'ae7623aaf5149513ab5bb76254a46ee5', 'PRS-JJUM', 'AMP LATA', '', '6db9e08e4295925697af15059da4e995', '2021-06-26 03:02:50', '', '0000-00-00 00:00:00', '', '0000-00-00 00:00:00', b'1', b'0'),
('6d90c30cc59e39d6b01ab70d49406830', 'baa661154ee9582abf982570b201298e', '634a58b9ad629c0b07c2aa78104c713d', 'PRS-BJVV', 'GALLETA', '', '6db9e08e4295925697af15059da4e995', '2021-07-07 05:53:02', '', '0000-00-00 00:00:00', '', '0000-00-00 00:00:00', b'1', b'0'),
('6ee24ceafde754bea8287ec102eb83e1', 'baa661154ee9582abf982570b201298e', 'b14d265b293dd0e7e24df1c4513f7e11', 'PRS-ARYW', 'ALIENGORDE 1', '', '6db9e08e4295925697af15059da4e995', '2021-07-07 05:30:21', '', '0000-00-00 00:00:00', '6db9e08e4295925697af15059da4e995', '2021-07-06 23:30:21', b'0', b'0'),
('6fe4b69479dfa8c6c3b56da53059d8bb', 'baa661154ee9582abf982570b201298e', 'b14d265b293dd0e7e24df1c4513f7e11', 'PRS-ZQNM', 'VITACERDO 2 ALIANZA', '', '6db9e08e4295925697af15059da4e995', '2021-06-26 03:02:50', '', '0000-00-00 00:00:00', '', '0000-00-00 00:00:00', b'1', b'0'),
('714ad6bfe88321790732292aae8dcf80', '1be3842ece0b6fbab575bc32ea7737f5', 'b14d265b293dd0e7e24df1c4513f7e11', 'PRS-XKGF', '12-05 FISICO MAYAFERT', '', '6db9e08e4295925697af15059da4e995', '2021-06-26 03:02:50', '', '0000-00-00 00:00:00', '', '0000-00-00 00:00:00', b'1', b'0'),
('746b462c6dfcc3ac54177e879c14d779', 'd583ed2bf0381b082922ec1b7f6abf70', '434bc1ec37deb904edae7942b10cc350', 'PRS-EQTG', 'SEVIN', '', '6db9e08e4295925697af15059da4e995', '2021-06-26 03:02:50', '', '0000-00-00 00:00:00', '', '0000-00-00 00:00:00', b'1', b'0'),
('75d30f3d14b99b850cff0f163b253726', 'd583ed2bf0381b082922ec1b7f6abf70', '434bc1ec37deb904edae7942b10cc350', 'PRS-CHQN', 'TRATAMAX', '', 'fac9173ebc681c18e432158195adb3b4', '2021-07-19 22:00:13', '', '0000-00-00 00:00:00', '', '0000-00-00 00:00:00', b'1', b'0'),
('78598dd0cd3bd2e658ed6ec7e15bdfb2', 'baa661154ee9582abf982570b201298e', 'b14d265b293dd0e7e24df1c4513f7e11', 'PRS-VMPH', 'FONTANA 38 PECEZ ', '', 'fac9173ebc681c18e432158195adb3b4', '2021-07-26 22:22:31', '', '0000-00-00 00:00:00', '6db9e08e4295925697af15059da4e995', '2021-07-26 16:22:31', b'0', b'0'),
('791e8a53dd8ea8fa7b30522bd5492e1f', '1be3842ece0b6fbab575bc32ea7737f5', '2d5a06d564dc87d865db2a502c7fe43b', 'PRS-RYNM', 'UREA LIBRA', '', '6db9e08e4295925697af15059da4e995', '2021-07-07 05:38:25', '', '0000-00-00 00:00:00', '6db9e08e4295925697af15059da4e995', '2021-07-06 23:38:25', b'0', b'0'),
('796530e91c2c51ae39014a1a4b504db4', 'baa661154ee9582abf982570b201298e', 'b14d265b293dd0e7e24df1c4513f7e11', 'PRS-WCQJ', 'GALLETA', '', 'fac9173ebc681c18e432158195adb3b4', '2021-07-07 05:48:01', '', '0000-00-00 00:00:00', '6db9e08e4295925697af15059da4e995', '2021-07-06 23:48:01', b'0', b'0'),
('7bdc3282923e1d6c0d49fb3ffa19264c', 'baa661154ee9582abf982570b201298e', 'b14d265b293dd0e7e24df1c4513f7e11', 'PRS-UFVY', 'DESARROLLO COMAYMA', '', 'fac9173ebc681c18e432158195adb3b4', '2021-07-07 05:44:12', '', '0000-00-00 00:00:00', '6db9e08e4295925697af15059da4e995', '2021-07-06 23:44:12', b'0', b'0'),
('806edd7e30c25557ff5f5ab54dd615a7', 'd583ed2bf0381b082922ec1b7f6abf70', '961d26ccde1ec19757a2869481fa9c7d', 'PRS-ZHKK', 'REFOSTER', '', 'fac9173ebc681c18e432158195adb3b4', '2021-07-05 00:35:14', '', '0000-00-00 00:00:00', '', '0000-00-00 00:00:00', b'1', b'0'),
('816ee7fa520e222c32e7b6863defd370', 'baa661154ee9582abf982570b201298e', 'b14d265b293dd0e7e24df1c4513f7e11', 'PRS-GMJC', 'ALIENGORDE 1', '', 'fac9173ebc681c18e432158195adb3b4', '2021-07-07 05:23:36', '', '0000-00-00 00:00:00', '6db9e08e4295925697af15059da4e995', '2021-07-06 23:23:36', b'0', b'0'),
('83d548b152a44995e5a4d878d73428a0', 'fb85aee11e7190e586d2422f24a604e6', '208e489af92d56a877e47e5db1760a97', 'PRS-HTGR', '2.5 LITROS', '', '6db9e08e4295925697af15059da4e995', '2021-06-26 03:02:50', '', '0000-00-00 00:00:00', '', '0000-00-00 00:00:00', b'1', b'0'),
('847489c618fa6195792631e575f003a0', '1be3842ece0b6fbab575bc32ea7737f5', 'b14d265b293dd0e7e24df1c4513f7e11', 'PRS-VULJ', 'SULFATO MAYAFERT', '', '6db9e08e4295925697af15059da4e995', '2021-07-05 00:48:15', '', '0000-00-00 00:00:00', 'fac9173ebc681c18e432158195adb3b4', '2021-07-04 18:48:15', b'0', b'0'),
('865b72ef81b656273c686d1443ffd707', 'baa661154ee9582abf982570b201298e', 'b14d265b293dd0e7e24df1c4513f7e11', 'PRS-LMDC', 'RUFO ADULTO', '', '6db9e08e4295925697af15059da4e995', '2021-07-05 01:10:13', '', '0000-00-00 00:00:00', 'fac9173ebc681c18e432158195adb3b4', '2021-07-04 19:10:13', b'0', b'0'),
('88e004d005e0d3abc77fefe03422bc3c', 'd583ed2bf0381b082922ec1b7f6abf70', '9daf33f726a1a305ad86d9dc467d3e33', 'PRS-PWZN', 'TAREA', '', '6db9e08e4295925697af15059da4e995', '2021-06-26 03:02:50', '', '0000-00-00 00:00:00', '', '0000-00-00 00:00:00', b'1', b'0'),
('8928bf5b39041d058b33a732c4deb350', 'baa661154ee9582abf982570b201298e', 'b14d265b293dd0e7e24df1c4513f7e11', 'PRS-XKVD', 'VITAENGORDE FINALIZADOR', 'ESTE PRODUCTO SE VENDE POR DIFERENTES PRESENTACIONES', '6db9e08e4295925697af15059da4e995', '2021-07-05 01:16:13', '', '0000-00-00 00:00:00', 'fac9173ebc681c18e432158195adb3b4', '2021-07-04 19:16:13', b'0', b'0'),
('89b24d6796aa0be4a10858d5ec32e9c6', 'd583ed2bf0381b082922ec1b7f6abf70', '30c865844259683b92811bcfc143b9fb', 'PRS-GHPA', 'RANNDUP', '', '6db9e08e4295925697af15059da4e995', '2021-06-26 03:02:50', '', '0000-00-00 00:00:00', '', '0000-00-00 00:00:00', b'1', b'0'),
('8be20f4f18f92c2dda918ef4daa95ea8', 'd583ed2bf0381b082922ec1b7f6abf70', '961d26ccde1ec19757a2869481fa9c7d', 'PRS-VBWF', 'GRAMOXONE', '', '6db9e08e4295925697af15059da4e995', '2021-06-26 03:02:50', '', '0000-00-00 00:00:00', '', '0000-00-00 00:00:00', b'1', b'0'),
('8c756ab7b931e89d81375fc56de44e9f', 'baa661154ee9582abf982570b201298e', 'b14d265b293dd0e7e24df1c4513f7e11', 'PRS-OKPH', 'IEMO', '', 'c4ca4238a0b923820dcc509a6f75849b', '2021-07-04 13:51:09', '', '0000-00-00 00:00:00', '6db9e08e4295925697af15059da4e995', '2021-07-04 07:51:09', b'0', b'0'),
('8fd0c3ba6c8b0e7280855a9bc4289f43', '1be3842ece0b6fbab575bc32ea7737f5', 'b14d265b293dd0e7e24df1c4513f7e11', 'PRS-VQLL', 'NITROEXTEND DISAGRO', '', '6db9e08e4295925697af15059da4e995', '2021-06-26 03:02:50', '', '0000-00-00 00:00:00', '', '0000-00-00 00:00:00', b'1', b'0'),
('90f38713822e915b2ded1438720333fc', 'baa661154ee9582abf982570b201298e', 'b14d265b293dd0e7e24df1c4513f7e11', 'PRS-TWKY', 'VITAENGORDE INICIO', '', '6db9e08e4295925697af15059da4e995', '2021-07-27 16:36:14', '', '0000-00-00 00:00:00', '', '0000-00-00 00:00:00', b'1', b'0'),
('9450727da29fd15b3cbd7b5ff463a57f', 'baa661154ee9582abf982570b201298e', '2d5a06d564dc87d865db2a502c7fe43b', 'PRS-PMVO', 'CAFE MOLIDO LIBRA ', '', '6db9e08e4295925697af15059da4e995', '2021-07-07 06:06:30', '', '0000-00-00 00:00:00', '', '0000-00-00 00:00:00', b'1', b'0'),
('947ec16945a586c4d318ce817985ed52', 'd583ed2bf0381b082922ec1b7f6abf70', '961d26ccde1ec19757a2869481fa9c7d', 'PRS-ZVOE', 'BAYFOLAN', '', '6db9e08e4295925697af15059da4e995', '2021-06-26 03:02:50', '', '0000-00-00 00:00:00', '', '0000-00-00 00:00:00', b'1', b'0'),
('9567ed170208b7d3cbefa1fc53b7363f', 'baa661154ee9582abf982570b201298e', 'b14d265b293dd0e7e24df1c4513f7e11', 'PRS-LEEQ', 'MAIZ MOLIDO', '', '6db9e08e4295925697af15059da4e995', '2021-06-26 03:02:50', '', '0000-00-00 00:00:00', '', '0000-00-00 00:00:00', b'1', b'0'),
('9578eb421cc77a2066505fcd877bff01', 'baa661154ee9582abf982570b201298e', 'b14d265b293dd0e7e24df1c4513f7e11', 'PRS-BWLL', 'ALIENGORDE 1', '', '6db9e08e4295925697af15059da4e995', '2021-07-26 22:16:53', '', '0000-00-00 00:00:00', '', '0000-00-00 00:00:00', b'1', b'0'),
('988379814fdbbe13e4c1c18f78a8c7b0', '1be3842ece0b6fbab575bc32ea7737f5', 'b14d265b293dd0e7e24df1c4513f7e11', 'PRS-NWZJ', 'UREA ', '', 'fac9173ebc681c18e432158195adb3b4', '2021-07-07 05:14:35', '', '0000-00-00 00:00:00', '6db9e08e4295925697af15059da4e995', '2021-07-06 23:14:35', b'0', b'0'),
('9969f7a5c6032acbfc8d6631b04b4941', 'fb85aee11e7190e586d2422f24a604e6', 'ae7623aaf5149513ab5bb76254a46ee5', 'PRS-ESBU', 'SQUIZ 20z', '', '6db9e08e4295925697af15059da4e995', '2021-06-26 03:02:50', '', '0000-00-00 00:00:00', '', '0000-00-00 00:00:00', b'1', b'0'),
('997b487aa1eac3087ec3dccfe4eff7e1', 'baa661154ee9582abf982570b201298e', 'b14d265b293dd0e7e24df1c4513f7e11', 'PRS-GXZA', 'RUFO CACHORO ADULTO', '', '6db9e08e4295925697af15059da4e995', '2021-07-26 22:22:19', '', '0000-00-00 00:00:00', '', '0000-00-00 00:00:00', b'1', b'0'),
('99c81349fc11e2cf2ed9e71e3bfd07f7', 'baa661154ee9582abf982570b201298e', 'b14d265b293dd0e7e24df1c4513f7e11', 'PRS-LFOH', 'VITAENGORDE FIN', '', '6db9e08e4295925697af15059da4e995', '2021-07-26 22:15:33', '', '0000-00-00 00:00:00', '6db9e08e4295925697af15059da4e995', '2021-07-26 16:15:33', b'0', b'0'),
('9ba592041ff36687d2317fba8d844cb6', 'fb85aee11e7190e586d2422f24a604e6', 'ae7623aaf5149513ab5bb76254a46ee5', 'PRS-SODN', 'PEPSITA', '', '6db9e08e4295925697af15059da4e995', '2021-06-26 03:02:50', '', '0000-00-00 00:00:00', '', '0000-00-00 00:00:00', b'1', b'0'),
('9cc8ed5ef48666582df9d7e33950900f', 'baa661154ee9582abf982570b201298e', 'b14d265b293dd0e7e24df1c4513f7e11', 'PRS-AHVF', 'FONTANA 38 PECEZ ', '', '6db9e08e4295925697af15059da4e995', '2021-07-26 22:23:01', '', '0000-00-00 00:00:00', '', '0000-00-00 00:00:00', b'1', b'0'),
('9defb3e0e73c6767401f422ed33906f9', '1be3842ece0b6fbab575bc32ea7737f5', '30c865844259683b92811bcfc143b9fb', 'PRS-GHUC', 'GRAMOXON GALON', '', 'fac9173ebc681c18e432158195adb3b4', '2021-07-17 12:57:10', '', '0000-00-00 00:00:00', '', '0000-00-00 00:00:00', b'1', b'0'),
('9e4c3763be487aebfcfdd2a06e49d0d4', 'd583ed2bf0381b082922ec1b7f6abf70', '961d26ccde1ec19757a2869481fa9c7d', 'PRS-VTQK', 'ATADURA', '', '6db9e08e4295925697af15059da4e995', '2021-06-26 03:02:50', '', '0000-00-00 00:00:00', '', '0000-00-00 00:00:00', b'1', b'0'),
('9fc21aa42ea2042018f2f6bcdf4b95e3', 'baa661154ee9582abf982570b201298e', 'b14d265b293dd0e7e24df1c4513f7e11', 'PRS-RPUR', 'AFRECHO SALVAVIDA', '', '6db9e08e4295925697af15059da4e995', '2021-06-26 03:02:50', '', '0000-00-00 00:00:00', '', '0000-00-00 00:00:00', b'1', b'0'),
('a256a3033fef93cacec736a30c40eda1', 'baa661154ee9582abf982570b201298e', 'b14d265b293dd0e7e24df1c4513f7e11', 'PRS-LXGH', 'VITAENGORDE INICIO', 'POLLO\r\n', '6db9e08e4295925697af15059da4e995', '2021-07-05 00:57:32', '', '0000-00-00 00:00:00', 'fac9173ebc681c18e432158195adb3b4', '2021-07-04 18:57:32', b'0', b'0'),
('a67b03b27e99c47e07fb77f422c916af', '1be3842ece0b6fbab575bc32ea7737f5', 'b14d265b293dd0e7e24df1c4513f7e11', 'PRS-HZWK', 'SULFATO', '', 'fac9173ebc681c18e432158195adb3b4', '2021-07-07 05:16:02', '', '0000-00-00 00:00:00', '6db9e08e4295925697af15059da4e995', '2021-07-06 23:16:02', b'0', b'0'),
('aadaf2a8d94910303379f27062699c87', 'baa661154ee9582abf982570b201298e', 'b14d265b293dd0e7e24df1c4513f7e11', 'PRS-RGCT', 'MAIZ ARINA', '', '6db9e08e4295925697af15059da4e995', '2021-06-26 03:02:50', '', '0000-00-00 00:00:00', '', '0000-00-00 00:00:00', b'1', b'0'),
('ad332fc52ce372a82564a70e6770b64c', 'baa661154ee9582abf982570b201298e', '634a58b9ad629c0b07c2aa78104c713d', 'PRS-MSXD', 'GALLETA', '', '6db9e08e4295925697af15059da4e995', '2021-07-07 05:52:07', '', '0000-00-00 00:00:00', '6db9e08e4295925697af15059da4e995', '2021-07-06 23:52:07', b'0', b'0'),
('ae917466270441c2f049ccf746d60da2', 'baa661154ee9582abf982570b201298e', 'b14d265b293dd0e7e24df1c4513f7e11', 'PRS-GUHZ', 'FINALIZADOR COMAYMA ', '', '6db9e08e4295925697af15059da4e995', '2021-07-26 22:18:27', '', '0000-00-00 00:00:00', '', '0000-00-00 00:00:00', b'1', b'0'),
('b2c1e320c81b54537a6270488e335e1c', 'baa661154ee9582abf982570b201298e', 'b14d265b293dd0e7e24df1c4513f7e11', 'PRS-LPVP', 'PALMISTE', '', '6db9e08e4295925697af15059da4e995', '2021-06-26 03:02:50', '', '0000-00-00 00:00:00', '', '0000-00-00 00:00:00', b'1', b'0'),
('b2df867a1282ab349ab92aaa9d3f9cf2', 'baa661154ee9582abf982570b201298e', 'b14d265b293dd0e7e24df1c4513f7e11', 'PRS-VTUF', 'VITA ENGORDE INICIO', '', 'fac9173ebc681c18e432158195adb3b4', '2021-07-26 22:14:31', '', '0000-00-00 00:00:00', '6db9e08e4295925697af15059da4e995', '2021-07-26 16:14:31', b'0', b'0'),
('b7e67b42b99762b090e84396e6145925', '1be3842ece0b6fbab575bc32ea7737f5', 'b14d265b293dd0e7e24df1c4513f7e11', 'PRS-MZPQ', 'MAS CAFE NORDIC', '', '6db9e08e4295925697af15059da4e995', '2021-06-26 03:02:50', '', '0000-00-00 00:00:00', '', '0000-00-00 00:00:00', b'1', b'0'),
('b7fac015f4df558add8f09f6ed0bcdcf', 'baa661154ee9582abf982570b201298e', 'b14d265b293dd0e7e24df1c4513f7e11', 'PRS-MCMI', 'RUFO CACHORO ADULTO', '', 'fac9173ebc681c18e432158195adb3b4', '2021-07-26 22:21:50', '', '0000-00-00 00:00:00', '6db9e08e4295925697af15059da4e995', '2021-07-26 16:21:50', b'0', b'0'),
('b85ba33dee2fc1125225df271c9e402a', 'baa661154ee9582abf982570b201298e', 'b14d265b293dd0e7e24df1c4513f7e11', 'PRS-DZGH', 'VITAENGORDE INICIO', '', 'fac9173ebc681c18e432158195adb3b4', '2021-07-07 05:41:10', '', '0000-00-00 00:00:00', '6db9e08e4295925697af15059da4e995', '2021-07-06 23:41:10', b'0', b'0'),
('ba60c41e79a69909be474bd574810a93', 'd583ed2bf0381b082922ec1b7f6abf70', '961d26ccde1ec19757a2869481fa9c7d', 'PRS-KZXS', 'PARACUAT', '', 'fac9173ebc681c18e432158195adb3b4', '2021-07-05 00:42:31', '', '0000-00-00 00:00:00', '', '0000-00-00 00:00:00', b'1', b'0'),
('bbf5f1a8db96b89f75ed4e539de74371', '1be3842ece0b6fbab575bc32ea7737f5', 'b14d265b293dd0e7e24df1c4513f7e11', 'PRS-EQPI', '20-20-0 MAYAFERT', '', '6db9e08e4295925697af15059da4e995', '2021-07-26 22:05:51', '', '0000-00-00 00:00:00', '', '0000-00-00 00:00:00', b'1', b'0'),
('bf7c4675664fb4ee730b91aaabbceda4', 'fb85aee11e7190e586d2422f24a604e6', '208e489af92d56a877e47e5db1760a97', 'PRS-RLFJ', '1 1/4 LITRO', '', '6db9e08e4295925697af15059da4e995', '2021-07-07 06:28:54', '', '0000-00-00 00:00:00', '6db9e08e4295925697af15059da4e995', '2021-07-07 00:28:54', b'0', b'0'),
('bf867be180c321a6b533a1a8afff70c7', '1be3842ece0b6fbab575bc32ea7737f5', 'b14d265b293dd0e7e24df1c4513f7e11', 'PRS-QRIL', '20-20-0 MAYAFERT', '', '6db9e08e4295925697af15059da4e995', '2021-07-07 05:36:54', '', '0000-00-00 00:00:00', '6db9e08e4295925697af15059da4e995', '2021-07-06 23:36:54', b'0', b'0'),
('c2ca56faa87067619d5417f56c6e1d4d', 'fb85aee11e7190e586d2422f24a604e6', 'ae7623aaf5149513ab5bb76254a46ee5', 'PRS-TGTM', 'RIQUITA', '', '6db9e08e4295925697af15059da4e995', '2021-06-26 03:02:50', '', '0000-00-00 00:00:00', '', '0000-00-00 00:00:00', b'1', b'0'),
('c41d60c37e10f3e5bcf64e0852d23dc9', 'd583ed2bf0381b082922ec1b7f6abf70', 'd940b157a75b8172b4ec6f6445975973', 'PRS-QSMD', 'TRATAMAX', '', '6db9e08e4295925697af15059da4e995', '2021-07-19 21:59:39', '', '0000-00-00 00:00:00', 'fac9173ebc681c18e432158195adb3b4', '2021-07-19 15:59:39', b'0', b'0'),
('c8f0350bed2deca10801716973e4e028', 'd583ed2bf0381b082922ec1b7f6abf70', '961d26ccde1ec19757a2869481fa9c7d', 'PRS-VHIV', 'FOLIRAX', '', '6db9e08e4295925697af15059da4e995', '2021-06-26 03:02:50', '', '0000-00-00 00:00:00', '', '0000-00-00 00:00:00', b'1', b'0'),
('cadebc2167d7d12a1ded701f34e94c4f', '1be3842ece0b6fbab575bc32ea7737f5', 'b14d265b293dd0e7e24df1c4513f7e11', 'PRS-CLJG', '20-20-0 MAYAFERT', '', 'fac9173ebc681c18e432158195adb3b4', '2021-07-07 04:53:59', '', '0000-00-00 00:00:00', '6db9e08e4295925697af15059da4e995', '2021-07-06 22:53:59', b'0', b'0'),
('cd7061b96595b208813ed8da742eac4e', 'baa661154ee9582abf982570b201298e', 'b14d265b293dd0e7e24df1c4513f7e11', 'PRS-YVFQ', 'ALIENGORDE 1', '', '6db9e08e4295925697af15059da4e995', '2021-07-07 05:27:22', '', '0000-00-00 00:00:00', '6db9e08e4295925697af15059da4e995', '2021-07-06 23:27:22', b'0', b'0'),
('cf4fec97e7f27cdf5587f32216a410cb', 'baa661154ee9582abf982570b201298e', 'b14d265b293dd0e7e24df1c4513f7e11', 'PRS-GCDZ', 'VITAENGORDE INICIO', '', '6db9e08e4295925697af15059da4e995', '2021-07-27 16:35:10', '', '0000-00-00 00:00:00', '6db9e08e4295925697af15059da4e995', '2021-07-27 10:35:10', b'0', b'0'),
('d0737b572e4c38aaaa4893a5b3c382dd', '1be3842ece0b6fbab575bc32ea7737f5', 'b14d265b293dd0e7e24df1c4513f7e11', 'PRS-IXAM', 'UREA MAYAFERT', '', '6db9e08e4295925697af15059da4e995', '2021-07-05 00:47:02', '', '0000-00-00 00:00:00', 'fac9173ebc681c18e432158195adb3b4', '2021-07-04 18:47:02', b'0', b'0'),
('d30da45f5933bf9e7082c58964ef8d48', 'baa661154ee9582abf982570b201298e', 'b14d265b293dd0e7e24df1c4513f7e11', 'PRS-VPGW', 'ECONOLACTANO', '', '6db9e08e4295925697af15059da4e995', '2021-06-26 03:02:50', '', '0000-00-00 00:00:00', '', '0000-00-00 00:00:00', b'1', b'0'),
('d3244a3c483d5da20e6e66e0b1cbef7f', 'baa661154ee9582abf982570b201298e', 'b14d265b293dd0e7e24df1c4513f7e11', 'PRS-QQYQ', 'VITAENGORDE INICIO', 'ESTE CONCENTRADO SE VENDE POR LIBRA, EL PRECIO DE VENTA VA A SER DIFERENTE EN LAS VENTAS\r\n', '6db9e08e4295925697af15059da4e995', '2021-07-05 01:16:04', '', '0000-00-00 00:00:00', 'fac9173ebc681c18e432158195adb3b4', '2021-07-04 19:16:04', b'0', b'1'),
('d39f6f732213aba7d154ac474825117c', 'd583ed2bf0381b082922ec1b7f6abf70', 'd940b157a75b8172b4ec6f6445975973', 'PRS-QOAP', 'ATRAPA', '', '6db9e08e4295925697af15059da4e995', '2021-06-26 03:02:50', '', '0000-00-00 00:00:00', '', '0000-00-00 00:00:00', b'1', b'0'),
('d521e8cbfeca7e534ca9336cf5fbede8', '1be3842ece0b6fbab575bc32ea7737f5', 'b14d265b293dd0e7e24df1c4513f7e11', 'PRS-OUGK', 'SULFATO', '', '6db9e08e4295925697af15059da4e995', '2021-07-07 07:20:35', '', '0000-00-00 00:00:00', '6db9e08e4295925697af15059da4e995', '2021-07-07 01:20:35', b'0', b'0'),
('d5e3c3ca2fa1af39e184906818d7dab0', 'baa661154ee9582abf982570b201298e', 'b14d265b293dd0e7e24df1c4513f7e11', 'PRS-FIPT', 'FINALIZADOR COMAYMA ', '', 'fac9173ebc681c18e432158195adb3b4', '2021-07-26 22:18:02', '', '0000-00-00 00:00:00', '6db9e08e4295925697af15059da4e995', '2021-07-26 16:18:02', b'0', b'0'),
('d67c626f0a1e31a204ff0fdaffa5958a', 'baa661154ee9582abf982570b201298e', 'b14d265b293dd0e7e24df1c4513f7e11', 'PRS-VJNK', 'DESARROLLO COMAYMA', '', '6db9e08e4295925697af15059da4e995', '2021-07-26 22:17:40', '', '0000-00-00 00:00:00', '', '0000-00-00 00:00:00', b'1', b'0'),
('d7578c13b1ac91dc2d1379821f9e4fb1', 'fb85aee11e7190e586d2422f24a604e6', '208e489af92d56a877e47e5db1760a97', 'PRS-QEKI', 'JUMBOS', '', '6db9e08e4295925697af15059da4e995', '2021-06-26 03:02:50', '', '0000-00-00 00:00:00', '', '0000-00-00 00:00:00', b'1', b'0'),
('d790c752a86e78d4bcb44715eb91ffa2', 'baa661154ee9582abf982570b201298e', 'b14d265b293dd0e7e24df1c4513f7e11', 'PRS-IFIF', 'ALIENGORDE I', 'TODOS LOS PRODUCTOS DE CONCENTRADOS SE VENDER POR DIFERENTES PRESENTACIONES', '6db9e08e4295925697af15059da4e995', '2021-07-05 01:16:59', '', '0000-00-00 00:00:00', 'fac9173ebc681c18e432158195adb3b4', '2021-07-04 19:16:59', b'0', b'0'),
('d8c6e93517459f22f94e0b11f7bf04bd', 'baa661154ee9582abf982570b201298e', '9eb169f586f43bd40b330e7354446ed4', 'PRS-ICZE', 'CAFE MOLIDO BOLSITA ', '', '6db9e08e4295925697af15059da4e995', '2021-07-07 06:05:38', '', '0000-00-00 00:00:00', '', '0000-00-00 00:00:00', b'1', b'0'),
('d98c6cf4dcc3c742fbad1f7fc667ca04', 'baa661154ee9582abf982570b201298e', '2d5a06d564dc87d865db2a502c7fe43b', 'PRS-JWFL', 'ALIENGORDE 1 LIBRA', '', '6db9e08e4295925697af15059da4e995', '2021-07-07 05:27:27', '', '0000-00-00 00:00:00', '6db9e08e4295925697af15059da4e995', '2021-07-06 23:27:27', b'0', b'0'),
('da9bd9fbdec55a841144f275066037f4', 'baa661154ee9582abf982570b201298e', 'b14d265b293dd0e7e24df1c4513f7e11', 'PRS-NLGF', 'VITAENGORDE INICIO', '', '6db9e08e4295925697af15059da4e995', '2021-07-26 22:14:41', '', '0000-00-00 00:00:00', '6db9e08e4295925697af15059da4e995', '2021-07-26 16:14:41', b'0', b'0'),
('dacdfd4ba951a1da7686a617cc707de5', 'd583ed2bf0381b082922ec1b7f6abf70', '30c865844259683b92811bcfc143b9fb', 'PRS-WYSW', 'ROOT OUT', '', '6db9e08e4295925697af15059da4e995', '2021-06-26 03:02:50', '', '0000-00-00 00:00:00', '', '0000-00-00 00:00:00', b'1', b'0'),
('df3cbf191e1763939617de8d0ecce8cf', 'd583ed2bf0381b082922ec1b7f6abf70', '961d26ccde1ec19757a2869481fa9c7d', 'PRS-XOMO', 'RANNDUP', '', '6db9e08e4295925697af15059da4e995', '2021-06-26 03:02:50', '', '0000-00-00 00:00:00', '', '0000-00-00 00:00:00', b'1', b'0'),
('df9466b5ce80645800085a22eabe89c3', 'baa661154ee9582abf982570b201298e', 'b14d265b293dd0e7e24df1c4513f7e11', 'PRS-YCPN', 'VITACERDO 3 ALIANZA', '', '6db9e08e4295925697af15059da4e995', '2021-06-26 03:02:50', '', '0000-00-00 00:00:00', '', '0000-00-00 00:00:00', b'1', b'0'),
('e09bdd2d816850a5b676eeeab402ec51', 'd583ed2bf0381b082922ec1b7f6abf70', '9daf33f726a1a305ad86d9dc467d3e33', 'PRS-XVRZ', 'BORDOCOP', '', '6db9e08e4295925697af15059da4e995', '2021-06-26 03:02:50', '', '0000-00-00 00:00:00', '', '0000-00-00 00:00:00', b'1', b'0'),
('e2509bfb848a6568a764ae9b42273a9a', 'baa661154ee9582abf982570b201298e', 'b14d265b293dd0e7e24df1c4513f7e11', 'PRS-WRTS', 'VITA ENGORDE INICIO', '', '6db9e08e4295925697af15059da4e995', '2021-07-26 22:15:09', '', '0000-00-00 00:00:00', '', '0000-00-00 00:00:00', b'1', b'0'),
('e27a1cdfcec5e74a56cfa4d00907cf2c', 'fb85aee11e7190e586d2422f24a604e6', 'ae7623aaf5149513ab5bb76254a46ee5', 'PRS-HPWB', '20 ONZAS ', '', 'fac9173ebc681c18e432158195adb3b4', '2021-07-04 21:24:06', '', '0000-00-00 00:00:00', '', '0000-00-00 00:00:00', b'1', b'0'),
('e42b5938a9f505fc3733d5d1f4d86b75', 'fb85aee11e7190e586d2422f24a604e6', '208e489af92d56a877e47e5db1760a97', 'PRS-KNUK', 'PRB', '', '6db9e08e4295925697af15059da4e995', '2021-06-26 03:02:50', '', '0000-00-00 00:00:00', '', '0000-00-00 00:00:00', b'1', b'0'),
('eaa73d829fd28bfeac958e0050f5b839', 'baa661154ee9582abf982570b201298e', 'b14d265b293dd0e7e24df1c4513f7e11', 'PRS-YCEI', 'AFRECHO TECPAN', '', '6db9e08e4295925697af15059da4e995', '2021-07-17 00:18:44', '', '0000-00-00 00:00:00', '', '0000-00-00 00:00:00', b'1', b'0'),
('eb1acc4da2919d2881b64518ac215392', 'baa661154ee9582abf982570b201298e', 'b14d265b293dd0e7e24df1c4513f7e11', 'PRS-KBNH', 'RUFO CACHORO ADULTO', '', '6db9e08e4295925697af15059da4e995', '2021-07-19 22:46:51', '', '0000-00-00 00:00:00', 'fac9173ebc681c18e432158195adb3b4', '2021-07-19 16:46:51', b'0', b'0'),
('ec6d2557a790bf623c2b9c32e0291a62', 'baa661154ee9582abf982570b201298e', 'b14d265b293dd0e7e24df1c4513f7e11', 'PRS-RPFK', 'VITALECHERO #18', '', '6db9e08e4295925697af15059da4e995', '2021-06-26 03:02:50', '', '0000-00-00 00:00:00', '', '0000-00-00 00:00:00', b'1', b'0'),
('ee8aaf2166747dcf1a3cf93287e94010', 'baa661154ee9582abf982570b201298e', 'b14d265b293dd0e7e24df1c4513f7e11', 'PRS-RKKF', 'IEMO1', '', 'c4ca4238a0b923820dcc509a6f75849b', '2021-07-04 13:51:19', '', '0000-00-00 00:00:00', '6db9e08e4295925697af15059da4e995', '2021-07-04 07:51:19', b'0', b'0'),
('f301d99d467dcd68e2c68de93bb728e3', 'baa661154ee9582abf982570b201298e', '2d5a06d564dc87d865db2a502c7fe43b', 'PRS-BQEA', 'ALIENGORDE 1 LIBRA', '', '6db9e08e4295925697af15059da4e995', '2021-07-07 05:30:12', '', '0000-00-00 00:00:00', '6db9e08e4295925697af15059da4e995', '2021-07-06 23:30:12', b'0', b'0'),
('f39504e1768f6205c43f135a0e9e8b55', 'fb85aee11e7190e586d2422f24a604e6', '208e489af92d56a877e47e5db1760a97', 'PRS-OULS', 'PEQUEÑAS VIDRIO', '', '6db9e08e4295925697af15059da4e995', '2021-06-26 03:02:50', '', '0000-00-00 00:00:00', '', '0000-00-00 00:00:00', b'1', b'0'),
('fade477ea3625ecfd5ef2e7ba46fed65', 'baa661154ee9582abf982570b201298e', 'b14d265b293dd0e7e24df1c4513f7e11', 'PRS-VEDF', 'PRUEBA 4', '', 'c4ca4238a0b923820dcc509a6f75849b', '2021-07-04 13:51:37', '', '0000-00-00 00:00:00', '6db9e08e4295925697af15059da4e995', '2021-07-04 07:51:37', b'0', b'0'),
('fbc7021c7734194ad2e10a4a9cd32314', 'd583ed2bf0381b082922ec1b7f6abf70', '37f1413b88d8f7adb0790c326b6f84b3', 'PRS-ZONE', 'RANNDUP', '', '6db9e08e4295925697af15059da4e995', '2021-06-26 03:02:50', '', '0000-00-00 00:00:00', '', '0000-00-00 00:00:00', b'1', b'0'),
('fc4c38828aa97b0fdb05ea7b0d679f41', 'baa661154ee9582abf982570b201298e', 'b14d265b293dd0e7e24df1c4513f7e11', 'PRS-MCVB', 'VITAENGORDE INICIO', '', 'fac9173ebc681c18e432158195adb3b4', '2021-07-05 01:14:54', '', '0000-00-00 00:00:00', 'fac9173ebc681c18e432158195adb3b4', '2021-07-04 19:14:54', b'0', b'0');

-- --------------------------------------------------------

--
-- Estructura de tabla para la tabla `proveedor`
--

CREATE TABLE `proveedor` (
  `codigo_proveedor` varchar(50) NOT NULL,
  `nombre` varchar(50) NOT NULL,
  `telefono` varchar(50) DEFAULT NULL,
  `u_registro` varchar(50) NOT NULL,
  `f_registro` timestamp NOT NULL DEFAULT current_timestamp() ON UPDATE current_timestamp(),
  `u_actualizacion` varchar(50) NOT NULL,
  `f_actualizacion` datetime NOT NULL,
  `u_eliminacion` varchar(50) NOT NULL,
  `f_eliminacion` datetime NOT NULL,
  `estado` bit(1) NOT NULL DEFAULT b'1'
) ENGINE=InnoDB DEFAULT CHARSET=utf8mb4;

--
-- Volcado de datos para la tabla `proveedor`
--

INSERT INTO `proveedor` (`codigo_proveedor`, `nombre`, `telefono`, `u_registro`, `f_registro`, `u_actualizacion`, `f_actualizacion`, `u_eliminacion`, `f_eliminacion`, `estado`) VALUES
('4ae1e09b7c823c118db14d70f9050a66', 'Isaac Martinez', '45093255', 'c4ca4238a0b923820dcc509a6f75849b', '2021-07-04 13:55:35', '6db9e08e4295925697af15059da4e995', '0000-00-00 00:00:00', '', '0000-00-00 00:00:00', b'0');

-- --------------------------------------------------------

--
-- Estructura de tabla para la tabla `roles`
--

CREATE TABLE `roles` (
  `codigo_rol` varchar(50) NOT NULL,
  `rol` varchar(50) NOT NULL,
  `descripcion` varchar(50) NOT NULL,
  `u_registro` varchar(50) NOT NULL,
  `f_registro` timestamp NOT NULL DEFAULT current_timestamp() ON UPDATE current_timestamp(),
  `u_actualizacion` varchar(50) NOT NULL,
  `f_actualizacion` datetime NOT NULL,
  `u_eliminacion` varchar(50) NOT NULL,
  `f_eliminacion` datetime NOT NULL,
  `estado` bit(1) NOT NULL DEFAULT b'1'
) ENGINE=InnoDB DEFAULT CHARSET=utf8mb4;

--
-- Volcado de datos para la tabla `roles`
--

INSERT INTO `roles` (`codigo_rol`, `rol`, `descripcion`, `u_registro`, `f_registro`, `u_actualizacion`, `f_actualizacion`, `u_eliminacion`, `f_eliminacion`, `estado`) VALUES
('c4ca4238a0b923820dcc509a6f75849b', 'Admin', '', 'IEMO', '2020-05-14 18:38:53', '', '0000-00-00 00:00:00', '', '0000-00-00 00:00:00', b'1'),
('c81e728d9d4c2f636f067f89cc14862c', 'Ventas', '', 'IEMO', '2020-05-14 18:39:10', '', '0000-00-00 00:00:00', '', '0000-00-00 00:00:00', b'1');

-- --------------------------------------------------------

--
-- Estructura de tabla para la tabla `subcategoria`
--

CREATE TABLE `subcategoria` (
  `codigo_subcategoria` varchar(50) NOT NULL,
  `codigo_categoria` varchar(50) NOT NULL,
  `subcategoria` varchar(50) NOT NULL,
  `descripcion` varchar(50) NOT NULL,
  `u_registro` varchar(50) NOT NULL,
  `f_registro` timestamp NOT NULL DEFAULT current_timestamp() ON UPDATE current_timestamp(),
  `u_actualizacion` varchar(50) NOT NULL,
  `f_actualizacion` datetime NOT NULL,
  `u_eliminacion` varchar(50) NOT NULL,
  `f_eliminacion` datetime NOT NULL,
  `estado` bit(1) NOT NULL DEFAULT b'1'
) ENGINE=InnoDB DEFAULT CHARSET=utf8mb4;

-- --------------------------------------------------------

--
-- Estructura de tabla para la tabla `sub_funcion`
--

CREATE TABLE `sub_funcion` (
  `codigo_sub` varchar(50) NOT NULL,
  `codigo_funcion` varchar(50) NOT NULL,
  `sub` varchar(50) NOT NULL,
  `icono` varchar(50) NOT NULL,
  `link` varchar(50) NOT NULL,
  `orden` int(11) NOT NULL,
  `estado` bit(1) NOT NULL DEFAULT b'1'
) ENGINE=InnoDB DEFAULT CHARSET=utf8mb4;

--
-- Volcado de datos para la tabla `sub_funcion`
--

INSERT INTO `sub_funcion` (`codigo_sub`, `codigo_funcion`, `sub`, `icono`, `link`, `orden`, `estado`) VALUES
('29661859df9d2b3c41cd5fc53f48caae', '693368373acc72527633fb9d1f3718cc', 'Categorias', 'plus', 'Products/category', 3, b'1'),
('2e03deda0e451ebabd6cd279a5847bce', '830cb979a446c0eed165df0e62e72898', 'Nueva venta', 'edit', 'Sales/Sales', 1, b'1'),
('5e2513f435c88c1739da248a6190da18', 'b7e5cc3ba1cbc61e6bcf5601b4f4b7e3', 'Presentacion', 'weight', 'Settings/Presentation', 1, b'1'),
('6759a380b7e31356e6d768a8463c2990', '830cb979a446c0eed165df0e62e72898', 'Listado de ventas', 'edit', 'Sales/Sales_L', 2, b'1'),
('7cb68c36e943ea408f91049a78daf940', '5d232f281a6276504840ac11313bc537', 'Registro de usuarios', 'user-plus', 'Users/New_user', 1, b'1'),
('8fc10cf5af4584f95d8c14ec743d832f', '693368373acc72527633fb9d1f3718cc', 'Registro de Productos', 'edit', 'Products/new_products', 1, b'1'),
('9c5bf95e1843ace6b8ac2a54251bc882', '5d232f281a6276504840ac11313bc537', 'Listado de Usuarios', 'users', 'Users/List_user', 2, b'1'),
('ab193954b132b314e902159b96b75db0', 'b7e5cc3ba1cbc61e6bcf5601b4f4b7e3', 'Roles', 'briefcase', 'Settings/Roles', 2, b'1'),
('d0c8e59ec15a4455e71ab084b3c5cf23', '693368373acc72527633fb9d1f3718cc', 'Inventario', 'list-alt', 'Products/list_products', 2, b'1');

--
-- Índices para tablas volcadas
--

--
-- Indices de la tabla `auth`
--
ALTER TABLE `auth`
  ADD PRIMARY KEY (`codigo_usuario`);

--
-- Indices de la tabla `categoria`
--
ALTER TABLE `categoria`
  ADD PRIMARY KEY (`codigo_categoria`);

--
-- Indices de la tabla `cliente`
--
ALTER TABLE `cliente`
  ADD PRIMARY KEY (`codigo_cliente`);

--
-- Indices de la tabla `compras`
--
ALTER TABLE `compras`
  ADD PRIMARY KEY (`codigo_compra`),
  ADD KEY `codigo_proveedor` (`codigo_proveedor`),
  ADD KEY `codigo_categoria` (`codigo_categoria`),
  ADD KEY `codigo_producto` (`codigo_producto`),
  ADD KEY `codigo_presentacion` (`codigo_presentacion`);

--
-- Indices de la tabla `corte`
--
ALTER TABLE `corte`
  ADD PRIMARY KEY (`codigo_corte`);

--
-- Indices de la tabla `factura`
--
ALTER TABLE `factura`
  ADD PRIMARY KEY (`codigo_factura`);

--
-- Indices de la tabla `funciones`
--
ALTER TABLE `funciones`
  ADD PRIMARY KEY (`codigo_funcion`);

--
-- Indices de la tabla `inventario`
--
ALTER TABLE `inventario`
  ADD PRIMARY KEY (`codigo_inventario`),
  ADD KEY `codigo_categoria` (`codigo_categoria`),
  ADD KEY `codigo_producto` (`codigo_producto`),
  ADD KEY `codigo_presentacion` (`codigo_presentacion`);

--
-- Indices de la tabla `presentacion`
--
ALTER TABLE `presentacion`
  ADD PRIMARY KEY (`codigo_presentacion`);

--
-- Indices de la tabla `producto`
--
ALTER TABLE `producto`
  ADD PRIMARY KEY (`codigo_producto`),
  ADD KEY `codigo_categoria` (`codigo_categoria`),
  ADD KEY `codigo_presentacion` (`codigo_presentacion`);

--
-- Indices de la tabla `proveedor`
--
ALTER TABLE `proveedor`
  ADD PRIMARY KEY (`codigo_proveedor`);

--
-- Indices de la tabla `roles`
--
ALTER TABLE `roles`
  ADD PRIMARY KEY (`codigo_rol`);

--
-- Indices de la tabla `subcategoria`
--
ALTER TABLE `subcategoria`
  ADD PRIMARY KEY (`codigo_subcategoria`),
  ADD KEY `codigo_categoria` (`codigo_categoria`);

--
-- Indices de la tabla `sub_funcion`
--
ALTER TABLE `sub_funcion`
  ADD PRIMARY KEY (`codigo_sub`),
  ADD KEY `codigo_funcion` (`codigo_funcion`);

--
-- Restricciones para tablas volcadas
--

--
-- Filtros para la tabla `producto`
--
ALTER TABLE `producto`
  ADD CONSTRAINT `producto_ibfk_1` FOREIGN KEY (`codigo_categoria`) REFERENCES `categoria` (`codigo_categoria`) ON DELETE CASCADE ON UPDATE CASCADE,
  ADD CONSTRAINT `producto_ibfk_2` FOREIGN KEY (`codigo_presentacion`) REFERENCES `presentacion` (`codigo_presentacion`) ON DELETE CASCADE ON UPDATE CASCADE;
COMMIT;

/*!40101 SET CHARACTER_SET_CLIENT=@OLD_CHARACTER_SET_CLIENT */;
/*!40101 SET CHARACTER_SET_RESULTS=@OLD_CHARACTER_SET_RESULTS */;
/*!40101 SET COLLATION_CONNECTION=@OLD_COLLATION_CONNECTION */;
